lib_id,aa_seq,repeats,DMS_presorted_replicate1,DMS_presorted_replicate2,DMS_repressed_sorted_replicate1,DMS_repressed_sorted_replicate2
wt,KPVTLYDVAEYAGVSYQTVSRVVNQASHVSAKTREKVEAAMAELNYIPNRVAQQLAGKQ,1,19509,24373,86691,103928
K2A,APVTLYDVAEYAGVSYQTVSRVVNQASHVSAKTREKVEAAMAELNYIPNRVAQQLAGKQ,1,259,310,92,77
K2C,CPVTLYDVAEYAGVSYQTVSRVVNQASHVSAKTREKVEAAMAELNYIPNRVAQQLAGKQ,1,170,206,415,525
K2D,DPVTLYDVAEYAGVSYQTVSRVVNQASHVSAKTREKVEAAMAELNYIPNRVAQQLAGKQ,1,339,423,99,107
K2E,EPVTLYDVAEYAGVSYQTVSRVVNQASHVSAKTREKVEAAMAELNYIPNRVAQQLAGKQ,1,191,244,42,46
K2F,FPVTLYDVAEYAGVSYQTVSRVVNQASHVSAKTREKVEAAMAELNYIPNRVAQQLAGKQ,1,235,337,248,384
K2G,GPVTLYDVAEYAGVSYQTVSRVVNQASHVSAKTREKVEAAMAELNYIPNRVAQQLAGKQ,1,219,284,35,44
K2H,HPVTLYDVAEYAGVSYQTVSRVVNQASHVSAKTREKVEAAMAELNYIPNRVAQQLAGKQ,1,155,216,259,275
K2I,IPVTLYDVAEYAGVSYQTVSRVVNQASHVSAKTREKVEAAMAELNYIPNRVAQQLAGKQ,1,319,402,60,96
K2L,LPVTLYDVAEYAGVSYQTVSRVVNQASHVSAKTREKVEAAMAELNYIPNRVAQQLAGKQ,1,122,170,25,23
K2M,MPVTLYDVAEYAGVSYQTVSRVVNQASHVSAKTREKVEAAMAELNYIPNRVAQQLAGKQ,1,337,423,66,39
K2N,NPVTLYDVAEYAGVSYQTVSRVVNQASHVSAKTREKVEAAMAELNYIPNRVAQQLAGKQ,1,162,249,399,361
K2P,PPVTLYDVAEYAGVSYQTVSRVVNQASHVSAKTREKVEAAMAELNYIPNRVAQQLAGKQ,1,19,26,9,4
K2Q,QPVTLYDVAEYAGVSYQTVSRVVNQASHVSAKTREKVEAAMAELNYIPNRVAQQLAGKQ,1,199,222,78,74
K2R,RPVTLYDVAEYAGVSYQTVSRVVNQASHVSAKTREKVEAAMAELNYIPNRVAQQLAGKQ,1,145,203,41,22
K2S,SPVTLYDVAEYAGVSYQTVSRVVNQASHVSAKTREKVEAAMAELNYIPNRVAQQLAGKQ,1,163,204,192,289
K2T,TPVTLYDVAEYAGVSYQTVSRVVNQASHVSAKTREKVEAAMAELNYIPNRVAQQLAGKQ,1,194,252,380,394
K2V,VPVTLYDVAEYAGVSYQTVSRVVNQASHVSAKTREKVEAAMAELNYIPNRVAQQLAGKQ,1,237,307,218,276
K2W,WPVTLYDVAEYAGVSYQTVSRVVNQASHVSAKTREKVEAAMAELNYIPNRVAQQLAGKQ,1,135,191,191,193
K2Y,YPVTLYDVAEYAGVSYQTVSRVVNQASHVSAKTREKVEAAMAELNYIPNRVAQQLAGKQ,1,425,510,1571,2038
P3A,KAVTLYDVAEYAGVSYQTVSRVVNQASHVSAKTREKVEAAMAELNYIPNRVAQQLAGKQ,1,370,464,2052,2563
P3C,KCVTLYDVAEYAGVSYQTVSRVVNQASHVSAKTREKVEAAMAELNYIPNRVAQQLAGKQ,1,486,645,2858,3169
P3D,KDVTLYDVAEYAGVSYQTVSRVVNQASHVSAKTREKVEAAMAELNYIPNRVAQQLAGKQ,1,438,606,1982,2402
P3E,KEVTLYDVAEYAGVSYQTVSRVVNQASHVSAKTREKVEAAMAELNYIPNRVAQQLAGKQ,1,431,541,1062,1385
P3F,KFVTLYDVAEYAGVSYQTVSRVVNQASHVSAKTREKVEAAMAELNYIPNRVAQQLAGKQ,1,165,255,386,489
P3G,KGVTLYDVAEYAGVSYQTVSRVVNQASHVSAKTREKVEAAMAELNYIPNRVAQQLAGKQ,1,342,437,1958,2643
P3H,KHVTLYDVAEYAGVSYQTVSRVVNQASHVSAKTREKVEAAMAELNYIPNRVAQQLAGKQ,1,352,448,1767,2133
P3I,KIVTLYDVAEYAGVSYQTVSRVVNQASHVSAKTREKVEAAMAELNYIPNRVAQQLAGKQ,1,340,432,1732,2400
P3K,KKVTLYDVAEYAGVSYQTVSRVVNQASHVSAKTREKVEAAMAELNYIPNRVAQQLAGKQ,1,274,358,942,1299
P3L,KLVTLYDVAEYAGVSYQTVSRVVNQASHVSAKTREKVEAAMAELNYIPNRVAQQLAGKQ,1,317,446,2009,2193
P3M,KMVTLYDVAEYAGVSYQTVSRVVNQASHVSAKTREKVEAAMAELNYIPNRVAQQLAGKQ,1,393,527,2027,2600
P3N,KNVTLYDVAEYAGVSYQTVSRVVNQASHVSAKTREKVEAAMAELNYIPNRVAQQLAGKQ,1,469,624,2823,3596
P3Q,KQVTLYDVAEYAGVSYQTVSRVVNQASHVSAKTREKVEAAMAELNYIPNRVAQQLAGKQ,1,310,388,1474,2236
P3R,KRVTLYDVAEYAGVSYQTVSRVVNQASHVSAKTREKVEAAMAELNYIPNRVAQQLAGKQ,1,398,553,2442,2693
P3S,KSVTLYDVAEYAGVSYQTVSRVVNQASHVSAKTREKVEAAMAELNYIPNRVAQQLAGKQ,1,549,656,2632,3695
P3T,KTVTLYDVAEYAGVSYQTVSRVVNQASHVSAKTREKVEAAMAELNYIPNRVAQQLAGKQ,1,482,638,2410,3231
P3V,KVVTLYDVAEYAGVSYQTVSRVVNQASHVSAKTREKVEAAMAELNYIPNRVAQQLAGKQ,1,509,674,1151,1413
P3W,KWVTLYDVAEYAGVSYQTVSRVVNQASHVSAKTREKVEAAMAELNYIPNRVAQQLAGKQ,1,359,464,2125,2890
P3Y,KYVTLYDVAEYAGVSYQTVSRVVNQASHVSAKTREKVEAAMAELNYIPNRVAQQLAGKQ,1,181,226,452,555
V4A,KPATLYDVAEYAGVSYQTVSRVVNQASHVSAKTREKVEAAMAELNYIPNRVAQQLAGKQ,1,294,468,1749,2269
V4C,KPCTLYDVAEYAGVSYQTVSRVVNQASHVSAKTREKVEAAMAELNYIPNRVAQQLAGKQ,1,472,600,2673,3127
V4D,KPDTLYDVAEYAGVSYQTVSRVVNQASHVSAKTREKVEAAMAELNYIPNRVAQQLAGKQ,1,226,277,12,11
V4E,KPETLYDVAEYAGVSYQTVSRVVNQASHVSAKTREKVEAAMAELNYIPNRVAQQLAGKQ,1,299,385,31,32
V4F,KPFTLYDVAEYAGVSYQTVSRVVNQASHVSAKTREKVEAAMAELNYIPNRVAQQLAGKQ,1,388,490,1998,2786
V4G,KPGTLYDVAEYAGVSYQTVSRVVNQASHVSAKTREKVEAAMAELNYIPNRVAQQLAGKQ,1,206,296,29,41
V4H,KPHTLYDVAEYAGVSYQTVSRVVNQASHVSAKTREKVEAAMAELNYIPNRVAQQLAGKQ,1,304,406,1506,1865
V4I,KPITLYDVAEYAGVSYQTVSRVVNQASHVSAKTREKVEAAMAELNYIPNRVAQQLAGKQ,1,300,409,1674,2048
V4K,KPKTLYDVAEYAGVSYQTVSRVVNQASHVSAKTREKVEAAMAELNYIPNRVAQQLAGKQ,1,314,353,1402,1624
V4L,KPLTLYDVAEYAGVSYQTVSRVVNQASHVSAKTREKVEAAMAELNYIPNRVAQQLAGKQ,1,329,453,1305,1623
V4M,KPMTLYDVAEYAGVSYQTVSRVVNQASHVSAKTREKVEAAMAELNYIPNRVAQQLAGKQ,1,374,479,1922,2266
V4N,KPNTLYDVAEYAGVSYQTVSRVVNQASHVSAKTREKVEAAMAELNYIPNRVAQQLAGKQ,1,359,494,1574,1839
V4P,KPPTLYDVAEYAGVSYQTVSRVVNQASHVSAKTREKVEAAMAELNYIPNRVAQQLAGKQ,1,455,575,2749,2988
V4Q,KPQTLYDVAEYAGVSYQTVSRVVNQASHVSAKTREKVEAAMAELNYIPNRVAQQLAGKQ,1,320,378,296,369
V4R,KPRTLYDVAEYAGVSYQTVSRVVNQASHVSAKTREKVEAAMAELNYIPNRVAQQLAGKQ,1,338,432,2319,2512
V4S,KPSTLYDVAEYAGVSYQTVSRVVNQASHVSAKTREKVEAAMAELNYIPNRVAQQLAGKQ,1,346,511,1674,1952
V4T,KPTTLYDVAEYAGVSYQTVSRVVNQASHVSAKTREKVEAAMAELNYIPNRVAQQLAGKQ,1,367,563,2483,2703
V4W,KPWTLYDVAEYAGVSYQTVSRVVNQASHVSAKTREKVEAAMAELNYIPNRVAQQLAGKQ,1,292,364,867,1259
V4Y,KPYTLYDVAEYAGVSYQTVSRVVNQASHVSAKTREKVEAAMAELNYIPNRVAQQLAGKQ,1,274,350,1989,2509
T5A,KPVALYDVAEYAGVSYQTVSRVVNQASHVSAKTREKVEAAMAELNYIPNRVAQQLAGKQ,1,238,300,12,21
T5C,KPVCLYDVAEYAGVSYQTVSRVVNQASHVSAKTREKVEAAMAELNYIPNRVAQQLAGKQ,1,274,316,7,17
T5D,KPVDLYDVAEYAGVSYQTVSRVVNQASHVSAKTREKVEAAMAELNYIPNRVAQQLAGKQ,1,348,409,8,14
T5E,KPVELYDVAEYAGVSYQTVSRVVNQASHVSAKTREKVEAAMAELNYIPNRVAQQLAGKQ,1,274,410,10,7
T5F,KPVFLYDVAEYAGVSYQTVSRVVNQASHVSAKTREKVEAAMAELNYIPNRVAQQLAGKQ,1,314,390,11,7
T5G,KPVGLYDVAEYAGVSYQTVSRVVNQASHVSAKTREKVEAAMAELNYIPNRVAQQLAGKQ,1,302,412,10,19
T5H,KPVHLYDVAEYAGVSYQTVSRVVNQASHVSAKTREKVEAAMAELNYIPNRVAQQLAGKQ,1,227,284,5,12
T5I,KPVILYDVAEYAGVSYQTVSRVVNQASHVSAKTREKVEAAMAELNYIPNRVAQQLAGKQ,1,227,315,6,3
T5K,KPVKLYDVAEYAGVSYQTVSRVVNQASHVSAKTREKVEAAMAELNYIPNRVAQQLAGKQ,1,154,219,5,19
T5L,KPVLLYDVAEYAGVSYQTVSRVVNQASHVSAKTREKVEAAMAELNYIPNRVAQQLAGKQ,1,233,283,7,6
T5M,KPVMLYDVAEYAGVSYQTVSRVVNQASHVSAKTREKVEAAMAELNYIPNRVAQQLAGKQ,1,146,207,17,18
T5N,KPVNLYDVAEYAGVSYQTVSRVVNQASHVSAKTREKVEAAMAELNYIPNRVAQQLAGKQ,1,295,387,508,683
T5P,KPVPLYDVAEYAGVSYQTVSRVVNQASHVSAKTREKVEAAMAELNYIPNRVAQQLAGKQ,1,203,220,20,13
T5Q,KPVQLYDVAEYAGVSYQTVSRVVNQASHVSAKTREKVEAAMAELNYIPNRVAQQLAGKQ,1,197,208,3,15
T5R,KPVRLYDVAEYAGVSYQTVSRVVNQASHVSAKTREKVEAAMAELNYIPNRVAQQLAGKQ,1,368,514,407,625
T5S,KPVSLYDVAEYAGVSYQTVSRVVNQASHVSAKTREKVEAAMAELNYIPNRVAQQLAGKQ,1,269,385,129,160
T5V,KPVVLYDVAEYAGVSYQTVSRVVNQASHVSAKTREKVEAAMAELNYIPNRVAQQLAGKQ,1,204,258,3,13
T5W,KPVWLYDVAEYAGVSYQTVSRVVNQASHVSAKTREKVEAAMAELNYIPNRVAQQLAGKQ,1,260,390,4,7
T5Y,KPVYLYDVAEYAGVSYQTVSRVVNQASHVSAKTREKVEAAMAELNYIPNRVAQQLAGKQ,1,243,305,13,6
L6A,KPVTAYDVAEYAGVSYQTVSRVVNQASHVSAKTREKVEAAMAELNYIPNRVAQQLAGKQ,1,284,373,302,428
L6C,KPVTCYDVAEYAGVSYQTVSRVVNQASHVSAKTREKVEAAMAELNYIPNRVAQQLAGKQ,1,285,347,1273,1392
L6D,KPVTDYDVAEYAGVSYQTVSRVVNQASHVSAKTREKVEAAMAELNYIPNRVAQQLAGKQ,1,236,292,8,12
L6E,KPVTEYDVAEYAGVSYQTVSRVVNQASHVSAKTREKVEAAMAELNYIPNRVAQQLAGKQ,1,216,300,3,9
L6F,KPVTFYDVAEYAGVSYQTVSRVVNQASHVSAKTREKVEAAMAELNYIPNRVAQQLAGKQ,1,199,299,914,1268
L6G,KPVTGYDVAEYAGVSYQTVSRVVNQASHVSAKTREKVEAAMAELNYIPNRVAQQLAGKQ,1,235,298,10,5
L6H,KPVTHYDVAEYAGVSYQTVSRVVNQASHVSAKTREKVEAAMAELNYIPNRVAQQLAGKQ,1,171,203,4,5
L6I,KPVTIYDVAEYAGVSYQTVSRVVNQASHVSAKTREKVEAAMAELNYIPNRVAQQLAGKQ,1,319,425,1823,2052
L6K,KPVTKYDVAEYAGVSYQTVSRVVNQASHVSAKTREKVEAAMAELNYIPNRVAQQLAGKQ,1,330,453,15,8
L6M,KPVTMYDVAEYAGVSYQTVSRVVNQASHVSAKTREKVEAAMAELNYIPNRVAQQLAGKQ,1,408,501,2715,3146
L6N,KPVTNYDVAEYAGVSYQTVSRVVNQASHVSAKTREKVEAAMAELNYIPNRVAQQLAGKQ,1,289,364,11,15
L6P,KPVTPYDVAEYAGVSYQTVSRVVNQASHVSAKTREKVEAAMAELNYIPNRVAQQLAGKQ,1,193,219,10,14
L6Q,KPVTQYDVAEYAGVSYQTVSRVVNQASHVSAKTREKVEAAMAELNYIPNRVAQQLAGKQ,1,261,336,1449,1793
L6R,KPVTRYDVAEYAGVSYQTVSRVVNQASHVSAKTREKVEAAMAELNYIPNRVAQQLAGKQ,1,264,306,10,11
L6S,KPVTSYDVAEYAGVSYQTVSRVVNQASHVSAKTREKVEAAMAELNYIPNRVAQQLAGKQ,1,280,351,846,1057
L6T,KPVTTYDVAEYAGVSYQTVSRVVNQASHVSAKTREKVEAAMAELNYIPNRVAQQLAGKQ,1,325,448,71,88
L6V,KPVTVYDVAEYAGVSYQTVSRVVNQASHVSAKTREKVEAAMAELNYIPNRVAQQLAGKQ,1,197,255,26,45
L6W,KPVTWYDVAEYAGVSYQTVSRVVNQASHVSAKTREKVEAAMAELNYIPNRVAQQLAGKQ,1,152,217,10,14
L6Y,KPVTYYDVAEYAGVSYQTVSRVVNQASHVSAKTREKVEAAMAELNYIPNRVAQQLAGKQ,1,436,601,1388,2023
Y7A,KPVTLADVAEYAGVSYQTVSRVVNQASHVSAKTREKVEAAMAELNYIPNRVAQQLAGKQ,1,263,322,100,139
Y7C,KPVTLCDVAEYAGVSYQTVSRVVNQASHVSAKTREKVEAAMAELNYIPNRVAQQLAGKQ,1,274,362,334,372
Y7D,KPVTLDDVAEYAGVSYQTVSRVVNQASHVSAKTREKVEAAMAELNYIPNRVAQQLAGKQ,1,184,271,51,60
Y7E,KPVTLEDVAEYAGVSYQTVSRVVNQASHVSAKTREKVEAAMAELNYIPNRVAQQLAGKQ,1,307,384,31,36
Y7F,KPVTLFDVAEYAGVSYQTVSRVVNQASHVSAKTREKVEAAMAELNYIPNRVAQQLAGKQ,1,335,393,151,206
Y7G,KPVTLGDVAEYAGVSYQTVSRVVNQASHVSAKTREKVEAAMAELNYIPNRVAQQLAGKQ,1,256,358,18,19
Y7H,KPVTLHDVAEYAGVSYQTVSRVVNQASHVSAKTREKVEAAMAELNYIPNRVAQQLAGKQ,1,229,313,179,222
Y7I,KPVTLIDVAEYAGVSYQTVSRVVNQASHVSAKTREKVEAAMAELNYIPNRVAQQLAGKQ,1,254,302,33,41
Y7K,KPVTLKDVAEYAGVSYQTVSRVVNQASHVSAKTREKVEAAMAELNYIPNRVAQQLAGKQ,1,364,448,618,935
Y7L,KPVTLLDVAEYAGVSYQTVSRVVNQASHVSAKTREKVEAAMAELNYIPNRVAQQLAGKQ,1,326,412,44,25
Y7M,KPVTLMDVAEYAGVSYQTVSRVVNQASHVSAKTREKVEAAMAELNYIPNRVAQQLAGKQ,1,322,392,215,146
Y7N,KPVTLNDVAEYAGVSYQTVSRVVNQASHVSAKTREKVEAAMAELNYIPNRVAQQLAGKQ,1,315,366,364,466
Y7P,KPVTLPDVAEYAGVSYQTVSRVVNQASHVSAKTREKVEAAMAELNYIPNRVAQQLAGKQ,1,281,305,11,8
Y7Q,KPVTLQDVAEYAGVSYQTVSRVVNQASHVSAKTREKVEAAMAELNYIPNRVAQQLAGKQ,1,224,266,212,256
Y7R,KPVTLRDVAEYAGVSYQTVSRVVNQASHVSAKTREKVEAAMAELNYIPNRVAQQLAGKQ,1,234,259,393,468
Y7S,KPVTLSDVAEYAGVSYQTVSRVVNQASHVSAKTREKVEAAMAELNYIPNRVAQQLAGKQ,1,219,263,70,11
Y7T,KPVTLTDVAEYAGVSYQTVSRVVNQASHVSAKTREKVEAAMAELNYIPNRVAQQLAGKQ,1,266,327,108,158
Y7V,KPVTLVDVAEYAGVSYQTVSRVVNQASHVSAKTREKVEAAMAELNYIPNRVAQQLAGKQ,1,398,532,385,489
Y7W,KPVTLWDVAEYAGVSYQTVSRVVNQASHVSAKTREKVEAAMAELNYIPNRVAQQLAGKQ,1,218,287,7,8
D8A,KPVTLYAVAEYAGVSYQTVSRVVNQASHVSAKTREKVEAAMAELNYIPNRVAQQLAGKQ,1,240,351,537,605
D8C,KPVTLYCVAEYAGVSYQTVSRVVNQASHVSAKTREKVEAAMAELNYIPNRVAQQLAGKQ,1,286,364,15,11
D8E,KPVTLYEVAEYAGVSYQTVSRVVNQASHVSAKTREKVEAAMAELNYIPNRVAQQLAGKQ,1,255,335,1405,1552
D8F,KPVTLYFVAEYAGVSYQTVSRVVNQASHVSAKTREKVEAAMAELNYIPNRVAQQLAGKQ,1,303,329,7,10
D8G,KPVTLYGVAEYAGVSYQTVSRVVNQASHVSAKTREKVEAAMAELNYIPNRVAQQLAGKQ,1,269,322,536,634
D8H,KPVTLYHVAEYAGVSYQTVSRVVNQASHVSAKTREKVEAAMAELNYIPNRVAQQLAGKQ,1,324,445,1680,2349
D8I,KPVTLYIVAEYAGVSYQTVSRVVNQASHVSAKTREKVEAAMAELNYIPNRVAQQLAGKQ,1,269,356,36,40
D8K,KPVTLYKVAEYAGVSYQTVSRVVNQASHVSAKTREKVEAAMAELNYIPNRVAQQLAGKQ,1,326,396,1140,1490
D8L,KPVTLYLVAEYAGVSYQTVSRVVNQASHVSAKTREKVEAAMAELNYIPNRVAQQLAGKQ,1,325,400,12,23
D8M,KPVTLYMVAEYAGVSYQTVSRVVNQASHVSAKTREKVEAAMAELNYIPNRVAQQLAGKQ,1,465,604,515,637
D8N,KPVTLYNVAEYAGVSYQTVSRVVNQASHVSAKTREKVEAAMAELNYIPNRVAQQLAGKQ,1,309,394,1340,2005
D8P,KPVTLYPVAEYAGVSYQTVSRVVNQASHVSAKTREKVEAAMAELNYIPNRVAQQLAGKQ,1,247,312,3,15
D8Q,KPVTLYQVAEYAGVSYQTVSRVVNQASHVSAKTREKVEAAMAELNYIPNRVAQQLAGKQ,1,420,635,2535,2888
D8R,KPVTLYRVAEYAGVSYQTVSRVVNQASHVSAKTREKVEAAMAELNYIPNRVAQQLAGKQ,1,295,393,920,798
D8S,KPVTLYSVAEYAGVSYQTVSRVVNQASHVSAKTREKVEAAMAELNYIPNRVAQQLAGKQ,1,281,345,481,611
D8T,KPVTLYTVAEYAGVSYQTVSRVVNQASHVSAKTREKVEAAMAELNYIPNRVAQQLAGKQ,1,343,470,2050,2342
D8V,KPVTLYVVAEYAGVSYQTVSRVVNQASHVSAKTREKVEAAMAELNYIPNRVAQQLAGKQ,1,277,391,30,29
D8W,KPVTLYWVAEYAGVSYQTVSRVVNQASHVSAKTREKVEAAMAELNYIPNRVAQQLAGKQ,1,201,250,3,8
D8Y,KPVTLYYVAEYAGVSYQTVSRVVNQASHVSAKTREKVEAAMAELNYIPNRVAQQLAGKQ,1,303,395,42,74
V9A,KPVTLYDAAEYAGVSYQTVSRVVNQASHVSAKTREKVEAAMAELNYIPNRVAQQLAGKQ,1,169,221,23,37
V9C,KPVTLYDCAEYAGVSYQTVSRVVNQASHVSAKTREKVEAAMAELNYIPNRVAQQLAGKQ,1,232,318,16,12
V9D,KPVTLYDDAEYAGVSYQTVSRVVNQASHVSAKTREKVEAAMAELNYIPNRVAQQLAGKQ,1,236,339,17,29
V9E,KPVTLYDEAEYAGVSYQTVSRVVNQASHVSAKTREKVEAAMAELNYIPNRVAQQLAGKQ,1,237,289,13,22
V9F,KPVTLYDFAEYAGVSYQTVSRVVNQASHVSAKTREKVEAAMAELNYIPNRVAQQLAGKQ,1,260,326,18,17
V9G,KPVTLYDGAEYAGVSYQTVSRVVNQASHVSAKTREKVEAAMAELNYIPNRVAQQLAGKQ,1,190,235,7,26
V9H,KPVTLYDHAEYAGVSYQTVSRVVNQASHVSAKTREKVEAAMAELNYIPNRVAQQLAGKQ,1,202,247,5,5
V9I,KPVTLYDIAEYAGVSYQTVSRVVNQASHVSAKTREKVEAAMAELNYIPNRVAQQLAGKQ,1,353,393,1584,2213
V9K,KPVTLYDKAEYAGVSYQTVSRVVNQASHVSAKTREKVEAAMAELNYIPNRVAQQLAGKQ,1,124,189,2,5
V9L,KPVTLYDLAEYAGVSYQTVSRVVNQASHVSAKTREKVEAAMAELNYIPNRVAQQLAGKQ,1,316,395,68,40
V9M,KPVTLYDMAEYAGVSYQTVSRVVNQASHVSAKTREKVEAAMAELNYIPNRVAQQLAGKQ,1,198,258,2,7
V9N,KPVTLYDNAEYAGVSYQTVSRVVNQASHVSAKTREKVEAAMAELNYIPNRVAQQLAGKQ,1,212,227,5,4
V9P,KPVTLYDPAEYAGVSYQTVSRVVNQASHVSAKTREKVEAAMAELNYIPNRVAQQLAGKQ,1,304,355,14,9
V9Q,KPVTLYDQAEYAGVSYQTVSRVVNQASHVSAKTREKVEAAMAELNYIPNRVAQQLAGKQ,1,235,298,9,4
V9R,KPVTLYDRAEYAGVSYQTVSRVVNQASHVSAKTREKVEAAMAELNYIPNRVAQQLAGKQ,1,266,328,10,3
V9S,KPVTLYDSAEYAGVSYQTVSRVVNQASHVSAKTREKVEAAMAELNYIPNRVAQQLAGKQ,1,199,279,5,10
V9T,KPVTLYDTAEYAGVSYQTVSRVVNQASHVSAKTREKVEAAMAELNYIPNRVAQQLAGKQ,1,191,242,5,12
V9W,KPVTLYDWAEYAGVSYQTVSRVVNQASHVSAKTREKVEAAMAELNYIPNRVAQQLAGKQ,1,234,330,13,18
V9Y,KPVTLYDYAEYAGVSYQTVSRVVNQASHVSAKTREKVEAAMAELNYIPNRVAQQLAGKQ,1,153,181,0,1
A10C,KPVTLYDVCEYAGVSYQTVSRVVNQASHVSAKTREKVEAAMAELNYIPNRVAQQLAGKQ,1,265,346,19,15
A10D,KPVTLYDVDEYAGVSYQTVSRVVNQASHVSAKTREKVEAAMAELNYIPNRVAQQLAGKQ,1,195,269,14,6
A10E,KPVTLYDVEEYAGVSYQTVSRVVNQASHVSAKTREKVEAAMAELNYIPNRVAQQLAGKQ,1,333,383,18,17
A10F,KPVTLYDVFEYAGVSYQTVSRVVNQASHVSAKTREKVEAAMAELNYIPNRVAQQLAGKQ,1,450,568,23,14
A10G,KPVTLYDVGEYAGVSYQTVSRVVNQASHVSAKTREKVEAAMAELNYIPNRVAQQLAGKQ,1,293,349,654,853
A10H,KPVTLYDVHEYAGVSYQTVSRVVNQASHVSAKTREKVEAAMAELNYIPNRVAQQLAGKQ,1,200,287,14,9
A10I,KPVTLYDVIEYAGVSYQTVSRVVNQASHVSAKTREKVEAAMAELNYIPNRVAQQLAGKQ,1,202,256,4,7
A10K,KPVTLYDVKEYAGVSYQTVSRVVNQASHVSAKTREKVEAAMAELNYIPNRVAQQLAGKQ,1,208,285,3,8
A10L,KPVTLYDVLEYAGVSYQTVSRVVNQASHVSAKTREKVEAAMAELNYIPNRVAQQLAGKQ,1,179,237,5,2
A10M,KPVTLYDVMEYAGVSYQTVSRVVNQASHVSAKTREKVEAAMAELNYIPNRVAQQLAGKQ,1,264,339,4,13
A10N,KPVTLYDVNEYAGVSYQTVSRVVNQASHVSAKTREKVEAAMAELNYIPNRVAQQLAGKQ,1,280,339,12,10
A10P,KPVTLYDVPEYAGVSYQTVSRVVNQASHVSAKTREKVEAAMAELNYIPNRVAQQLAGKQ,1,248,341,20,13
A10Q,KPVTLYDVQEYAGVSYQTVSRVVNQASHVSAKTREKVEAAMAELNYIPNRVAQQLAGKQ,1,350,428,9,9
A10R,KPVTLYDVREYAGVSYQTVSRVVNQASHVSAKTREKVEAAMAELNYIPNRVAQQLAGKQ,1,214,307,17,20
A10S,KPVTLYDVSEYAGVSYQTVSRVVNQASHVSAKTREKVEAAMAELNYIPNRVAQQLAGKQ,1,289,398,240,343
A10T,KPVTLYDVTEYAGVSYQTVSRVVNQASHVSAKTREKVEAAMAELNYIPNRVAQQLAGKQ,1,243,278,99,95
A10V,KPVTLYDVVEYAGVSYQTVSRVVNQASHVSAKTREKVEAAMAELNYIPNRVAQQLAGKQ,1,247,348,19,17
A10W,KPVTLYDVWEYAGVSYQTVSRVVNQASHVSAKTREKVEAAMAELNYIPNRVAQQLAGKQ,1,262,345,11,13
A10Y,KPVTLYDVYEYAGVSYQTVSRVVNQASHVSAKTREKVEAAMAELNYIPNRVAQQLAGKQ,1,240,281,9,6
E11A,KPVTLYDVAAYAGVSYQTVSRVVNQASHVSAKTREKVEAAMAELNYIPNRVAQQLAGKQ,1,292,372,2255,2617
E11C,KPVTLYDVACYAGVSYQTVSRVVNQASHVSAKTREKVEAAMAELNYIPNRVAQQLAGKQ,1,378,504,2366,2878
E11D,KPVTLYDVADYAGVSYQTVSRVVNQASHVSAKTREKVEAAMAELNYIPNRVAQQLAGKQ,1,261,337,1597,1801
E11F,KPVTLYDVAFYAGVSYQTVSRVVNQASHVSAKTREKVEAAMAELNYIPNRVAQQLAGKQ,1,220,304,1279,1391
E11G,KPVTLYDVAGYAGVSYQTVSRVVNQASHVSAKTREKVEAAMAELNYIPNRVAQQLAGKQ,1,242,349,1725,2076
E11H,KPVTLYDVAHYAGVSYQTVSRVVNQASHVSAKTREKVEAAMAELNYIPNRVAQQLAGKQ,1,260,305,1493,1832
E11I,KPVTLYDVAIYAGVSYQTVSRVVNQASHVSAKTREKVEAAMAELNYIPNRVAQQLAGKQ,1,330,423,1788,2167
E11K,KPVTLYDVAKYAGVSYQTVSRVVNQASHVSAKTREKVEAAMAELNYIPNRVAQQLAGKQ,1,247,312,1510,1596
E11L,KPVTLYDVALYAGVSYQTVSRVVNQASHVSAKTREKVEAAMAELNYIPNRVAQQLAGKQ,1,287,359,1770,1865
E11M,KPVTLYDVAMYAGVSYQTVSRVVNQASHVSAKTREKVEAAMAELNYIPNRVAQQLAGKQ,1,222,289,1510,1737
E11N,KPVTLYDVANYAGVSYQTVSRVVNQASHVSAKTREKVEAAMAELNYIPNRVAQQLAGKQ,1,299,431,2015,2165
E11P,KPVTLYDVAPYAGVSYQTVSRVVNQASHVSAKTREKVEAAMAELNYIPNRVAQQLAGKQ,1,204,240,3,5
E11Q,KPVTLYDVAQYAGVSYQTVSRVVNQASHVSAKTREKVEAAMAELNYIPNRVAQQLAGKQ,1,301,394,2227,2594
E11R,KPVTLYDVARYAGVSYQTVSRVVNQASHVSAKTREKVEAAMAELNYIPNRVAQQLAGKQ,1,357,407,1864,2539
E11S,KPVTLYDVASYAGVSYQTVSRVVNQASHVSAKTREKVEAAMAELNYIPNRVAQQLAGKQ,1,371,465,2396,2427
E11T,KPVTLYDVATYAGVSYQTVSRVVNQASHVSAKTREKVEAAMAELNYIPNRVAQQLAGKQ,1,427,519,2140,2568
E11V,KPVTLYDVAVYAGVSYQTVSRVVNQASHVSAKTREKVEAAMAELNYIPNRVAQQLAGKQ,1,366,412,1539,2340
E11W,KPVTLYDVAWYAGVSYQTVSRVVNQASHVSAKTREKVEAAMAELNYIPNRVAQQLAGKQ,1,275,335,45,30
E11Y,KPVTLYDVAYYAGVSYQTVSRVVNQASHVSAKTREKVEAAMAELNYIPNRVAQQLAGKQ,1,427,480,2522,2781
Y12A,KPVTLYDVAEAAGVSYQTVSRVVNQASHVSAKTREKVEAAMAELNYIPNRVAQQLAGKQ,1,258,347,1550,1851
Y12C,KPVTLYDVAECAGVSYQTVSRVVNQASHVSAKTREKVEAAMAELNYIPNRVAQQLAGKQ,1,253,320,1579,1957
Y12D,KPVTLYDVAEDAGVSYQTVSRVVNQASHVSAKTREKVEAAMAELNYIPNRVAQQLAGKQ,1,274,358,29,44
Y12E,KPVTLYDVAEEAGVSYQTVSRVVNQASHVSAKTREKVEAAMAELNYIPNRVAQQLAGKQ,1,309,394,1723,1928
Y12F,KPVTLYDVAEFAGVSYQTVSRVVNQASHVSAKTREKVEAAMAELNYIPNRVAQQLAGKQ,1,336,492,2009,2785
Y12G,KPVTLYDVAEGAGVSYQTVSRVVNQASHVSAKTREKVEAAMAELNYIPNRVAQQLAGKQ,1,195,270,25,33
Y12H,KPVTLYDVAEHAGVSYQTVSRVVNQASHVSAKTREKVEAAMAELNYIPNRVAQQLAGKQ,1,336,433,2261,2744
Y12I,KPVTLYDVAEIAGVSYQTVSRVVNQASHVSAKTREKVEAAMAELNYIPNRVAQQLAGKQ,1,358,470,2336,2756
Y12K,KPVTLYDVAEKAGVSYQTVSRVVNQASHVSAKTREKVEAAMAELNYIPNRVAQQLAGKQ,1,428,580,2801,3032
Y12L,KPVTLYDVAELAGVSYQTVSRVVNQASHVSAKTREKVEAAMAELNYIPNRVAQQLAGKQ,1,247,291,1545,1528
Y12M,KPVTLYDVAEMAGVSYQTVSRVVNQASHVSAKTREKVEAAMAELNYIPNRVAQQLAGKQ,1,292,418,1793,2017
Y12N,KPVTLYDVAENAGVSYQTVSRVVNQASHVSAKTREKVEAAMAELNYIPNRVAQQLAGKQ,1,279,378,1520,1971
Y12P,KPVTLYDVAEPAGVSYQTVSRVVNQASHVSAKTREKVEAAMAELNYIPNRVAQQLAGKQ,1,227,222,12,10
Y12Q,KPVTLYDVAEQAGVSYQTVSRVVNQASHVSAKTREKVEAAMAELNYIPNRVAQQLAGKQ,1,268,348,1638,1859
Y12R,KPVTLYDVAERAGVSYQTVSRVVNQASHVSAKTREKVEAAMAELNYIPNRVAQQLAGKQ,1,339,443,1946,2424
Y12S,KPVTLYDVAESAGVSYQTVSRVVNQASHVSAKTREKVEAAMAELNYIPNRVAQQLAGKQ,1,373,468,2176,2641
Y12T,KPVTLYDVAETAGVSYQTVSRVVNQASHVSAKTREKVEAAMAELNYIPNRVAQQLAGKQ,1,233,274,1491,1408
Y12V,KPVTLYDVAEVAGVSYQTVSRVVNQASHVSAKTREKVEAAMAELNYIPNRVAQQLAGKQ,1,408,581,2138,2721
Y12W,KPVTLYDVAEWAGVSYQTVSRVVNQASHVSAKTREKVEAAMAELNYIPNRVAQQLAGKQ,1,401,527,2022,2901
A13C,KPVTLYDVAEYCGVSYQTVSRVVNQASHVSAKTREKVEAAMAELNYIPNRVAQQLAGKQ,1,306,439,1950,2167
A13D,KPVTLYDVAEYDGVSYQTVSRVVNQASHVSAKTREKVEAAMAELNYIPNRVAQQLAGKQ,1,261,300,19,33
A13E,KPVTLYDVAEYEGVSYQTVSRVVNQASHVSAKTREKVEAAMAELNYIPNRVAQQLAGKQ,1,180,218,8,8
A13F,KPVTLYDVAEYFGVSYQTVSRVVNQASHVSAKTREKVEAAMAELNYIPNRVAQQLAGKQ,1,383,441,2,19
A13G,KPVTLYDVAEYGGVSYQTVSRVVNQASHVSAKTREKVEAAMAELNYIPNRVAQQLAGKQ,1,228,283,12,22
A13H,KPVTLYDVAEYHGVSYQTVSRVVNQASHVSAKTREKVEAAMAELNYIPNRVAQQLAGKQ,1,342,445,22,25
A13I,KPVTLYDVAEYIGVSYQTVSRVVNQASHVSAKTREKVEAAMAELNYIPNRVAQQLAGKQ,1,394,527,387,376
A13K,KPVTLYDVAEYKGVSYQTVSRVVNQASHVSAKTREKVEAAMAELNYIPNRVAQQLAGKQ,1,242,310,6,9
A13L,KPVTLYDVAEYLGVSYQTVSRVVNQASHVSAKTREKVEAAMAELNYIPNRVAQQLAGKQ,1,333,421,53,37
A13M,KPVTLYDVAEYMGVSYQTVSRVVNQASHVSAKTREKVEAAMAELNYIPNRVAQQLAGKQ,1,210,279,5,9
A13N,KPVTLYDVAEYNGVSYQTVSRVVNQASHVSAKTREKVEAAMAELNYIPNRVAQQLAGKQ,1,276,400,16,10
A13P,KPVTLYDVAEYPGVSYQTVSRVVNQASHVSAKTREKVEAAMAELNYIPNRVAQQLAGKQ,1,203,243,14,14
A13Q,KPVTLYDVAEYQGVSYQTVSRVVNQASHVSAKTREKVEAAMAELNYIPNRVAQQLAGKQ,1,308,407,7,12
A13R,KPVTLYDVAEYRGVSYQTVSRVVNQASHVSAKTREKVEAAMAELNYIPNRVAQQLAGKQ,1,283,326,17,17
A13S,KPVTLYDVAEYSGVSYQTVSRVVNQASHVSAKTREKVEAAMAELNYIPNRVAQQLAGKQ,1,338,436,1596,1869
A13T,KPVTLYDVAEYTGVSYQTVSRVVNQASHVSAKTREKVEAAMAELNYIPNRVAQQLAGKQ,1,253,283,1137,1275
A13V,KPVTLYDVAEYVGVSYQTVSRVVNQASHVSAKTREKVEAAMAELNYIPNRVAQQLAGKQ,1,246,316,1255,1655
A13W,KPVTLYDVAEYWGVSYQTVSRVVNQASHVSAKTREKVEAAMAELNYIPNRVAQQLAGKQ,1,284,414,13,15
A13Y,KPVTLYDVAEYYGVSYQTVSRVVNQASHVSAKTREKVEAAMAELNYIPNRVAQQLAGKQ,1,287,347,9,10
G14A,KPVTLYDVAEYAAVSYQTVSRVVNQASHVSAKTREKVEAAMAELNYIPNRVAQQLAGKQ,1,257,370,1234,1539
G14C,KPVTLYDVAEYACVSYQTVSRVVNQASHVSAKTREKVEAAMAELNYIPNRVAQQLAGKQ,1,255,318,1595,1719
G14D,KPVTLYDVAEYADVSYQTVSRVVNQASHVSAKTREKVEAAMAELNYIPNRVAQQLAGKQ,1,231,312,1221,1442
G14E,KPVTLYDVAEYAEVSYQTVSRVVNQASHVSAKTREKVEAAMAELNYIPNRVAQQLAGKQ,1,226,291,1365,1746
G14F,KPVTLYDVAEYAFVSYQTVSRVVNQASHVSAKTREKVEAAMAELNYIPNRVAQQLAGKQ,1,302,385,26,11
G14H,KPVTLYDVAEYAHVSYQTVSRVVNQASHVSAKTREKVEAAMAELNYIPNRVAQQLAGKQ,1,406,529,2273,2661
G14I,KPVTLYDVAEYAIVSYQTVSRVVNQASHVSAKTREKVEAAMAELNYIPNRVAQQLAGKQ,1,154,218,7,4
G14K,KPVTLYDVAEYAKVSYQTVSRVVNQASHVSAKTREKVEAAMAELNYIPNRVAQQLAGKQ,1,333,420,1749,2000
G14L,KPVTLYDVAEYALVSYQTVSRVVNQASHVSAKTREKVEAAMAELNYIPNRVAQQLAGKQ,1,393,473,11,17
G14M,KPVTLYDVAEYAMVSYQTVSRVVNQASHVSAKTREKVEAAMAELNYIPNRVAQQLAGKQ,1,304,430,95,92
G14N,KPVTLYDVAEYANVSYQTVSRVVNQASHVSAKTREKVEAAMAELNYIPNRVAQQLAGKQ,1,276,351,1673,1802
G14P,KPVTLYDVAEYAPVSYQTVSRVVNQASHVSAKTREKVEAAMAELNYIPNRVAQQLAGKQ,1,176,183,11,3
G14Q,KPVTLYDVAEYAQVSYQTVSRVVNQASHVSAKTREKVEAAMAELNYIPNRVAQQLAGKQ,1,379,478,2098,2254
G14R,KPVTLYDVAEYARVSYQTVSRVVNQASHVSAKTREKVEAAMAELNYIPNRVAQQLAGKQ,1,446,467,2399,2656
G14S,KPVTLYDVAEYASVSYQTVSRVVNQASHVSAKTREKVEAAMAELNYIPNRVAQQLAGKQ,1,325,485,1903,1937
G14T,KPVTLYDVAEYATVSYQTVSRVVNQASHVSAKTREKVEAAMAELNYIPNRVAQQLAGKQ,1,360,391,29,34
G14V,KPVTLYDVAEYAVVSYQTVSRVVNQASHVSAKTREKVEAAMAELNYIPNRVAQQLAGKQ,1,143,207,11,9
G14W,KPVTLYDVAEYAWVSYQTVSRVVNQASHVSAKTREKVEAAMAELNYIPNRVAQQLAGKQ,1,252,327,1,9
G14Y,KPVTLYDVAEYAYVSYQTVSRVVNQASHVSAKTREKVEAAMAELNYIPNRVAQQLAGKQ,1,239,307,8,16
V15A,KPVTLYDVAEYAGASYQTVSRVVNQASHVSAKTREKVEAAMAELNYIPNRVAQQLAGKQ,1,226,295,17,26
V15C,KPVTLYDVAEYAGCSYQTVSRVVNQASHVSAKTREKVEAAMAELNYIPNRVAQQLAGKQ,1,346,436,1930,2281
V15D,KPVTLYDVAEYAGDSYQTVSRVVNQASHVSAKTREKVEAAMAELNYIPNRVAQQLAGKQ,1,216,275,12,14
V15E,KPVTLYDVAEYAGESYQTVSRVVNQASHVSAKTREKVEAAMAELNYIPNRVAQQLAGKQ,1,238,239,8,15
V15F,KPVTLYDVAEYAGFSYQTVSRVVNQASHVSAKTREKVEAAMAELNYIPNRVAQQLAGKQ,1,271,324,1069,1458
V15G,KPVTLYDVAEYAGGSYQTVSRVVNQASHVSAKTREKVEAAMAELNYIPNRVAQQLAGKQ,1,117,160,24,9
V15H,KPVTLYDVAEYAGHSYQTVSRVVNQASHVSAKTREKVEAAMAELNYIPNRVAQQLAGKQ,1,166,205,4,10
V15I,KPVTLYDVAEYAGISYQTVSRVVNQASHVSAKTREKVEAAMAELNYIPNRVAQQLAGKQ,1,232,259,39,60
V15K,KPVTLYDVAEYAGKSYQTVSRVVNQASHVSAKTREKVEAAMAELNYIPNRVAQQLAGKQ,1,143,211,4,9
V15L,KPVTLYDVAEYAGLSYQTVSRVVNQASHVSAKTREKVEAAMAELNYIPNRVAQQLAGKQ,1,357,428,126,97
V15M,KPVTLYDVAEYAGMSYQTVSRVVNQASHVSAKTREKVEAAMAELNYIPNRVAQQLAGKQ,1,272,339,19,28
V15N,KPVTLYDVAEYAGNSYQTVSRVVNQASHVSAKTREKVEAAMAELNYIPNRVAQQLAGKQ,1,207,284,5,10
V15P,KPVTLYDVAEYAGPSYQTVSRVVNQASHVSAKTREKVEAAMAELNYIPNRVAQQLAGKQ,1,164,219,1,4
V15Q,KPVTLYDVAEYAGQSYQTVSRVVNQASHVSAKTREKVEAAMAELNYIPNRVAQQLAGKQ,1,167,252,5,7
V15R,KPVTLYDVAEYAGRSYQTVSRVVNQASHVSAKTREKVEAAMAELNYIPNRVAQQLAGKQ,1,234,280,6,7
V15S,KPVTLYDVAEYAGSSYQTVSRVVNQASHVSAKTREKVEAAMAELNYIPNRVAQQLAGKQ,1,234,271,3,15
V15T,KPVTLYDVAEYAGTSYQTVSRVVNQASHVSAKTREKVEAAMAELNYIPNRVAQQLAGKQ,1,359,432,27,37
V15W,KPVTLYDVAEYAGWSYQTVSRVVNQASHVSAKTREKVEAAMAELNYIPNRVAQQLAGKQ,1,164,167,2,4
V15Y,KPVTLYDVAEYAGYSYQTVSRVVNQASHVSAKTREKVEAAMAELNYIPNRVAQQLAGKQ,1,272,359,827,846
S16A,KPVTLYDVAEYAGVAYQTVSRVVNQASHVSAKTREKVEAAMAELNYIPNRVAQQLAGKQ,1,195,310,26,43
S16C,KPVTLYDVAEYAGVCYQTVSRVVNQASHVSAKTREKVEAAMAELNYIPNRVAQQLAGKQ,1,350,438,1547,2189
S16D,KPVTLYDVAEYAGVDYQTVSRVVNQASHVSAKTREKVEAAMAELNYIPNRVAQQLAGKQ,1,402,512,13,14
S16E,KPVTLYDVAEYAGVEYQTVSRVVNQASHVSAKTREKVEAAMAELNYIPNRVAQQLAGKQ,1,229,303,5,9
S16F,KPVTLYDVAEYAGVFYQTVSRVVNQASHVSAKTREKVEAAMAELNYIPNRVAQQLAGKQ,1,273,334,9,15
S16G,KPVTLYDVAEYAGVGYQTVSRVVNQASHVSAKTREKVEAAMAELNYIPNRVAQQLAGKQ,1,172,152,0,4
S16H,KPVTLYDVAEYAGVHYQTVSRVVNQASHVSAKTREKVEAAMAELNYIPNRVAQQLAGKQ,1,139,211,9,7
S16I,KPVTLYDVAEYAGVIYQTVSRVVNQASHVSAKTREKVEAAMAELNYIPNRVAQQLAGKQ,1,270,290,9,4
S16K,KPVTLYDVAEYAGVKYQTVSRVVNQASHVSAKTREKVEAAMAELNYIPNRVAQQLAGKQ,1,279,361,7,12
S16L,KPVTLYDVAEYAGVLYQTVSRVVNQASHVSAKTREKVEAAMAELNYIPNRVAQQLAGKQ,1,216,315,5,3
S16M,KPVTLYDVAEYAGVMYQTVSRVVNQASHVSAKTREKVEAAMAELNYIPNRVAQQLAGKQ,1,236,321,7,11
S16N,KPVTLYDVAEYAGVNYQTVSRVVNQASHVSAKTREKVEAAMAELNYIPNRVAQQLAGKQ,1,270,295,8,7
S16P,KPVTLYDVAEYAGVPYQTVSRVVNQASHVSAKTREKVEAAMAELNYIPNRVAQQLAGKQ,1,178,251,13,21
S16Q,KPVTLYDVAEYAGVQYQTVSRVVNQASHVSAKTREKVEAAMAELNYIPNRVAQQLAGKQ,1,302,356,6,5
S16R,KPVTLYDVAEYAGVRYQTVSRVVNQASHVSAKTREKVEAAMAELNYIPNRVAQQLAGKQ,1,231,299,5,8
S16T,KPVTLYDVAEYAGVTYQTVSRVVNQASHVSAKTREKVEAAMAELNYIPNRVAQQLAGKQ,1,186,253,181,180
S16V,KPVTLYDVAEYAGVVYQTVSRVVNQASHVSAKTREKVEAAMAELNYIPNRVAQQLAGKQ,1,142,202,4,4
S16W,KPVTLYDVAEYAGVWYQTVSRVVNQASHVSAKTREKVEAAMAELNYIPNRVAQQLAGKQ,1,193,293,4,17
S16Y,KPVTLYDVAEYAGVYYQTVSRVVNQASHVSAKTREKVEAAMAELNYIPNRVAQQLAGKQ,1,289,357,6,3
Y17A,KPVTLYDVAEYAGVSAQTVSRVVNQASHVSAKTREKVEAAMAELNYIPNRVAQQLAGKQ,1,279,344,57,38
Y17C,KPVTLYDVAEYAGVSCQTVSRVVNQASHVSAKTREKVEAAMAELNYIPNRVAQQLAGKQ,1,257,312,8,24
Y17D,KPVTLYDVAEYAGVSDQTVSRVVNQASHVSAKTREKVEAAMAELNYIPNRVAQQLAGKQ,1,269,342,7,8
Y17E,KPVTLYDVAEYAGVSEQTVSRVVNQASHVSAKTREKVEAAMAELNYIPNRVAQQLAGKQ,1,307,400,7,12
Y17F,KPVTLYDVAEYAGVSFQTVSRVVNQASHVSAKTREKVEAAMAELNYIPNRVAQQLAGKQ,1,187,246,14,20
Y17G,KPVTLYDVAEYAGVSGQTVSRVVNQASHVSAKTREKVEAAMAELNYIPNRVAQQLAGKQ,1,236,323,46,64
Y17H,KPVTLYDVAEYAGVSHQTVSRVVNQASHVSAKTREKVEAAMAELNYIPNRVAQQLAGKQ,1,205,242,524,662
Y17I,KPVTLYDVAEYAGVSIQTVSRVVNQASHVSAKTREKVEAAMAELNYIPNRVAQQLAGKQ,1,303,338,29,52
Y17K,KPVTLYDVAEYAGVSKQTVSRVVNQASHVSAKTREKVEAAMAELNYIPNRVAQQLAGKQ,1,356,421,30,73
Y17L,KPVTLYDVAEYAGVSLQTVSRVVNQASHVSAKTREKVEAAMAELNYIPNRVAQQLAGKQ,1,249,328,8,35
Y17M,KPVTLYDVAEYAGVSMQTVSRVVNQASHVSAKTREKVEAAMAELNYIPNRVAQQLAGKQ,1,303,328,8,21
Y17N,KPVTLYDVAEYAGVSNQTVSRVVNQASHVSAKTREKVEAAMAELNYIPNRVAQQLAGKQ,1,223,291,9,18
Y17P,KPVTLYDVAEYAGVSPQTVSRVVNQASHVSAKTREKVEAAMAELNYIPNRVAQQLAGKQ,1,238,312,27,21
Y17Q,KPVTLYDVAEYAGVSQQTVSRVVNQASHVSAKTREKVEAAMAELNYIPNRVAQQLAGKQ,1,305,409,14,40
Y17R,KPVTLYDVAEYAGVSRQTVSRVVNQASHVSAKTREKVEAAMAELNYIPNRVAQQLAGKQ,1,339,392,66,63
Y17S,KPVTLYDVAEYAGVSSQTVSRVVNQASHVSAKTREKVEAAMAELNYIPNRVAQQLAGKQ,1,288,351,36,31
Y17T,KPVTLYDVAEYAGVSTQTVSRVVNQASHVSAKTREKVEAAMAELNYIPNRVAQQLAGKQ,1,330,484,21,27
Y17V,KPVTLYDVAEYAGVSVQTVSRVVNQASHVSAKTREKVEAAMAELNYIPNRVAQQLAGKQ,1,283,381,9,19
Y17W,KPVTLYDVAEYAGVSWQTVSRVVNQASHVSAKTREKVEAAMAELNYIPNRVAQQLAGKQ,1,270,315,39,7
Q18A,KPVTLYDVAEYAGVSYATVSRVVNQASHVSAKTREKVEAAMAELNYIPNRVAQQLAGKQ,1,371,456,399,528
Q18C,KPVTLYDVAEYAGVSYCTVSRVVNQASHVSAKTREKVEAAMAELNYIPNRVAQQLAGKQ,1,375,523,21,33
Q18D,KPVTLYDVAEYAGVSYDTVSRVVNQASHVSAKTREKVEAAMAELNYIPNRVAQQLAGKQ,1,312,368,14,11
Q18E,KPVTLYDVAEYAGVSYETVSRVVNQASHVSAKTREKVEAAMAELNYIPNRVAQQLAGKQ,1,281,349,17,14
Q18F,KPVTLYDVAEYAGVSYFTVSRVVNQASHVSAKTREKVEAAMAELNYIPNRVAQQLAGKQ,1,259,361,6,13
Q18G,KPVTLYDVAEYAGVSYGTVSRVVNQASHVSAKTREKVEAAMAELNYIPNRVAQQLAGKQ,1,182,259,313,322
Q18H,KPVTLYDVAEYAGVSYHTVSRVVNQASHVSAKTREKVEAAMAELNYIPNRVAQQLAGKQ,1,167,188,17,22
Q18I,KPVTLYDVAEYAGVSYITVSRVVNQASHVSAKTREKVEAAMAELNYIPNRVAQQLAGKQ,1,302,370,37,34
Q18K,KPVTLYDVAEYAGVSYKTVSRVVNQASHVSAKTREKVEAAMAELNYIPNRVAQQLAGKQ,1,260,358,26,15
Q18L,KPVTLYDVAEYAGVSYLTVSRVVNQASHVSAKTREKVEAAMAELNYIPNRVAQQLAGKQ,1,262,336,19,27
Q18M,KPVTLYDVAEYAGVSYMTVSRVVNQASHVSAKTREKVEAAMAELNYIPNRVAQQLAGKQ,1,234,309,1151,1136
Q18N,KPVTLYDVAEYAGVSYNTVSRVVNQASHVSAKTREKVEAAMAELNYIPNRVAQQLAGKQ,1,339,439,189,253
Q18P,KPVTLYDVAEYAGVSYPTVSRVVNQASHVSAKTREKVEAAMAELNYIPNRVAQQLAGKQ,1,223,274,15,21
Q18R,KPVTLYDVAEYAGVSYRTVSRVVNQASHVSAKTREKVEAAMAELNYIPNRVAQQLAGKQ,1,232,348,30,28
Q18S,KPVTLYDVAEYAGVSYSTVSRVVNQASHVSAKTREKVEAAMAELNYIPNRVAQQLAGKQ,1,249,374,6,8
Q18T,KPVTLYDVAEYAGVSYTTVSRVVNQASHVSAKTREKVEAAMAELNYIPNRVAQQLAGKQ,1,307,407,40,32
Q18V,KPVTLYDVAEYAGVSYVTVSRVVNQASHVSAKTREKVEAAMAELNYIPNRVAQQLAGKQ,1,250,328,44,49
Q18W,KPVTLYDVAEYAGVSYWTVSRVVNQASHVSAKTREKVEAAMAELNYIPNRVAQQLAGKQ,1,258,318,5,12
Q18Y,KPVTLYDVAEYAGVSYYTVSRVVNQASHVSAKTREKVEAAMAELNYIPNRVAQQLAGKQ,1,279,372,12,12
T19A,KPVTLYDVAEYAGVSYQAVSRVVNQASHVSAKTREKVEAAMAELNYIPNRVAQQLAGKQ,1,165,276,12,31
T19C,KPVTLYDVAEYAGVSYQCVSRVVNQASHVSAKTREKVEAAMAELNYIPNRVAQQLAGKQ,1,209,312,8,9
T19D,KPVTLYDVAEYAGVSYQDVSRVVNQASHVSAKTREKVEAAMAELNYIPNRVAQQLAGKQ,1,358,429,2,18
T19E,KPVTLYDVAEYAGVSYQEVSRVVNQASHVSAKTREKVEAAMAELNYIPNRVAQQLAGKQ,1,208,293,3,9
T19F,KPVTLYDVAEYAGVSYQFVSRVVNQASHVSAKTREKVEAAMAELNYIPNRVAQQLAGKQ,1,337,407,7,13
T19G,KPVTLYDVAEYAGVSYQGVSRVVNQASHVSAKTREKVEAAMAELNYIPNRVAQQLAGKQ,1,138,189,3,6
T19H,KPVTLYDVAEYAGVSYQHVSRVVNQASHVSAKTREKVEAAMAELNYIPNRVAQQLAGKQ,1,241,288,6,7
T19I,KPVTLYDVAEYAGVSYQIVSRVVNQASHVSAKTREKVEAAMAELNYIPNRVAQQLAGKQ,1,229,311,24,19
T19K,KPVTLYDVAEYAGVSYQKVSRVVNQASHVSAKTREKVEAAMAELNYIPNRVAQQLAGKQ,1,249,340,5,9
T19L,KPVTLYDVAEYAGVSYQLVSRVVNQASHVSAKTREKVEAAMAELNYIPNRVAQQLAGKQ,1,362,459,23,22
T19M,KPVTLYDVAEYAGVSYQMVSRVVNQASHVSAKTREKVEAAMAELNYIPNRVAQQLAGKQ,1,296,345,6,16
T19N,KPVTLYDVAEYAGVSYQNVSRVVNQASHVSAKTREKVEAAMAELNYIPNRVAQQLAGKQ,1,242,275,19,18
T19P,KPVTLYDVAEYAGVSYQPVSRVVNQASHVSAKTREKVEAAMAELNYIPNRVAQQLAGKQ,1,207,250,13,71
T19Q,KPVTLYDVAEYAGVSYQQVSRVVNQASHVSAKTREKVEAAMAELNYIPNRVAQQLAGKQ,1,259,322,3,8
T19R,KPVTLYDVAEYAGVSYQRVSRVVNQASHVSAKTREKVEAAMAELNYIPNRVAQQLAGKQ,1,285,352,8,10
T19S,KPVTLYDVAEYAGVSYQSVSRVVNQASHVSAKTREKVEAAMAELNYIPNRVAQQLAGKQ,1,377,486,261,347
T19V,KPVTLYDVAEYAGVSYQVVSRVVNQASHVSAKTREKVEAAMAELNYIPNRVAQQLAGKQ,1,270,354,2,20
T19W,KPVTLYDVAEYAGVSYQWVSRVVNQASHVSAKTREKVEAAMAELNYIPNRVAQQLAGKQ,1,314,427,4,8
T19Y,KPVTLYDVAEYAGVSYQYVSRVVNQASHVSAKTREKVEAAMAELNYIPNRVAQQLAGKQ,1,267,329,3,13
V20A,KPVTLYDVAEYAGVSYQTASRVVNQASHVSAKTREKVEAAMAELNYIPNRVAQQLAGKQ,1,290,350,54,55
V20C,KPVTLYDVAEYAGVSYQTCSRVVNQASHVSAKTREKVEAAMAELNYIPNRVAQQLAGKQ,1,319,411,630,683
V20D,KPVTLYDVAEYAGVSYQTDSRVVNQASHVSAKTREKVEAAMAELNYIPNRVAQQLAGKQ,1,235,368,5,17
V20E,KPVTLYDVAEYAGVSYQTESRVVNQASHVSAKTREKVEAAMAELNYIPNRVAQQLAGKQ,1,192,243,13,5
V20F,KPVTLYDVAEYAGVSYQTFSRVVNQASHVSAKTREKVEAAMAELNYIPNRVAQQLAGKQ,1,183,253,8,14
V20G,KPVTLYDVAEYAGVSYQTGSRVVNQASHVSAKTREKVEAAMAELNYIPNRVAQQLAGKQ,1,228,339,27,22
V20H,KPVTLYDVAEYAGVSYQTHSRVVNQASHVSAKTREKVEAAMAELNYIPNRVAQQLAGKQ,1,194,304,9,9
V20I,KPVTLYDVAEYAGVSYQTISRVVNQASHVSAKTREKVEAAMAELNYIPNRVAQQLAGKQ,1,256,408,165,183
V20K,KPVTLYDVAEYAGVSYQTKSRVVNQASHVSAKTREKVEAAMAELNYIPNRVAQQLAGKQ,1,200,253,6,2
V20L,KPVTLYDVAEYAGVSYQTLSRVVNQASHVSAKTREKVEAAMAELNYIPNRVAQQLAGKQ,1,193,264,8,12
V20M,KPVTLYDVAEYAGVSYQTMSRVVNQASHVSAKTREKVEAAMAELNYIPNRVAQQLAGKQ,1,236,323,3,7
V20N,KPVTLYDVAEYAGVSYQTNSRVVNQASHVSAKTREKVEAAMAELNYIPNRVAQQLAGKQ,1,281,342,6,7
V20P,KPVTLYDVAEYAGVSYQTPSRVVNQASHVSAKTREKVEAAMAELNYIPNRVAQQLAGKQ,1,200,284,13,8
V20Q,KPVTLYDVAEYAGVSYQTQSRVVNQASHVSAKTREKVEAAMAELNYIPNRVAQQLAGKQ,1,266,348,8,10
V20R,KPVTLYDVAEYAGVSYQTRSRVVNQASHVSAKTREKVEAAMAELNYIPNRVAQQLAGKQ,1,250,314,8,16
V20S,KPVTLYDVAEYAGVSYQTSSRVVNQASHVSAKTREKVEAAMAELNYIPNRVAQQLAGKQ,1,211,216,5,5
V20T,KPVTLYDVAEYAGVSYQTTSRVVNQASHVSAKTREKVEAAMAELNYIPNRVAQQLAGKQ,1,199,278,9,13
V20W,KPVTLYDVAEYAGVSYQTWSRVVNQASHVSAKTREKVEAAMAELNYIPNRVAQQLAGKQ,1,176,224,6,3
V20Y,KPVTLYDVAEYAGVSYQTYSRVVNQASHVSAKTREKVEAAMAELNYIPNRVAQQLAGKQ,1,221,269,9,10
S21A,KPVTLYDVAEYAGVSYQTVARVVNQASHVSAKTREKVEAAMAELNYIPNRVAQQLAGKQ,1,220,232,17,20
S21C,KPVTLYDVAEYAGVSYQTVCRVVNQASHVSAKTREKVEAAMAELNYIPNRVAQQLAGKQ,1,334,454,6,23
S21D,KPVTLYDVAEYAGVSYQTVDRVVNQASHVSAKTREKVEAAMAELNYIPNRVAQQLAGKQ,1,283,350,14,12
S21E,KPVTLYDVAEYAGVSYQTVERVVNQASHVSAKTREKVEAAMAELNYIPNRVAQQLAGKQ,1,323,395,11,11
S21F,KPVTLYDVAEYAGVSYQTVFRVVNQASHVSAKTREKVEAAMAELNYIPNRVAQQLAGKQ,1,199,228,11,13
S21G,KPVTLYDVAEYAGVSYQTVGRVVNQASHVSAKTREKVEAAMAELNYIPNRVAQQLAGKQ,1,225,278,11,16
S21H,KPVTLYDVAEYAGVSYQTVHRVVNQASHVSAKTREKVEAAMAELNYIPNRVAQQLAGKQ,1,328,391,26,28
S21I,KPVTLYDVAEYAGVSYQTVIRVVNQASHVSAKTREKVEAAMAELNYIPNRVAQQLAGKQ,1,292,373,12,10
S21K,KPVTLYDVAEYAGVSYQTVKRVVNQASHVSAKTREKVEAAMAELNYIPNRVAQQLAGKQ,1,242,318,8,9
S21L,KPVTLYDVAEYAGVSYQTVLRVVNQASHVSAKTREKVEAAMAELNYIPNRVAQQLAGKQ,1,201,274,7,10
S21M,KPVTLYDVAEYAGVSYQTVMRVVNQASHVSAKTREKVEAAMAELNYIPNRVAQQLAGKQ,1,248,337,5,4
S21N,KPVTLYDVAEYAGVSYQTVNRVVNQASHVSAKTREKVEAAMAELNYIPNRVAQQLAGKQ,1,264,292,8,13
S21P,KPVTLYDVAEYAGVSYQTVPRVVNQASHVSAKTREKVEAAMAELNYIPNRVAQQLAGKQ,1,208,246,24,24
S21Q,KPVTLYDVAEYAGVSYQTVQRVVNQASHVSAKTREKVEAAMAELNYIPNRVAQQLAGKQ,1,242,296,8,12
S21R,KPVTLYDVAEYAGVSYQTVRRVVNQASHVSAKTREKVEAAMAELNYIPNRVAQQLAGKQ,1,285,388,17,9
S21T,KPVTLYDVAEYAGVSYQTVTRVVNQASHVSAKTREKVEAAMAELNYIPNRVAQQLAGKQ,1,386,442,25,20
S21V,KPVTLYDVAEYAGVSYQTVVRVVNQASHVSAKTREKVEAAMAELNYIPNRVAQQLAGKQ,1,198,309,10,8
S21W,KPVTLYDVAEYAGVSYQTVWRVVNQASHVSAKTREKVEAAMAELNYIPNRVAQQLAGKQ,1,227,310,39,59
S21Y,KPVTLYDVAEYAGVSYQTVYRVVNQASHVSAKTREKVEAAMAELNYIPNRVAQQLAGKQ,1,249,298,25,16
R22A,KPVTLYDVAEYAGVSYQTVSAVVNQASHVSAKTREKVEAAMAELNYIPNRVAQQLAGKQ,1,200,259,17,9
R22C,KPVTLYDVAEYAGVSYQTVSCVVNQASHVSAKTREKVEAAMAELNYIPNRVAQQLAGKQ,1,263,326,20,22
R22D,KPVTLYDVAEYAGVSYQTVSDVVNQASHVSAKTREKVEAAMAELNYIPNRVAQQLAGKQ,1,258,336,17,6
R22E,KPVTLYDVAEYAGVSYQTVSEVVNQASHVSAKTREKVEAAMAELNYIPNRVAQQLAGKQ,1,197,224,5,7
R22F,KPVTLYDVAEYAGVSYQTVSFVVNQASHVSAKTREKVEAAMAELNYIPNRVAQQLAGKQ,1,372,440,13,17
R22G,KPVTLYDVAEYAGVSYQTVSGVVNQASHVSAKTREKVEAAMAELNYIPNRVAQQLAGKQ,1,215,267,21,10
R22H,KPVTLYDVAEYAGVSYQTVSHVVNQASHVSAKTREKVEAAMAELNYIPNRVAQQLAGKQ,1,356,428,40,40
R22I,KPVTLYDVAEYAGVSYQTVSIVVNQASHVSAKTREKVEAAMAELNYIPNRVAQQLAGKQ,1,254,349,12,11
R22K,KPVTLYDVAEYAGVSYQTVSKVVNQASHVSAKTREKVEAAMAELNYIPNRVAQQLAGKQ,1,270,354,15,8
R22L,KPVTLYDVAEYAGVSYQTVSLVVNQASHVSAKTREKVEAAMAELNYIPNRVAQQLAGKQ,1,233,320,8,7
R22M,KPVTLYDVAEYAGVSYQTVSMVVNQASHVSAKTREKVEAAMAELNYIPNRVAQQLAGKQ,1,231,305,5,10
R22N,KPVTLYDVAEYAGVSYQTVSNVVNQASHVSAKTREKVEAAMAELNYIPNRVAQQLAGKQ,1,274,340,7,16
R22P,KPVTLYDVAEYAGVSYQTVSPVVNQASHVSAKTREKVEAAMAELNYIPNRVAQQLAGKQ,1,164,201,7,3
R22Q,KPVTLYDVAEYAGVSYQTVSQVVNQASHVSAKTREKVEAAMAELNYIPNRVAQQLAGKQ,1,305,337,5,9
R22S,KPVTLYDVAEYAGVSYQTVSSVVNQASHVSAKTREKVEAAMAELNYIPNRVAQQLAGKQ,1,259,353,20,31
R22T,KPVTLYDVAEYAGVSYQTVSTVVNQASHVSAKTREKVEAAMAELNYIPNRVAQQLAGKQ,1,262,311,9,12
R22V,KPVTLYDVAEYAGVSYQTVSVVVNQASHVSAKTREKVEAAMAELNYIPNRVAQQLAGKQ,1,218,264,4,5
R22W,KPVTLYDVAEYAGVSYQTVSWVVNQASHVSAKTREKVEAAMAELNYIPNRVAQQLAGKQ,1,242,284,4,6
R22Y,KPVTLYDVAEYAGVSYQTVSYVVNQASHVSAKTREKVEAAMAELNYIPNRVAQQLAGKQ,1,254,358,9,9
V23A,KPVTLYDVAEYAGVSYQTVSRAVNQASHVSAKTREKVEAAMAELNYIPNRVAQQLAGKQ,1,219,263,39,50
V23C,KPVTLYDVAEYAGVSYQTVSRCVNQASHVSAKTREKVEAAMAELNYIPNRVAQQLAGKQ,1,308,365,1353,1464
V23D,KPVTLYDVAEYAGVSYQTVSRDVNQASHVSAKTREKVEAAMAELNYIPNRVAQQLAGKQ,1,268,354,8,15
V23E,KPVTLYDVAEYAGVSYQTVSREVNQASHVSAKTREKVEAAMAELNYIPNRVAQQLAGKQ,1,291,323,20,17
V23F,KPVTLYDVAEYAGVSYQTVSRFVNQASHVSAKTREKVEAAMAELNYIPNRVAQQLAGKQ,1,254,338,8,21
V23G,KPVTLYDVAEYAGVSYQTVSRGVNQASHVSAKTREKVEAAMAELNYIPNRVAQQLAGKQ,1,243,316,58,56
V23H,KPVTLYDVAEYAGVSYQTVSRHVNQASHVSAKTREKVEAAMAELNYIPNRVAQQLAGKQ,1,311,395,14,23
V23I,KPVTLYDVAEYAGVSYQTVSRIVNQASHVSAKTREKVEAAMAELNYIPNRVAQQLAGKQ,1,267,355,69,77
V23K,KPVTLYDVAEYAGVSYQTVSRKVNQASHVSAKTREKVEAAMAELNYIPNRVAQQLAGKQ,1,266,383,11,18
V23L,KPVTLYDVAEYAGVSYQTVSRLVNQASHVSAKTREKVEAAMAELNYIPNRVAQQLAGKQ,1,292,425,18,27
V23M,KPVTLYDVAEYAGVSYQTVSRMVNQASHVSAKTREKVEAAMAELNYIPNRVAQQLAGKQ,1,194,264,39,29
V23N,KPVTLYDVAEYAGVSYQTVSRNVNQASHVSAKTREKVEAAMAELNYIPNRVAQQLAGKQ,1,285,294,5,5
V23P,KPVTLYDVAEYAGVSYQTVSRPVNQASHVSAKTREKVEAAMAELNYIPNRVAQQLAGKQ,1,213,276,6,7
V23Q,KPVTLYDVAEYAGVSYQTVSRQVNQASHVSAKTREKVEAAMAELNYIPNRVAQQLAGKQ,1,218,252,5,13
V23R,KPVTLYDVAEYAGVSYQTVSRRVNQASHVSAKTREKVEAAMAELNYIPNRVAQQLAGKQ,1,235,278,6,9
V23S,KPVTLYDVAEYAGVSYQTVSRSVNQASHVSAKTREKVEAAMAELNYIPNRVAQQLAGKQ,1,259,352,32,13
V23T,KPVTLYDVAEYAGVSYQTVSRTVNQASHVSAKTREKVEAAMAELNYIPNRVAQQLAGKQ,1,319,400,1530,1881
V23W,KPVTLYDVAEYAGVSYQTVSRWVNQASHVSAKTREKVEAAMAELNYIPNRVAQQLAGKQ,1,232,332,12,10
V23Y,KPVTLYDVAEYAGVSYQTVSRYVNQASHVSAKTREKVEAAMAELNYIPNRVAQQLAGKQ,1,268,373,19,14
V24A,KPVTLYDVAEYAGVSYQTVSRVANQASHVSAKTREKVEAAMAELNYIPNRVAQQLAGKQ,1,357,459,2011,2371
V24C,KPVTLYDVAEYAGVSYQTVSRVCNQASHVSAKTREKVEAAMAELNYIPNRVAQQLAGKQ,1,407,503,2024,2656
V24D,KPVTLYDVAEYAGVSYQTVSRVDNQASHVSAKTREKVEAAMAELNYIPNRVAQQLAGKQ,1,253,334,20,27
V24E,KPVTLYDVAEYAGVSYQTVSRVENQASHVSAKTREKVEAAMAELNYIPNRVAQQLAGKQ,1,189,234,37,25
V24F,KPVTLYDVAEYAGVSYQTVSRVFNQASHVSAKTREKVEAAMAELNYIPNRVAQQLAGKQ,1,240,288,886,1187
V24G,KPVTLYDVAEYAGVSYQTVSRVGNQASHVSAKTREKVEAAMAELNYIPNRVAQQLAGKQ,1,248,310,135,80
V24H,KPVTLYDVAEYAGVSYQTVSRVHNQASHVSAKTREKVEAAMAELNYIPNRVAQQLAGKQ,1,315,420,1445,1773
V24I,KPVTLYDVAEYAGVSYQTVSRVINQASHVSAKTREKVEAAMAELNYIPNRVAQQLAGKQ,1,347,520,1963,2773
V24K,KPVTLYDVAEYAGVSYQTVSRVKNQASHVSAKTREKVEAAMAELNYIPNRVAQQLAGKQ,1,327,492,141,201
V24L,KPVTLYDVAEYAGVSYQTVSRVLNQASHVSAKTREKVEAAMAELNYIPNRVAQQLAGKQ,1,339,448,1840,2171
V24M,KPVTLYDVAEYAGVSYQTVSRVMNQASHVSAKTREKVEAAMAELNYIPNRVAQQLAGKQ,1,319,378,1604,2053
V24N,KPVTLYDVAEYAGVSYQTVSRVNNQASHVSAKTREKVEAAMAELNYIPNRVAQQLAGKQ,1,308,422,1760,2014
V24P,KPVTLYDVAEYAGVSYQTVSRVPNQASHVSAKTREKVEAAMAELNYIPNRVAQQLAGKQ,1,260,340,21,17
V24Q,KPVTLYDVAEYAGVSYQTVSRVQNQASHVSAKTREKVEAAMAELNYIPNRVAQQLAGKQ,1,305,403,1352,1966
V24R,KPVTLYDVAEYAGVSYQTVSRVRNQASHVSAKTREKVEAAMAELNYIPNRVAQQLAGKQ,1,234,317,302,345
V24S,KPVTLYDVAEYAGVSYQTVSRVSNQASHVSAKTREKVEAAMAELNYIPNRVAQQLAGKQ,1,245,299,909,1166
V24T,KPVTLYDVAEYAGVSYQTVSRVTNQASHVSAKTREKVEAAMAELNYIPNRVAQQLAGKQ,1,384,478,1726,2120
V24W,KPVTLYDVAEYAGVSYQTVSRVWNQASHVSAKTREKVEAAMAELNYIPNRVAQQLAGKQ,1,189,228,773,1067
V24Y,KPVTLYDVAEYAGVSYQTVSRVYNQASHVSAKTREKVEAAMAELNYIPNRVAQQLAGKQ,1,176,233,772,1078
N25A,KPVTLYDVAEYAGVSYQTVSRVVAQASHVSAKTREKVEAAMAELNYIPNRVAQQLAGKQ,1,364,489,61,47
N25C,KPVTLYDVAEYAGVSYQTVSRVVCQASHVSAKTREKVEAAMAELNYIPNRVAQQLAGKQ,1,266,346,35,73
N25D,KPVTLYDVAEYAGVSYQTVSRVVDQASHVSAKTREKVEAAMAELNYIPNRVAQQLAGKQ,1,218,295,12,21
N25E,KPVTLYDVAEYAGVSYQTVSRVVEQASHVSAKTREKVEAAMAELNYIPNRVAQQLAGKQ,1,276,332,11,14
N25F,KPVTLYDVAEYAGVSYQTVSRVVFQASHVSAKTREKVEAAMAELNYIPNRVAQQLAGKQ,1,217,304,5,13
N25G,KPVTLYDVAEYAGVSYQTVSRVVGQASHVSAKTREKVEAAMAELNYIPNRVAQQLAGKQ,1,250,336,33,46
N25H,KPVTLYDVAEYAGVSYQTVSRVVHQASHVSAKTREKVEAAMAELNYIPNRVAQQLAGKQ,1,260,363,315,321
N25I,KPVTLYDVAEYAGVSYQTVSRVVIQASHVSAKTREKVEAAMAELNYIPNRVAQQLAGKQ,1,257,299,13,9
N25K,KPVTLYDVAEYAGVSYQTVSRVVKQASHVSAKTREKVEAAMAELNYIPNRVAQQLAGKQ,1,321,370,29,45
N25L,KPVTLYDVAEYAGVSYQTVSRVVLQASHVSAKTREKVEAAMAELNYIPNRVAQQLAGKQ,1,263,340,8,10
N25M,KPVTLYDVAEYAGVSYQTVSRVVMQASHVSAKTREKVEAAMAELNYIPNRVAQQLAGKQ,1,312,397,26,19
N25P,KPVTLYDVAEYAGVSYQTVSRVVPQASHVSAKTREKVEAAMAELNYIPNRVAQQLAGKQ,1,260,313,3,5
N25Q,KPVTLYDVAEYAGVSYQTVSRVVQQASHVSAKTREKVEAAMAELNYIPNRVAQQLAGKQ,1,296,428,7,23
N25R,KPVTLYDVAEYAGVSYQTVSRVVRQASHVSAKTREKVEAAMAELNYIPNRVAQQLAGKQ,1,461,565,642,947
N25S,KPVTLYDVAEYAGVSYQTVSRVVSQASHVSAKTREKVEAAMAELNYIPNRVAQQLAGKQ,1,299,407,49,64
N25T,KPVTLYDVAEYAGVSYQTVSRVVTQASHVSAKTREKVEAAMAELNYIPNRVAQQLAGKQ,1,234,292,14,20
N25V,KPVTLYDVAEYAGVSYQTVSRVVVQASHVSAKTREKVEAAMAELNYIPNRVAQQLAGKQ,1,198,267,6,7
N25W,KPVTLYDVAEYAGVSYQTVSRVVWQASHVSAKTREKVEAAMAELNYIPNRVAQQLAGKQ,1,390,488,12,22
N25Y,KPVTLYDVAEYAGVSYQTVSRVVYQASHVSAKTREKVEAAMAELNYIPNRVAQQLAGKQ,1,190,248,20,8
Q26A,KPVTLYDVAEYAGVSYQTVSRVVNAASHVSAKTREKVEAAMAELNYIPNRVAQQLAGKQ,1,286,423,1681,1977
Q26C,KPVTLYDVAEYAGVSYQTVSRVVNCASHVSAKTREKVEAAMAELNYIPNRVAQQLAGKQ,1,332,441,1757,2374
Q26D,KPVTLYDVAEYAGVSYQTVSRVVNDASHVSAKTREKVEAAMAELNYIPNRVAQQLAGKQ,1,224,273,1271,1284
Q26E,KPVTLYDVAEYAGVSYQTVSRVVNEASHVSAKTREKVEAAMAELNYIPNRVAQQLAGKQ,1,354,435,1870,2585
Q26F,KPVTLYDVAEYAGVSYQTVSRVVNFASHVSAKTREKVEAAMAELNYIPNRVAQQLAGKQ,1,335,353,108,69
Q26G,KPVTLYDVAEYAGVSYQTVSRVVNGASHVSAKTREKVEAAMAELNYIPNRVAQQLAGKQ,1,432,556,2385,3357
Q26H,KPVTLYDVAEYAGVSYQTVSRVVNHASHVSAKTREKVEAAMAELNYIPNRVAQQLAGKQ,1,201,290,1410,1804
Q26I,KPVTLYDVAEYAGVSYQTVSRVVNIASHVSAKTREKVEAAMAELNYIPNRVAQQLAGKQ,1,425,527,36,42
Q26K,KPVTLYDVAEYAGVSYQTVSRVVNKASHVSAKTREKVEAAMAELNYIPNRVAQQLAGKQ,1,253,309,1331,1563
Q26L,KPVTLYDVAEYAGVSYQTVSRVVNLASHVSAKTREKVEAAMAELNYIPNRVAQQLAGKQ,1,215,254,856,1129
Q26M,KPVTLYDVAEYAGVSYQTVSRVVNMASHVSAKTREKVEAAMAELNYIPNRVAQQLAGKQ,1,358,482,1938,2379
Q26N,KPVTLYDVAEYAGVSYQTVSRVVNNASHVSAKTREKVEAAMAELNYIPNRVAQQLAGKQ,1,316,453,2065,2780
Q26P,KPVTLYDVAEYAGVSYQTVSRVVNPASHVSAKTREKVEAAMAELNYIPNRVAQQLAGKQ,1,353,512,59,37
Q26R,KPVTLYDVAEYAGVSYQTVSRVVNRASHVSAKTREKVEAAMAELNYIPNRVAQQLAGKQ,1,426,548,1931,2758
Q26S,KPVTLYDVAEYAGVSYQTVSRVVNSASHVSAKTREKVEAAMAELNYIPNRVAQQLAGKQ,1,444,510,2239,2710
Q26T,KPVTLYDVAEYAGVSYQTVSRVVNTASHVSAKTREKVEAAMAELNYIPNRVAQQLAGKQ,1,259,397,1267,1589
Q26V,KPVTLYDVAEYAGVSYQTVSRVVNVASHVSAKTREKVEAAMAELNYIPNRVAQQLAGKQ,1,401,492,794,986
Q26W,KPVTLYDVAEYAGVSYQTVSRVVNWASHVSAKTREKVEAAMAELNYIPNRVAQQLAGKQ,1,263,307,12,22
Q26Y,KPVTLYDVAEYAGVSYQTVSRVVNYASHVSAKTREKVEAAMAELNYIPNRVAQQLAGKQ,1,248,324,1414,1585
A27C,KPVTLYDVAEYAGVSYQTVSRVVNQCSHVSAKTREKVEAAMAELNYIPNRVAQQLAGKQ,1,266,369,1431,1841
A27D,KPVTLYDVAEYAGVSYQTVSRVVNQDSHVSAKTREKVEAAMAELNYIPNRVAQQLAGKQ,1,326,372,388,446
A27E,KPVTLYDVAEYAGVSYQTVSRVVNQESHVSAKTREKVEAAMAELNYIPNRVAQQLAGKQ,1,286,393,436,611
A27F,KPVTLYDVAEYAGVSYQTVSRVVNQFSHVSAKTREKVEAAMAELNYIPNRVAQQLAGKQ,1,382,463,1916,2260
A27G,KPVTLYDVAEYAGVSYQTVSRVVNQGSHVSAKTREKVEAAMAELNYIPNRVAQQLAGKQ,1,380,519,2134,2919
A27H,KPVTLYDVAEYAGVSYQTVSRVVNQHSHVSAKTREKVEAAMAELNYIPNRVAQQLAGKQ,1,331,379,1487,2104
A27I,KPVTLYDVAEYAGVSYQTVSRVVNQISHVSAKTREKVEAAMAELNYIPNRVAQQLAGKQ,1,389,497,595,731
A27K,KPVTLYDVAEYAGVSYQTVSRVVNQKSHVSAKTREKVEAAMAELNYIPNRVAQQLAGKQ,1,325,452,1969,2603
A27L,KPVTLYDVAEYAGVSYQTVSRVVNQLSHVSAKTREKVEAAMAELNYIPNRVAQQLAGKQ,1,365,522,1463,1909
A27M,KPVTLYDVAEYAGVSYQTVSRVVNQMSHVSAKTREKVEAAMAELNYIPNRVAQQLAGKQ,1,281,340,1541,2015
A27N,KPVTLYDVAEYAGVSYQTVSRVVNQNSHVSAKTREKVEAAMAELNYIPNRVAQQLAGKQ,1,385,476,2074,2964
A27P,KPVTLYDVAEYAGVSYQTVSRVVNQPSHVSAKTREKVEAAMAELNYIPNRVAQQLAGKQ,1,295,372,419,486
A27Q,KPVTLYDVAEYAGVSYQTVSRVVNQQSHVSAKTREKVEAAMAELNYIPNRVAQQLAGKQ,1,399,563,2412,3161
A27R,KPVTLYDVAEYAGVSYQTVSRVVNQRSHVSAKTREKVEAAMAELNYIPNRVAQQLAGKQ,1,330,437,1953,2344
A27S,KPVTLYDVAEYAGVSYQTVSRVVNQSSHVSAKTREKVEAAMAELNYIPNRVAQQLAGKQ,1,393,514,1898,2297
A27T,KPVTLYDVAEYAGVSYQTVSRVVNQTSHVSAKTREKVEAAMAELNYIPNRVAQQLAGKQ,1,306,398,1341,1823
A27V,KPVTLYDVAEYAGVSYQTVSRVVNQVSHVSAKTREKVEAAMAELNYIPNRVAQQLAGKQ,1,343,485,2259,2604
A27W,KPVTLYDVAEYAGVSYQTVSRVVNQWSHVSAKTREKVEAAMAELNYIPNRVAQQLAGKQ,1,373,464,213,225
A27Y,KPVTLYDVAEYAGVSYQTVSRVVNQYSHVSAKTREKVEAAMAELNYIPNRVAQQLAGKQ,1,309,457,1783,2198
S28A,KPVTLYDVAEYAGVSYQTVSRVVNQAAHVSAKTREKVEAAMAELNYIPNRVAQQLAGKQ,1,236,343,1802,2227
S28C,KPVTLYDVAEYAGVSYQTVSRVVNQACHVSAKTREKVEAAMAELNYIPNRVAQQLAGKQ,1,403,560,2387,2910
S28D,KPVTLYDVAEYAGVSYQTVSRVVNQADHVSAKTREKVEAAMAELNYIPNRVAQQLAGKQ,1,393,501,1947,2559
S28E,KPVTLYDVAEYAGVSYQTVSRVVNQAEHVSAKTREKVEAAMAELNYIPNRVAQQLAGKQ,1,275,327,1644,2171
S28F,KPVTLYDVAEYAGVSYQTVSRVVNQAFHVSAKTREKVEAAMAELNYIPNRVAQQLAGKQ,1,295,346,1492,1888
S28G,KPVTLYDVAEYAGVSYQTVSRVVNQAGHVSAKTREKVEAAMAELNYIPNRVAQQLAGKQ,1,255,348,1573,1986
S28H,KPVTLYDVAEYAGVSYQTVSRVVNQAHHVSAKTREKVEAAMAELNYIPNRVAQQLAGKQ,1,264,348,1559,2052
S28I,KPVTLYDVAEYAGVSYQTVSRVVNQAIHVSAKTREKVEAAMAELNYIPNRVAQQLAGKQ,1,388,503,1985,2598
S28K,KPVTLYDVAEYAGVSYQTVSRVVNQAKHVSAKTREKVEAAMAELNYIPNRVAQQLAGKQ,1,302,358,1374,1819
S28L,KPVTLYDVAEYAGVSYQTVSRVVNQALHVSAKTREKVEAAMAELNYIPNRVAQQLAGKQ,1,273,351,1507,2025
S28M,KPVTLYDVAEYAGVSYQTVSRVVNQAMHVSAKTREKVEAAMAELNYIPNRVAQQLAGKQ,1,317,415,1751,1988
S28N,KPVTLYDVAEYAGVSYQTVSRVVNQANHVSAKTREKVEAAMAELNYIPNRVAQQLAGKQ,1,377,405,2039,2431
S28P,KPVTLYDVAEYAGVSYQTVSRVVNQAPHVSAKTREKVEAAMAELNYIPNRVAQQLAGKQ,1,357,498,1884,2290
S28Q,KPVTLYDVAEYAGVSYQTVSRVVNQAQHVSAKTREKVEAAMAELNYIPNRVAQQLAGKQ,1,332,396,1553,1921
S28R,KPVTLYDVAEYAGVSYQTVSRVVNQARHVSAKTREKVEAAMAELNYIPNRVAQQLAGKQ,1,413,568,2588,3225
S28T,KPVTLYDVAEYAGVSYQTVSRVVNQATHVSAKTREKVEAAMAELNYIPNRVAQQLAGKQ,1,333,431,1639,1924
S28V,KPVTLYDVAEYAGVSYQTVSRVVNQAVHVSAKTREKVEAAMAELNYIPNRVAQQLAGKQ,1,511,641,2797,3453
S28W,KPVTLYDVAEYAGVSYQTVSRVVNQAWHVSAKTREKVEAAMAELNYIPNRVAQQLAGKQ,1,336,416,917,1178
S28Y,KPVTLYDVAEYAGVSYQTVSRVVNQAYHVSAKTREKVEAAMAELNYIPNRVAQQLAGKQ,1,369,493,1962,2534
H29A,KPVTLYDVAEYAGVSYQTVSRVVNQASAVSAKTREKVEAAMAELNYIPNRVAQQLAGKQ,1,528,641,3205,4146
H29C,KPVTLYDVAEYAGVSYQTVSRVVNQASCVSAKTREKVEAAMAELNYIPNRVAQQLAGKQ,1,494,583,2613,3196
H29D,KPVTLYDVAEYAGVSYQTVSRVVNQASDVSAKTREKVEAAMAELNYIPNRVAQQLAGKQ,1,262,364,49,25
H29E,KPVTLYDVAEYAGVSYQTVSRVVNQASEVSAKTREKVEAAMAELNYIPNRVAQQLAGKQ,1,341,457,80,51
H29F,KPVTLYDVAEYAGVSYQTVSRVVNQASFVSAKTREKVEAAMAELNYIPNRVAQQLAGKQ,1,402,463,1318,1670
H29G,KPVTLYDVAEYAGVSYQTVSRVVNQASGVSAKTREKVEAAMAELNYIPNRVAQQLAGKQ,1,280,368,1855,2170
H29I,KPVTLYDVAEYAGVSYQTVSRVVNQASIVSAKTREKVEAAMAELNYIPNRVAQQLAGKQ,1,271,311,533,590
H29K,KPVTLYDVAEYAGVSYQTVSRVVNQASKVSAKTREKVEAAMAELNYIPNRVAQQLAGKQ,1,349,488,1971,2310
H29L,KPVTLYDVAEYAGVSYQTVSRVVNQASLVSAKTREKVEAAMAELNYIPNRVAQQLAGKQ,1,449,626,765,1129
H29M,KPVTLYDVAEYAGVSYQTVSRVVNQASMVSAKTREKVEAAMAELNYIPNRVAQQLAGKQ,1,451,547,1739,2276
H29N,KPVTLYDVAEYAGVSYQTVSRVVNQASNVSAKTREKVEAAMAELNYIPNRVAQQLAGKQ,1,454,472,2733,3117
H29P,KPVTLYDVAEYAGVSYQTVSRVVNQASPVSAKTREKVEAAMAELNYIPNRVAQQLAGKQ,1,230,318,323,454
H29Q,KPVTLYDVAEYAGVSYQTVSRVVNQASQVSAKTREKVEAAMAELNYIPNRVAQQLAGKQ,1,390,516,1778,2501
H29R,KPVTLYDVAEYAGVSYQTVSRVVNQASRVSAKTREKVEAAMAELNYIPNRVAQQLAGKQ,1,371,504,809,1037
H29S,KPVTLYDVAEYAGVSYQTVSRVVNQASSVSAKTREKVEAAMAELNYIPNRVAQQLAGKQ,1,374,459,2253,2705
H29T,KPVTLYDVAEYAGVSYQTVSRVVNQASTVSAKTREKVEAAMAELNYIPNRVAQQLAGKQ,1,343,505,1302,1729
H29V,KPVTLYDVAEYAGVSYQTVSRVVNQASVVSAKTREKVEAAMAELNYIPNRVAQQLAGKQ,1,296,383,1281,1719
H29W,KPVTLYDVAEYAGVSYQTVSRVVNQASWVSAKTREKVEAAMAELNYIPNRVAQQLAGKQ,1,230,315,19,27
H29Y,KPVTLYDVAEYAGVSYQTVSRVVNQASYVSAKTREKVEAAMAELNYIPNRVAQQLAGKQ,1,331,408,1455,1663
V30A,KPVTLYDVAEYAGVSYQTVSRVVNQASHASAKTREKVEAAMAELNYIPNRVAQQLAGKQ,1,213,281,18,33
V30C,KPVTLYDVAEYAGVSYQTVSRVVNQASHCSAKTREKVEAAMAELNYIPNRVAQQLAGKQ,1,269,352,20,8
V30D,KPVTLYDVAEYAGVSYQTVSRVVNQASHDSAKTREKVEAAMAELNYIPNRVAQQLAGKQ,1,148,164,18,5
V30E,KPVTLYDVAEYAGVSYQTVSRVVNQASHESAKTREKVEAAMAELNYIPNRVAQQLAGKQ,1,244,285,6,9
V30F,KPVTLYDVAEYAGVSYQTVSRVVNQASHFSAKTREKVEAAMAELNYIPNRVAQQLAGKQ,1,256,301,5,13
V30G,KPVTLYDVAEYAGVSYQTVSRVVNQASHGSAKTREKVEAAMAELNYIPNRVAQQLAGKQ,1,288,349,24,34
V30H,KPVTLYDVAEYAGVSYQTVSRVVNQASHHSAKTREKVEAAMAELNYIPNRVAQQLAGKQ,1,169,236,4,8
V30I,KPVTLYDVAEYAGVSYQTVSRVVNQASHISAKTREKVEAAMAELNYIPNRVAQQLAGKQ,1,169,207,334,496
V30K,KPVTLYDVAEYAGVSYQTVSRVVNQASHKSAKTREKVEAAMAELNYIPNRVAQQLAGKQ,1,177,230,3,5
V30L,KPVTLYDVAEYAGVSYQTVSRVVNQASHLSAKTREKVEAAMAELNYIPNRVAQQLAGKQ,1,216,258,22,9
V30M,KPVTLYDVAEYAGVSYQTVSRVVNQASHMSAKTREKVEAAMAELNYIPNRVAQQLAGKQ,1,178,175,5,11
V30N,KPVTLYDVAEYAGVSYQTVSRVVNQASHNSAKTREKVEAAMAELNYIPNRVAQQLAGKQ,1,270,317,9,10
V30P,KPVTLYDVAEYAGVSYQTVSRVVNQASHPSAKTREKVEAAMAELNYIPNRVAQQLAGKQ,1,213,290,12,8
V30Q,KPVTLYDVAEYAGVSYQTVSRVVNQASHQSAKTREKVEAAMAELNYIPNRVAQQLAGKQ,1,267,320,14,4
V30R,KPVTLYDVAEYAGVSYQTVSRVVNQASHRSAKTREKVEAAMAELNYIPNRVAQQLAGKQ,1,221,236,3,9
V30S,KPVTLYDVAEYAGVSYQTVSRVVNQASHSSAKTREKVEAAMAELNYIPNRVAQQLAGKQ,1,264,359,11,9
V30T,KPVTLYDVAEYAGVSYQTVSRVVNQASHTSAKTREKVEAAMAELNYIPNRVAQQLAGKQ,1,227,258,34,50
V30W,KPVTLYDVAEYAGVSYQTVSRVVNQASHWSAKTREKVEAAMAELNYIPNRVAQQLAGKQ,1,199,275,5,10
V30Y,KPVTLYDVAEYAGVSYQTVSRVVNQASHYSAKTREKVEAAMAELNYIPNRVAQQLAGKQ,1,127,164,3,9
S31A,KPVTLYDVAEYAGVSYQTVSRVVNQASHVAAKTREKVEAAMAELNYIPNRVAQQLAGKQ,1,298,446,1954,2220
S31C,KPVTLYDVAEYAGVSYQTVSRVVNQASHVCAKTREKVEAAMAELNYIPNRVAQQLAGKQ,1,277,334,23,21
S31D,KPVTLYDVAEYAGVSYQTVSRVVNQASHVDAKTREKVEAAMAELNYIPNRVAQQLAGKQ,1,357,413,12,25
S31E,KPVTLYDVAEYAGVSYQTVSRVVNQASHVEAKTREKVEAAMAELNYIPNRVAQQLAGKQ,1,254,341,20,55
S31F,KPVTLYDVAEYAGVSYQTVSRVVNQASHVFAKTREKVEAAMAELNYIPNRVAQQLAGKQ,1,221,316,6,8
S31G,KPVTLYDVAEYAGVSYQTVSRVVNQASHVGAKTREKVEAAMAELNYIPNRVAQQLAGKQ,1,302,384,474,796
S31H,KPVTLYDVAEYAGVSYQTVSRVVNQASHVHAKTREKVEAAMAELNYIPNRVAQQLAGKQ,1,280,366,325,527
S31I,KPVTLYDVAEYAGVSYQTVSRVVNQASHVIAKTREKVEAAMAELNYIPNRVAQQLAGKQ,1,173,223,0,3
S31K,KPVTLYDVAEYAGVSYQTVSRVVNQASHVKAKTREKVEAAMAELNYIPNRVAQQLAGKQ,1,312,365,2025,2456
S31L,KPVTLYDVAEYAGVSYQTVSRVVNQASHVLAKTREKVEAAMAELNYIPNRVAQQLAGKQ,1,312,376,8,15
S31M,KPVTLYDVAEYAGVSYQTVSRVVNQASHVMAKTREKVEAAMAELNYIPNRVAQQLAGKQ,1,378,519,14,23
S31N,KPVTLYDVAEYAGVSYQTVSRVVNQASHVNAKTREKVEAAMAELNYIPNRVAQQLAGKQ,1,234,278,59,64
S31P,KPVTLYDVAEYAGVSYQTVSRVVNQASHVPAKTREKVEAAMAELNYIPNRVAQQLAGKQ,1,234,327,33,21
S31Q,KPVTLYDVAEYAGVSYQTVSRVVNQASHVQAKTREKVEAAMAELNYIPNRVAQQLAGKQ,1,233,305,41,95
S31R,KPVTLYDVAEYAGVSYQTVSRVVNQASHVRAKTREKVEAAMAELNYIPNRVAQQLAGKQ,1,273,345,1574,1850
S31T,KPVTLYDVAEYAGVSYQTVSRVVNQASHVTAKTREKVEAAMAELNYIPNRVAQQLAGKQ,1,361,421,1821,1971
S31V,KPVTLYDVAEYAGVSYQTVSRVVNQASHVVAKTREKVEAAMAELNYIPNRVAQQLAGKQ,1,273,370,11,15
S31W,KPVTLYDVAEYAGVSYQTVSRVVNQASHVWAKTREKVEAAMAELNYIPNRVAQQLAGKQ,1,248,340,6,9
S31Y,KPVTLYDVAEYAGVSYQTVSRVVNQASHVYAKTREKVEAAMAELNYIPNRVAQQLAGKQ,1,144,156,9,9
A32C,KPVTLYDVAEYAGVSYQTVSRVVNQASHVSCKTREKVEAAMAELNYIPNRVAQQLAGKQ,1,287,356,1532,1988
A32D,KPVTLYDVAEYAGVSYQTVSRVVNQASHVSDKTREKVEAAMAELNYIPNRVAQQLAGKQ,1,385,568,2304,3000
A32E,KPVTLYDVAEYAGVSYQTVSRVVNQASHVSEKTREKVEAAMAELNYIPNRVAQQLAGKQ,1,267,376,1647,2080
A32F,KPVTLYDVAEYAGVSYQTVSRVVNQASHVSFKTREKVEAAMAELNYIPNRVAQQLAGKQ,1,351,483,1940,2650
A32G,KPVTLYDVAEYAGVSYQTVSRVVNQASHVSGKTREKVEAAMAELNYIPNRVAQQLAGKQ,1,313,428,1868,2385
A32H,KPVTLYDVAEYAGVSYQTVSRVVNQASHVSHKTREKVEAAMAELNYIPNRVAQQLAGKQ,1,482,612,2702,3493
A32I,KPVTLYDVAEYAGVSYQTVSRVVNQASHVSIKTREKVEAAMAELNYIPNRVAQQLAGKQ,1,286,370,1543,1761
A32K,KPVTLYDVAEYAGVSYQTVSRVVNQASHVSKKTREKVEAAMAELNYIPNRVAQQLAGKQ,1,275,369,1518,2098
A32L,KPVTLYDVAEYAGVSYQTVSRVVNQASHVSLKTREKVEAAMAELNYIPNRVAQQLAGKQ,1,353,441,1907,2589
A32M,KPVTLYDVAEYAGVSYQTVSRVVNQASHVSMKTREKVEAAMAELNYIPNRVAQQLAGKQ,1,317,401,1424,1876
A32N,KPVTLYDVAEYAGVSYQTVSRVVNQASHVSNKTREKVEAAMAELNYIPNRVAQQLAGKQ,1,316,415,1648,2061
A32P,KPVTLYDVAEYAGVSYQTVSRVVNQASHVSPKTREKVEAAMAELNYIPNRVAQQLAGKQ,1,546,704,3551,4207
A32Q,KPVTLYDVAEYAGVSYQTVSRVVNQASHVSQKTREKVEAAMAELNYIPNRVAQQLAGKQ,1,326,434,2234,2646
A32R,KPVTLYDVAEYAGVSYQTVSRVVNQASHVSRKTREKVEAAMAELNYIPNRVAQQLAGKQ,1,347,428,2077,2636
A32S,KPVTLYDVAEYAGVSYQTVSRVVNQASHVSSKTREKVEAAMAELNYIPNRVAQQLAGKQ,1,338,455,1880,2324
A32T,KPVTLYDVAEYAGVSYQTVSRVVNQASHVSTKTREKVEAAMAELNYIPNRVAQQLAGKQ,1,306,383,1779,2096
A32V,KPVTLYDVAEYAGVSYQTVSRVVNQASHVSVKTREKVEAAMAELNYIPNRVAQQLAGKQ,1,422,477,2411,3141
A32W,KPVTLYDVAEYAGVSYQTVSRVVNQASHVSWKTREKVEAAMAELNYIPNRVAQQLAGKQ,1,222,326,1315,1546
A32Y,KPVTLYDVAEYAGVSYQTVSRVVNQASHVSYKTREKVEAAMAELNYIPNRVAQQLAGKQ,1,330,490,2062,2381
K33A,KPVTLYDVAEYAGVSYQTVSRVVNQASHVSAATREKVEAAMAELNYIPNRVAQQLAGKQ,1,301,400,2128,2669
K33C,KPVTLYDVAEYAGVSYQTVSRVVNQASHVSACTREKVEAAMAELNYIPNRVAQQLAGKQ,1,349,395,1737,1947
K33D,KPVTLYDVAEYAGVSYQTVSRVVNQASHVSADTREKVEAAMAELNYIPNRVAQQLAGKQ,1,359,460,618,680
K33E,KPVTLYDVAEYAGVSYQTVSRVVNQASHVSAETREKVEAAMAELNYIPNRVAQQLAGKQ,1,273,343,1144,1387
K33F,KPVTLYDVAEYAGVSYQTVSRVVNQASHVSAFTREKVEAAMAELNYIPNRVAQQLAGKQ,1,336,455,1677,2000
K33G,KPVTLYDVAEYAGVSYQTVSRVVNQASHVSAGTREKVEAAMAELNYIPNRVAQQLAGKQ,1,345,467,1982,2543
K33H,KPVTLYDVAEYAGVSYQTVSRVVNQASHVSAHTREKVEAAMAELNYIPNRVAQQLAGKQ,1,411,498,2538,3128
K33I,KPVTLYDVAEYAGVSYQTVSRVVNQASHVSAITREKVEAAMAELNYIPNRVAQQLAGKQ,1,343,483,2137,2545
K33L,KPVTLYDVAEYAGVSYQTVSRVVNQASHVSALTREKVEAAMAELNYIPNRVAQQLAGKQ,1,378,518,2320,2647
K33M,KPVTLYDVAEYAGVSYQTVSRVVNQASHVSAMTREKVEAAMAELNYIPNRVAQQLAGKQ,1,207,288,1112,1510
K33N,KPVTLYDVAEYAGVSYQTVSRVVNQASHVSANTREKVEAAMAELNYIPNRVAQQLAGKQ,1,160,225,884,1171
K33P,KPVTLYDVAEYAGVSYQTVSRVVNQASHVSAPTREKVEAAMAELNYIPNRVAQQLAGKQ,1,444,485,2237,2859
K33Q,KPVTLYDVAEYAGVSYQTVSRVVNQASHVSAQTREKVEAAMAELNYIPNRVAQQLAGKQ,1,281,416,1727,2138
K33R,KPVTLYDVAEYAGVSYQTVSRVVNQASHVSARTREKVEAAMAELNYIPNRVAQQLAGKQ,1,450,564,2929,3201
K33S,KPVTLYDVAEYAGVSYQTVSRVVNQASHVSASTREKVEAAMAELNYIPNRVAQQLAGKQ,1,280,384,1586,2039
K33T,KPVTLYDVAEYAGVSYQTVSRVVNQASHVSATTREKVEAAMAELNYIPNRVAQQLAGKQ,1,368,490,1935,2624
K33V,KPVTLYDVAEYAGVSYQTVSRVVNQASHVSAVTREKVEAAMAELNYIPNRVAQQLAGKQ,1,364,481,2182,2839
K33W,KPVTLYDVAEYAGVSYQTVSRVVNQASHVSAWTREKVEAAMAELNYIPNRVAQQLAGKQ,1,313,394,606,825
K33Y,KPVTLYDVAEYAGVSYQTVSRVVNQASHVSAYTREKVEAAMAELNYIPNRVAQQLAGKQ,1,449,638,2478,2878
T34A,KPVTLYDVAEYAGVSYQTVSRVVNQASHVSAKAREKVEAAMAELNYIPNRVAQQLAGKQ,1,308,368,716,811
T34C,KPVTLYDVAEYAGVSYQTVSRVVNQASHVSAKCREKVEAAMAELNYIPNRVAQQLAGKQ,1,371,501,188,199
T34D,KPVTLYDVAEYAGVSYQTVSRVVNQASHVSAKDREKVEAAMAELNYIPNRVAQQLAGKQ,1,225,285,6,2
T34E,KPVTLYDVAEYAGVSYQTVSRVVNQASHVSAKEREKVEAAMAELNYIPNRVAQQLAGKQ,1,287,361,21,11
T34F,KPVTLYDVAEYAGVSYQTVSRVVNQASHVSAKFREKVEAAMAELNYIPNRVAQQLAGKQ,1,284,326,1,7
T34G,KPVTLYDVAEYAGVSYQTVSRVVNQASHVSAKGREKVEAAMAELNYIPNRVAQQLAGKQ,1,232,318,1,8
T34H,KPVTLYDVAEYAGVSYQTVSRVVNQASHVSAKHREKVEAAMAELNYIPNRVAQQLAGKQ,1,200,251,9,2
T34I,KPVTLYDVAEYAGVSYQTVSRVVNQASHVSAKIREKVEAAMAELNYIPNRVAQQLAGKQ,1,197,255,10,10
T34K,KPVTLYDVAEYAGVSYQTVSRVVNQASHVSAKKREKVEAAMAELNYIPNRVAQQLAGKQ,1,179,191,10,15
T34L,KPVTLYDVAEYAGVSYQTVSRVVNQASHVSAKLREKVEAAMAELNYIPNRVAQQLAGKQ,1,271,363,15,15
T34M,KPVTLYDVAEYAGVSYQTVSRVVNQASHVSAKMREKVEAAMAELNYIPNRVAQQLAGKQ,1,298,414,1825,2077
T34N,KPVTLYDVAEYAGVSYQTVSRVVNQASHVSAKNREKVEAAMAELNYIPNRVAQQLAGKQ,1,265,308,18,5
T34P,KPVTLYDVAEYAGVSYQTVSRVVNQASHVSAKPREKVEAAMAELNYIPNRVAQQLAGKQ,1,256,345,24,32
T34Q,KPVTLYDVAEYAGVSYQTVSRVVNQASHVSAKQREKVEAAMAELNYIPNRVAQQLAGKQ,1,249,355,8,11
T34R,KPVTLYDVAEYAGVSYQTVSRVVNQASHVSAKRREKVEAAMAELNYIPNRVAQQLAGKQ,1,246,327,12,14
T34S,KPVTLYDVAEYAGVSYQTVSRVVNQASHVSAKSREKVEAAMAELNYIPNRVAQQLAGKQ,1,314,401,532,804
T34V,KPVTLYDVAEYAGVSYQTVSRVVNQASHVSAKVREKVEAAMAELNYIPNRVAQQLAGKQ,1,247,365,25,20
T34W,KPVTLYDVAEYAGVSYQTVSRVVNQASHVSAKWREKVEAAMAELNYIPNRVAQQLAGKQ,1,306,422,12,11
T34Y,KPVTLYDVAEYAGVSYQTVSRVVNQASHVSAKYREKVEAAMAELNYIPNRVAQQLAGKQ,1,265,318,6,9
R35A,KPVTLYDVAEYAGVSYQTVSRVVNQASHVSAKTAEKVEAAMAELNYIPNRVAQQLAGKQ,1,240,354,648,786
R35C,KPVTLYDVAEYAGVSYQTVSRVVNQASHVSAKTCEKVEAAMAELNYIPNRVAQQLAGKQ,1,330,447,154,213
R35D,KPVTLYDVAEYAGVSYQTVSRVVNQASHVSAKTDEKVEAAMAELNYIPNRVAQQLAGKQ,1,241,319,8,9
R35E,KPVTLYDVAEYAGVSYQTVSRVVNQASHVSAKTEEKVEAAMAELNYIPNRVAQQLAGKQ,1,240,267,6,8
R35F,KPVTLYDVAEYAGVSYQTVSRVVNQASHVSAKTFEKVEAAMAELNYIPNRVAQQLAGKQ,1,230,306,53,70
R35G,KPVTLYDVAEYAGVSYQTVSRVVNQASHVSAKTGEKVEAAMAELNYIPNRVAQQLAGKQ,1,213,303,17,26
R35H,KPVTLYDVAEYAGVSYQTVSRVVNQASHVSAKTHEKVEAAMAELNYIPNRVAQQLAGKQ,1,157,185,53,48
R35I,KPVTLYDVAEYAGVSYQTVSRVVNQASHVSAKTIEKVEAAMAELNYIPNRVAQQLAGKQ,1,335,445,520,761
R35K,KPVTLYDVAEYAGVSYQTVSRVVNQASHVSAKTKEKVEAAMAELNYIPNRVAQQLAGKQ,1,283,331,1334,1783
R35L,KPVTLYDVAEYAGVSYQTVSRVVNQASHVSAKTLEKVEAAMAELNYIPNRVAQQLAGKQ,1,317,405,486,758
R35M,KPVTLYDVAEYAGVSYQTVSRVVNQASHVSAKTMEKVEAAMAELNYIPNRVAQQLAGKQ,1,289,369,608,769
R35N,KPVTLYDVAEYAGVSYQTVSRVVNQASHVSAKTNEKVEAAMAELNYIPNRVAQQLAGKQ,1,261,273,6,13
R35P,KPVTLYDVAEYAGVSYQTVSRVVNQASHVSAKTPEKVEAAMAELNYIPNRVAQQLAGKQ,1,113,159,5,12
R35Q,KPVTLYDVAEYAGVSYQTVSRVVNQASHVSAKTQEKVEAAMAELNYIPNRVAQQLAGKQ,1,215,301,1045,1382
R35S,KPVTLYDVAEYAGVSYQTVSRVVNQASHVSAKTSEKVEAAMAELNYIPNRVAQQLAGKQ,1,118,185,30,32
R35T,KPVTLYDVAEYAGVSYQTVSRVVNQASHVSAKTTEKVEAAMAELNYIPNRVAQQLAGKQ,1,321,400,437,506
R35V,KPVTLYDVAEYAGVSYQTVSRVVNQASHVSAKTVEKVEAAMAELNYIPNRVAQQLAGKQ,1,299,398,187,275
R35W,KPVTLYDVAEYAGVSYQTVSRVVNQASHVSAKTWEKVEAAMAELNYIPNRVAQQLAGKQ,1,181,230,45,32
R35Y,KPVTLYDVAEYAGVSYQTVSRVVNQASHVSAKTYEKVEAAMAELNYIPNRVAQQLAGKQ,1,286,386,156,174
E36A,KPVTLYDVAEYAGVSYQTVSRVVNQASHVSAKTRAKVEAAMAELNYIPNRVAQQLAGKQ,1,385,462,2174,2632
E36C,KPVTLYDVAEYAGVSYQTVSRVVNQASHVSAKTRCKVEAAMAELNYIPNRVAQQLAGKQ,1,486,645,2831,3234
E36D,KPVTLYDVAEYAGVSYQTVSRVVNQASHVSAKTRDKVEAAMAELNYIPNRVAQQLAGKQ,1,326,399,1619,2089
E36F,KPVTLYDVAEYAGVSYQTVSRVVNQASHVSAKTRFKVEAAMAELNYIPNRVAQQLAGKQ,1,526,778,3241,3852
E36G,KPVTLYDVAEYAGVSYQTVSRVVNQASHVSAKTRGKVEAAMAELNYIPNRVAQQLAGKQ,1,242,306,1384,1599
E36H,KPVTLYDVAEYAGVSYQTVSRVVNQASHVSAKTRHKVEAAMAELNYIPNRVAQQLAGKQ,1,369,436,1979,2306
E36I,KPVTLYDVAEYAGVSYQTVSRVVNQASHVSAKTRIKVEAAMAELNYIPNRVAQQLAGKQ,1,280,321,1613,1652
E36K,KPVTLYDVAEYAGVSYQTVSRVVNQASHVSAKTRKKVEAAMAELNYIPNRVAQQLAGKQ,1,364,456,2184,2535
E36L,KPVTLYDVAEYAGVSYQTVSRVVNQASHVSAKTRLKVEAAMAELNYIPNRVAQQLAGKQ,1,438,573,2564,3014
E36M,KPVTLYDVAEYAGVSYQTVSRVVNQASHVSAKTRMKVEAAMAELNYIPNRVAQQLAGKQ,1,381,549,2478,2576
E36N,KPVTLYDVAEYAGVSYQTVSRVVNQASHVSAKTRNKVEAAMAELNYIPNRVAQQLAGKQ,1,366,457,1982,2305
E36P,KPVTLYDVAEYAGVSYQTVSRVVNQASHVSAKTRPKVEAAMAELNYIPNRVAQQLAGKQ,1,254,348,9,13
E36Q,KPVTLYDVAEYAGVSYQTVSRVVNQASHVSAKTRQKVEAAMAELNYIPNRVAQQLAGKQ,1,515,622,2760,3460
E36R,KPVTLYDVAEYAGVSYQTVSRVVNQASHVSAKTRRKVEAAMAELNYIPNRVAQQLAGKQ,1,495,633,3011,3535
E36S,KPVTLYDVAEYAGVSYQTVSRVVNQASHVSAKTRSKVEAAMAELNYIPNRVAQQLAGKQ,1,308,378,1873,2247
E36T,KPVTLYDVAEYAGVSYQTVSRVVNQASHVSAKTRTKVEAAMAELNYIPNRVAQQLAGKQ,1,376,458,2812,3088
E36V,KPVTLYDVAEYAGVSYQTVSRVVNQASHVSAKTRVKVEAAMAELNYIPNRVAQQLAGKQ,1,405,521,2390,2440
E36W,KPVTLYDVAEYAGVSYQTVSRVVNQASHVSAKTRWKVEAAMAELNYIPNRVAQQLAGKQ,1,308,372,1705,1997
E36Y,KPVTLYDVAEYAGVSYQTVSRVVNQASHVSAKTRYKVEAAMAELNYIPNRVAQQLAGKQ,1,299,444,1746,1877
K37A,KPVTLYDVAEYAGVSYQTVSRVVNQASHVSAKTREAVEAAMAELNYIPNRVAQQLAGKQ,1,391,519,2254,2849
K37C,KPVTLYDVAEYAGVSYQTVSRVVNQASHVSAKTRECVEAAMAELNYIPNRVAQQLAGKQ,1,467,619,1923,2368
K37D,KPVTLYDVAEYAGVSYQTVSRVVNQASHVSAKTREDVEAAMAELNYIPNRVAQQLAGKQ,1,256,333,21,29
K37E,KPVTLYDVAEYAGVSYQTVSRVVNQASHVSAKTREEVEAAMAELNYIPNRVAQQLAGKQ,1,248,257,76,72
K37F,KPVTLYDVAEYAGVSYQTVSRVVNQASHVSAKTREFVEAAMAELNYIPNRVAQQLAGKQ,1,245,334,8,26
K37G,KPVTLYDVAEYAGVSYQTVSRVVNQASHVSAKTREGVEAAMAELNYIPNRVAQQLAGKQ,1,311,394,38,29
K37H,KPVTLYDVAEYAGVSYQTVSRVVNQASHVSAKTREHVEAAMAELNYIPNRVAQQLAGKQ,1,376,503,1776,1975
K37I,KPVTLYDVAEYAGVSYQTVSRVVNQASHVSAKTREIVEAAMAELNYIPNRVAQQLAGKQ,1,416,525,2084,2465
K37L,KPVTLYDVAEYAGVSYQTVSRVVNQASHVSAKTRELVEAAMAELNYIPNRVAQQLAGKQ,1,436,559,2391,2668
K37M,KPVTLYDVAEYAGVSYQTVSRVVNQASHVSAKTREMVEAAMAELNYIPNRVAQQLAGKQ,1,289,398,1750,1995
K37N,KPVTLYDVAEYAGVSYQTVSRVVNQASHVSAKTRENVEAAMAELNYIPNRVAQQLAGKQ,1,331,411,1808,2038
K37P,KPVTLYDVAEYAGVSYQTVSRVVNQASHVSAKTREPVEAAMAELNYIPNRVAQQLAGKQ,1,228,348,12,19
K37Q,KPVTLYDVAEYAGVSYQTVSRVVNQASHVSAKTREQVEAAMAELNYIPNRVAQQLAGKQ,1,314,397,1321,1738
K37R,KPVTLYDVAEYAGVSYQTVSRVVNQASHVSAKTRERVEAAMAELNYIPNRVAQQLAGKQ,1,478,659,3440,4021
K37S,KPVTLYDVAEYAGVSYQTVSRVVNQASHVSAKTRESVEAAMAELNYIPNRVAQQLAGKQ,1,261,343,848,1101
K37T,KPVTLYDVAEYAGVSYQTVSRVVNQASHVSAKTRETVEAAMAELNYIPNRVAQQLAGKQ,1,332,454,1386,1854
K37V,KPVTLYDVAEYAGVSYQTVSRVVNQASHVSAKTREVVEAAMAELNYIPNRVAQQLAGKQ,1,338,472,2149,2571
K37W,KPVTLYDVAEYAGVSYQTVSRVVNQASHVSAKTREWVEAAMAELNYIPNRVAQQLAGKQ,1,411,480,13,14
K37Y,KPVTLYDVAEYAGVSYQTVSRVVNQASHVSAKTREYVEAAMAELNYIPNRVAQQLAGKQ,1,335,489,22,29
V38A,KPVTLYDVAEYAGVSYQTVSRVVNQASHVSAKTREKAEAAMAELNYIPNRVAQQLAGKQ,1,162,225,12,12
V38C,KPVTLYDVAEYAGVSYQTVSRVVNQASHVSAKTREKCEAAMAELNYIPNRVAQQLAGKQ,1,301,446,216,233
V38D,KPVTLYDVAEYAGVSYQTVSRVVNQASHVSAKTREKDEAAMAELNYIPNRVAQQLAGKQ,1,182,231,1,13
V38E,KPVTLYDVAEYAGVSYQTVSRVVNQASHVSAKTREKEEAAMAELNYIPNRVAQQLAGKQ,1,191,245,22,20
V38F,KPVTLYDVAEYAGVSYQTVSRVVNQASHVSAKTREKFEAAMAELNYIPNRVAQQLAGKQ,1,254,344,9,8
V38G,KPVTLYDVAEYAGVSYQTVSRVVNQASHVSAKTREKGEAAMAELNYIPNRVAQQLAGKQ,1,212,286,23,23
V38H,KPVTLYDVAEYAGVSYQTVSRVVNQASHVSAKTREKHEAAMAELNYIPNRVAQQLAGKQ,1,230,238,11,8
V38I,KPVTLYDVAEYAGVSYQTVSRVVNQASHVSAKTREKIEAAMAELNYIPNRVAQQLAGKQ,1,291,379,538,586
V38K,KPVTLYDVAEYAGVSYQTVSRVVNQASHVSAKTREKKEAAMAELNYIPNRVAQQLAGKQ,1,270,329,6,2
V38L,KPVTLYDVAEYAGVSYQTVSRVVNQASHVSAKTREKLEAAMAELNYIPNRVAQQLAGKQ,1,285,353,17,30
V38M,KPVTLYDVAEYAGVSYQTVSRVVNQASHVSAKTREKMEAAMAELNYIPNRVAQQLAGKQ,1,258,329,14,31
V38N,KPVTLYDVAEYAGVSYQTVSRVVNQASHVSAKTREKNEAAMAELNYIPNRVAQQLAGKQ,1,235,254,8,8
V38P,KPVTLYDVAEYAGVSYQTVSRVVNQASHVSAKTREKPEAAMAELNYIPNRVAQQLAGKQ,1,207,259,3,4
V38Q,KPVTLYDVAEYAGVSYQTVSRVVNQASHVSAKTREKQEAAMAELNYIPNRVAQQLAGKQ,1,178,231,7,15
V38R,KPVTLYDVAEYAGVSYQTVSRVVNQASHVSAKTREKREAAMAELNYIPNRVAQQLAGKQ,1,280,360,9,25
V38S,KPVTLYDVAEYAGVSYQTVSRVVNQASHVSAKTREKSEAAMAELNYIPNRVAQQLAGKQ,1,327,416,8,11
V38T,KPVTLYDVAEYAGVSYQTVSRVVNQASHVSAKTREKTEAAMAELNYIPNRVAQQLAGKQ,1,248,272,6,9
V38W,KPVTLYDVAEYAGVSYQTVSRVVNQASHVSAKTREKWEAAMAELNYIPNRVAQQLAGKQ,1,170,235,6,6
V38Y,KPVTLYDVAEYAGVSYQTVSRVVNQASHVSAKTREKYEAAMAELNYIPNRVAQQLAGKQ,1,251,310,8,8
E39A,KPVTLYDVAEYAGVSYQTVSRVVNQASHVSAKTREKVAAAMAELNYIPNRVAQQLAGKQ,1,291,422,1683,1854
E39C,KPVTLYDVAEYAGVSYQTVSRVVNQASHVSAKTREKVCAAMAELNYIPNRVAQQLAGKQ,1,417,590,2757,3179
E39D,KPVTLYDVAEYAGVSYQTVSRVVNQASHVSAKTREKVDAAMAELNYIPNRVAQQLAGKQ,1,267,370,993,1271
E39F,KPVTLYDVAEYAGVSYQTVSRVVNQASHVSAKTREKVFAAMAELNYIPNRVAQQLAGKQ,1,458,576,2309,2746
E39G,KPVTLYDVAEYAGVSYQTVSRVVNQASHVSAKTREKVGAAMAELNYIPNRVAQQLAGKQ,1,347,467,1770,1876
E39H,KPVTLYDVAEYAGVSYQTVSRVVNQASHVSAKTREKVHAAMAELNYIPNRVAQQLAGKQ,1,334,467,1905,2582
E39I,KPVTLYDVAEYAGVSYQTVSRVVNQASHVSAKTREKVIAAMAELNYIPNRVAQQLAGKQ,1,378,502,2352,2700
E39K,KPVTLYDVAEYAGVSYQTVSRVVNQASHVSAKTREKVKAAMAELNYIPNRVAQQLAGKQ,1,317,419,1639,1954
E39L,KPVTLYDVAEYAGVSYQTVSRVVNQASHVSAKTREKVLAAMAELNYIPNRVAQQLAGKQ,1,306,444,1751,2114
E39M,KPVTLYDVAEYAGVSYQTVSRVVNQASHVSAKTREKVMAAMAELNYIPNRVAQQLAGKQ,1,261,338,1836,1844
E39N,KPVTLYDVAEYAGVSYQTVSRVVNQASHVSAKTREKVNAAMAELNYIPNRVAQQLAGKQ,1,333,438,2012,2157
E39P,KPVTLYDVAEYAGVSYQTVSRVVNQASHVSAKTREKVPAAMAELNYIPNRVAQQLAGKQ,1,230,315,7,4
E39Q,KPVTLYDVAEYAGVSYQTVSRVVNQASHVSAKTREKVQAAMAELNYIPNRVAQQLAGKQ,1,309,358,1779,2007
E39R,KPVTLYDVAEYAGVSYQTVSRVVNQASHVSAKTREKVRAAMAELNYIPNRVAQQLAGKQ,1,344,428,1918,2684
E39S,KPVTLYDVAEYAGVSYQTVSRVVNQASHVSAKTREKVSAAMAELNYIPNRVAQQLAGKQ,1,330,471,1857,2256
E39T,KPVTLYDVAEYAGVSYQTVSRVVNQASHVSAKTREKVTAAMAELNYIPNRVAQQLAGKQ,1,329,420,1962,2457
E39V,KPVTLYDVAEYAGVSYQTVSRVVNQASHVSAKTREKVVAAMAELNYIPNRVAQQLAGKQ,1,289,356,1695,1968
E39W,KPVTLYDVAEYAGVSYQTVSRVVNQASHVSAKTREKVWAAMAELNYIPNRVAQQLAGKQ,1,367,519,1110,1288
E39Y,KPVTLYDVAEYAGVSYQTVSRVVNQASHVSAKTREKVYAAMAELNYIPNRVAQQLAGKQ,1,383,531,1320,1782
A40C,KPVTLYDVAEYAGVSYQTVSRVVNQASHVSAKTREKVECAMAELNYIPNRVAQQLAGKQ,1,315,441,1909,2122
A40D,KPVTLYDVAEYAGVSYQTVSRVVNQASHVSAKTREKVEDAMAELNYIPNRVAQQLAGKQ,1,289,381,1542,1955
A40E,KPVTLYDVAEYAGVSYQTVSRVVNQASHVSAKTREKVEEAMAELNYIPNRVAQQLAGKQ,1,473,559,2521,2888
A40F,KPVTLYDVAEYAGVSYQTVSRVVNQASHVSAKTREKVEFAMAELNYIPNRVAQQLAGKQ,1,427,584,2215,2981
A40G,KPVTLYDVAEYAGVSYQTVSRVVNQASHVSAKTREKVEGAMAELNYIPNRVAQQLAGKQ,1,397,455,2068,2588
A40H,KPVTLYDVAEYAGVSYQTVSRVVNQASHVSAKTREKVEHAMAELNYIPNRVAQQLAGKQ,1,361,432,2583,2925
A40I,KPVTLYDVAEYAGVSYQTVSRVVNQASHVSAKTREKVEIAMAELNYIPNRVAQQLAGKQ,1,392,526,2046,2568
A40K,KPVTLYDVAEYAGVSYQTVSRVVNQASHVSAKTREKVEKAMAELNYIPNRVAQQLAGKQ,1,421,515,2374,2600
A40L,KPVTLYDVAEYAGVSYQTVSRVVNQASHVSAKTREKVELAMAELNYIPNRVAQQLAGKQ,1,217,288,1349,1777
A40M,KPVTLYDVAEYAGVSYQTVSRVVNQASHVSAKTREKVEMAMAELNYIPNRVAQQLAGKQ,1,360,476,2108,2800
A40N,KPVTLYDVAEYAGVSYQTVSRVVNQASHVSAKTREKVENAMAELNYIPNRVAQQLAGKQ,1,232,278,1221,1591
A40P,KPVTLYDVAEYAGVSYQTVSRVVNQASHVSAKTREKVEPAMAELNYIPNRVAQQLAGKQ,1,258,337,42,23
A40Q,KPVTLYDVAEYAGVSYQTVSRVVNQASHVSAKTREKVEQAMAELNYIPNRVAQQLAGKQ,1,309,389,1929,2031
A40R,KPVTLYDVAEYAGVSYQTVSRVVNQASHVSAKTREKVERAMAELNYIPNRVAQQLAGKQ,1,318,447,2042,2280
A40S,KPVTLYDVAEYAGVSYQTVSRVVNQASHVSAKTREKVESAMAELNYIPNRVAQQLAGKQ,1,363,540,2403,2831
A40T,KPVTLYDVAEYAGVSYQTVSRVVNQASHVSAKTREKVETAMAELNYIPNRVAQQLAGKQ,1,374,475,2008,2691
A40V,KPVTLYDVAEYAGVSYQTVSRVVNQASHVSAKTREKVEVAMAELNYIPNRVAQQLAGKQ,1,326,431,1967,1987
A40W,KPVTLYDVAEYAGVSYQTVSRVVNQASHVSAKTREKVEWAMAELNYIPNRVAQQLAGKQ,1,239,292,1234,1474
A40Y,KPVTLYDVAEYAGVSYQTVSRVVNQASHVSAKTREKVEYAMAELNYIPNRVAQQLAGKQ,1,467,643,2421,3267
A41C,KPVTLYDVAEYAGVSYQTVSRVVNQASHVSAKTREKVEACMAELNYIPNRVAQQLAGKQ,1,367,478,2318,2485
A41D,KPVTLYDVAEYAGVSYQTVSRVVNQASHVSAKTREKVEADMAELNYIPNRVAQQLAGKQ,1,285,369,27,17
A41E,KPVTLYDVAEYAGVSYQTVSRVVNQASHVSAKTREKVEAEMAELNYIPNRVAQQLAGKQ,1,267,302,12,20
A41F,KPVTLYDVAEYAGVSYQTVSRVVNQASHVSAKTREKVEAFMAELNYIPNRVAQQLAGKQ,1,221,294,6,7
A41G,KPVTLYDVAEYAGVSYQTVSRVVNQASHVSAKTREKVEAGMAELNYIPNRVAQQLAGKQ,1,184,256,44,49
A41H,KPVTLYDVAEYAGVSYQTVSRVVNQASHVSAKTREKVEAHMAELNYIPNRVAQQLAGKQ,1,197,250,6,7
A41I,KPVTLYDVAEYAGVSYQTVSRVVNQASHVSAKTREKVEAIMAELNYIPNRVAQQLAGKQ,1,344,422,532,631
A41K,KPVTLYDVAEYAGVSYQTVSRVVNQASHVSAKTREKVEAKMAELNYIPNRVAQQLAGKQ,1,254,267,38,43
A41L,KPVTLYDVAEYAGVSYQTVSRVVNQASHVSAKTREKVEALMAELNYIPNRVAQQLAGKQ,1,271,304,4,6
A41M,KPVTLYDVAEYAGVSYQTVSRVVNQASHVSAKTREKVEAMMAELNYIPNRVAQQLAGKQ,1,325,364,38,42
A41N,KPVTLYDVAEYAGVSYQTVSRVVNQASHVSAKTREKVEANMAELNYIPNRVAQQLAGKQ,1,206,292,6,10
A41P,KPVTLYDVAEYAGVSYQTVSRVVNQASHVSAKTREKVEAPMAELNYIPNRVAQQLAGKQ,1,286,360,17,14
A41Q,KPVTLYDVAEYAGVSYQTVSRVVNQASHVSAKTREKVEAQMAELNYIPNRVAQQLAGKQ,1,245,287,12,16
A41R,KPVTLYDVAEYAGVSYQTVSRVVNQASHVSAKTREKVEARMAELNYIPNRVAQQLAGKQ,1,354,426,31,18
A41S,KPVTLYDVAEYAGVSYQTVSRVVNQASHVSAKTREKVEASMAELNYIPNRVAQQLAGKQ,1,359,466,1293,1596
A41T,KPVTLYDVAEYAGVSYQTVSRVVNQASHVSAKTREKVEATMAELNYIPNRVAQQLAGKQ,1,316,413,1021,1296
A41V,KPVTLYDVAEYAGVSYQTVSRVVNQASHVSAKTREKVEAVMAELNYIPNRVAQQLAGKQ,1,387,455,2030,2295
A41W,KPVTLYDVAEYAGVSYQTVSRVVNQASHVSAKTREKVEAWMAELNYIPNRVAQQLAGKQ,1,312,370,45,20
A41Y,KPVTLYDVAEYAGVSYQTVSRVVNQASHVSAKTREKVEAYMAELNYIPNRVAQQLAGKQ,1,291,354,19,15
M42A,KPVTLYDVAEYAGVSYQTVSRVVNQASHVSAKTREKVEAAAAELNYIPNRVAQQLAGKQ,1,265,370,531,657
M42C,KPVTLYDVAEYAGVSYQTVSRVVNQASHVSAKTREKVEAACAELNYIPNRVAQQLAGKQ,1,268,345,1408,1700
M42D,KPVTLYDVAEYAGVSYQTVSRVVNQASHVSAKTREKVEAADAELNYIPNRVAQQLAGKQ,1,211,263,2,9
M42E,KPVTLYDVAEYAGVSYQTVSRVVNQASHVSAKTREKVEAAEAELNYIPNRVAQQLAGKQ,1,288,369,11,17
M42F,KPVTLYDVAEYAGVSYQTVSRVVNQASHVSAKTREKVEAAFAELNYIPNRVAQQLAGKQ,1,293,327,294,378
M42G,KPVTLYDVAEYAGVSYQTVSRVVNQASHVSAKTREKVEAAGAELNYIPNRVAQQLAGKQ,1,268,328,17,17
M42H,KPVTLYDVAEYAGVSYQTVSRVVNQASHVSAKTREKVEAAHAELNYIPNRVAQQLAGKQ,1,223,274,11,8
M42I,KPVTLYDVAEYAGVSYQTVSRVVNQASHVSAKTREKVEAAIAELNYIPNRVAQQLAGKQ,1,322,394,1585,1924
M42K,KPVTLYDVAEYAGVSYQTVSRVVNQASHVSAKTREKVEAAKAELNYIPNRVAQQLAGKQ,1,248,321,34,29
M42L,KPVTLYDVAEYAGVSYQTVSRVVNQASHVSAKTREKVEAALAELNYIPNRVAQQLAGKQ,1,299,441,1509,2097
M42N,KPVTLYDVAEYAGVSYQTVSRVVNQASHVSAKTREKVEAANAELNYIPNRVAQQLAGKQ,1,191,261,7,7
M42P,KPVTLYDVAEYAGVSYQTVSRVVNQASHVSAKTREKVEAAPAELNYIPNRVAQQLAGKQ,1,151,234,7,5
M42Q,KPVTLYDVAEYAGVSYQTVSRVVNQASHVSAKTREKVEAAQAELNYIPNRVAQQLAGKQ,1,192,235,2,11
M42R,KPVTLYDVAEYAGVSYQTVSRVVNQASHVSAKTREKVEAARAELNYIPNRVAQQLAGKQ,1,185,286,51,74
M42S,KPVTLYDVAEYAGVSYQTVSRVVNQASHVSAKTREKVEAASAELNYIPNRVAQQLAGKQ,1,243,292,17,13
M42T,KPVTLYDVAEYAGVSYQTVSRVVNQASHVSAKTREKVEAATAELNYIPNRVAQQLAGKQ,1,157,168,16,36
M42V,KPVTLYDVAEYAGVSYQTVSRVVNQASHVSAKTREKVEAAVAELNYIPNRVAQQLAGKQ,1,194,256,863,1175
M42W,KPVTLYDVAEYAGVSYQTVSRVVNQASHVSAKTREKVEAAWAELNYIPNRVAQQLAGKQ,1,190,272,15,11
M42Y,KPVTLYDVAEYAGVSYQTVSRVVNQASHVSAKTREKVEAAYAELNYIPNRVAQQLAGKQ,1,212,261,7,14
A43C,KPVTLYDVAEYAGVSYQTVSRVVNQASHVSAKTREKVEAAMCELNYIPNRVAQQLAGKQ,1,309,394,1582,2148
A43D,KPVTLYDVAEYAGVSYQTVSRVVNQASHVSAKTREKVEAAMDELNYIPNRVAQQLAGKQ,1,332,424,1633,2095
A43E,KPVTLYDVAEYAGVSYQTVSRVVNQASHVSAKTREKVEAAMEELNYIPNRVAQQLAGKQ,1,237,311,1301,1718
A43F,KPVTLYDVAEYAGVSYQTVSRVVNQASHVSAKTREKVEAAMFELNYIPNRVAQQLAGKQ,1,400,460,1932,2347
A43G,KPVTLYDVAEYAGVSYQTVSRVVNQASHVSAKTREKVEAAMGELNYIPNRVAQQLAGKQ,1,361,414,1658,1846
A43H,KPVTLYDVAEYAGVSYQTVSRVVNQASHVSAKTREKVEAAMHELNYIPNRVAQQLAGKQ,1,304,350,1507,1980
A43I,KPVTLYDVAEYAGVSYQTVSRVVNQASHVSAKTREKVEAAMIELNYIPNRVAQQLAGKQ,1,385,436,2008,2434
A43K,KPVTLYDVAEYAGVSYQTVSRVVNQASHVSAKTREKVEAAMKELNYIPNRVAQQLAGKQ,1,313,395,1649,2413
A43L,KPVTLYDVAEYAGVSYQTVSRVVNQASHVSAKTREKVEAAMLELNYIPNRVAQQLAGKQ,1,411,522,2099,2415
A43M,KPVTLYDVAEYAGVSYQTVSRVVNQASHVSAKTREKVEAAMMELNYIPNRVAQQLAGKQ,1,411,499,2134,2644
A43N,KPVTLYDVAEYAGVSYQTVSRVVNQASHVSAKTREKVEAAMNELNYIPNRVAQQLAGKQ,1,348,415,1810,2320
A43P,KPVTLYDVAEYAGVSYQTVSRVVNQASHVSAKTREKVEAAMPELNYIPNRVAQQLAGKQ,1,181,227,32,20
A43Q,KPVTLYDVAEYAGVSYQTVSRVVNQASHVSAKTREKVEAAMQELNYIPNRVAQQLAGKQ,1,293,382,1490,1823
A43R,KPVTLYDVAEYAGVSYQTVSRVVNQASHVSAKTREKVEAAMRELNYIPNRVAQQLAGKQ,1,376,493,2038,2503
A43S,KPVTLYDVAEYAGVSYQTVSRVVNQASHVSAKTREKVEAAMSELNYIPNRVAQQLAGKQ,1,260,340,1344,1857
A43T,KPVTLYDVAEYAGVSYQTVSRVVNQASHVSAKTREKVEAAMTELNYIPNRVAQQLAGKQ,1,459,564,2489,3044
A43V,KPVTLYDVAEYAGVSYQTVSRVVNQASHVSAKTREKVEAAMVELNYIPNRVAQQLAGKQ,1,354,505,2104,2519
A43W,KPVTLYDVAEYAGVSYQTVSRVVNQASHVSAKTREKVEAAMWELNYIPNRVAQQLAGKQ,1,298,385,1317,1871
A43Y,KPVTLYDVAEYAGVSYQTVSRVVNQASHVSAKTREKVEAAMYELNYIPNRVAQQLAGKQ,1,325,447,1755,2061
E44A,KPVTLYDVAEYAGVSYQTVSRVVNQASHVSAKTREKVEAAMAALNYIPNRVAQQLAGKQ,1,419,557,2665,3640
E44C,KPVTLYDVAEYAGVSYQTVSRVVNQASHVSAKTREKVEAAMACLNYIPNRVAQQLAGKQ,1,299,385,1410,1780
E44D,KPVTLYDVAEYAGVSYQTVSRVVNQASHVSAKTREKVEAAMADLNYIPNRVAQQLAGKQ,1,344,467,1865,2381
E44F,KPVTLYDVAEYAGVSYQTVSRVVNQASHVSAKTREKVEAAMAFLNYIPNRVAQQLAGKQ,1,402,522,1098,1161
E44G,KPVTLYDVAEYAGVSYQTVSRVVNQASHVSAKTREKVEAAMAGLNYIPNRVAQQLAGKQ,1,258,359,1007,1349
E44H,KPVTLYDVAEYAGVSYQTVSRVVNQASHVSAKTREKVEAAMAHLNYIPNRVAQQLAGKQ,1,354,436,2179,2350
E44I,KPVTLYDVAEYAGVSYQTVSRVVNQASHVSAKTREKVEAAMAILNYIPNRVAQQLAGKQ,1,349,444,1778,2403
E44K,KPVTLYDVAEYAGVSYQTVSRVVNQASHVSAKTREKVEAAMAKLNYIPNRVAQQLAGKQ,1,303,370,1672,2284
E44L,KPVTLYDVAEYAGVSYQTVSRVVNQASHVSAKTREKVEAAMALLNYIPNRVAQQLAGKQ,1,417,540,1493,1631
E44M,KPVTLYDVAEYAGVSYQTVSRVVNQASHVSAKTREKVEAAMAMLNYIPNRVAQQLAGKQ,1,216,290,1167,1580
E44N,KPVTLYDVAEYAGVSYQTVSRVVNQASHVSAKTREKVEAAMANLNYIPNRVAQQLAGKQ,1,246,289,1149,1350
E44P,KPVTLYDVAEYAGVSYQTVSRVVNQASHVSAKTREKVEAAMAPLNYIPNRVAQQLAGKQ,1,297,372,8,5
E44Q,KPVTLYDVAEYAGVSYQTVSRVVNQASHVSAKTREKVEAAMAQLNYIPNRVAQQLAGKQ,1,506,688,2977,3418
E44R,KPVTLYDVAEYAGVSYQTVSRVVNQASHVSAKTREKVEAAMARLNYIPNRVAQQLAGKQ,1,324,395,1533,1986
E44S,KPVTLYDVAEYAGVSYQTVSRVVNQASHVSAKTREKVEAAMASLNYIPNRVAQQLAGKQ,1,352,472,1808,2537
E44T,KPVTLYDVAEYAGVSYQTVSRVVNQASHVSAKTREKVEAAMATLNYIPNRVAQQLAGKQ,1,283,352,1373,1891
E44V,KPVTLYDVAEYAGVSYQTVSRVVNQASHVSAKTREKVEAAMAVLNYIPNRVAQQLAGKQ,1,316,382,1493,2078
E44W,KPVTLYDVAEYAGVSYQTVSRVVNQASHVSAKTREKVEAAMAWLNYIPNRVAQQLAGKQ,1,257,345,10,31
E44Y,KPVTLYDVAEYAGVSYQTVSRVVNQASHVSAKTREKVEAAMAYLNYIPNRVAQQLAGKQ,1,284,346,1693,2214
L45A,KPVTLYDVAEYAGVSYQTVSRVVNQASHVSAKTREKVEAAMAEANYIPNRVAQQLAGKQ,1,206,267,4,19
L45C,KPVTLYDVAEYAGVSYQTVSRVVNQASHVSAKTREKVEAAMAECNYIPNRVAQQLAGKQ,1,328,457,130,126
L45D,KPVTLYDVAEYAGVSYQTVSRVVNQASHVSAKTREKVEAAMAEDNYIPNRVAQQLAGKQ,1,334,388,12,10
L45E,KPVTLYDVAEYAGVSYQTVSRVVNQASHVSAKTREKVEAAMAEENYIPNRVAQQLAGKQ,1,310,357,19,8
L45F,KPVTLYDVAEYAGVSYQTVSRVVNQASHVSAKTREKVEAAMAEFNYIPNRVAQQLAGKQ,1,171,266,17,31
L45G,KPVTLYDVAEYAGVSYQTVSRVVNQASHVSAKTREKVEAAMAEGNYIPNRVAQQLAGKQ,1,321,399,11,11
L45H,KPVTLYDVAEYAGVSYQTVSRVVNQASHVSAKTREKVEAAMAEHNYIPNRVAQQLAGKQ,1,224,281,12,5
L45I,KPVTLYDVAEYAGVSYQTVSRVVNQASHVSAKTREKVEAAMAEINYIPNRVAQQLAGKQ,1,272,360,212,328
L45K,KPVTLYDVAEYAGVSYQTVSRVVNQASHVSAKTREKVEAAMAEKNYIPNRVAQQLAGKQ,1,241,305,5,7
L45M,KPVTLYDVAEYAGVSYQTVSRVVNQASHVSAKTREKVEAAMAEMNYIPNRVAQQLAGKQ,1,277,386,1230,1643
L45N,KPVTLYDVAEYAGVSYQTVSRVVNQASHVSAKTREKVEAAMAENNYIPNRVAQQLAGKQ,1,221,267,4,7
L45P,KPVTLYDVAEYAGVSYQTVSRVVNQASHVSAKTREKVEAAMAEPNYIPNRVAQQLAGKQ,1,202,228,49,61
L45Q,KPVTLYDVAEYAGVSYQTVSRVVNQASHVSAKTREKVEAAMAEQNYIPNRVAQQLAGKQ,1,281,371,24,12
L45R,KPVTLYDVAEYAGVSYQTVSRVVNQASHVSAKTREKVEAAMAERNYIPNRVAQQLAGKQ,1,286,369,21,26
L45S,KPVTLYDVAEYAGVSYQTVSRVVNQASHVSAKTREKVEAAMAESNYIPNRVAQQLAGKQ,1,197,260,5,5
L45T,KPVTLYDVAEYAGVSYQTVSRVVNQASHVSAKTREKVEAAMAETNYIPNRVAQQLAGKQ,1,170,208,38,32
L45V,KPVTLYDVAEYAGVSYQTVSRVVNQASHVSAKTREKVEAAMAEVNYIPNRVAQQLAGKQ,1,246,283,16,17
L45W,KPVTLYDVAEYAGVSYQTVSRVVNQASHVSAKTREKVEAAMAEWNYIPNRVAQQLAGKQ,1,206,250,6,2
L45Y,KPVTLYDVAEYAGVSYQTVSRVVNQASHVSAKTREKVEAAMAEYNYIPNRVAQQLAGKQ,1,278,325,20,20
N46A,KPVTLYDVAEYAGVSYQTVSRVVNQASHVSAKTREKVEAAMAELAYIPNRVAQQLAGKQ,1,371,464,1998,2341
N46C,KPVTLYDVAEYAGVSYQTVSRVVNQASHVSAKTREKVEAAMAELCYIPNRVAQQLAGKQ,1,280,408,1740,2223
N46D,KPVTLYDVAEYAGVSYQTVSRVVNQASHVSAKTREKVEAAMAELDYIPNRVAQQLAGKQ,1,224,341,405,524
N46E,KPVTLYDVAEYAGVSYQTVSRVVNQASHVSAKTREKVEAAMAELEYIPNRVAQQLAGKQ,1,365,505,889,1405
N46F,KPVTLYDVAEYAGVSYQTVSRVVNQASHVSAKTREKVEAAMAELFYIPNRVAQQLAGKQ,1,238,315,30,32
N46G,KPVTLYDVAEYAGVSYQTVSRVVNQASHVSAKTREKVEAAMAELGYIPNRVAQQLAGKQ,1,250,324,599,844
N46H,KPVTLYDVAEYAGVSYQTVSRVVNQASHVSAKTREKVEAAMAELHYIPNRVAQQLAGKQ,1,313,415,1752,2063
N46I,KPVTLYDVAEYAGVSYQTVSRVVNQASHVSAKTREKVEAAMAELIYIPNRVAQQLAGKQ,1,148,204,16,21
N46K,KPVTLYDVAEYAGVSYQTVSRVVNQASHVSAKTREKVEAAMAELKYIPNRVAQQLAGKQ,1,279,375,1522,2100
N46L,KPVTLYDVAEYAGVSYQTVSRVVNQASHVSAKTREKVEAAMAELLYIPNRVAQQLAGKQ,1,385,530,140,171
N46M,KPVTLYDVAEYAGVSYQTVSRVVNQASHVSAKTREKVEAAMAELMYIPNRVAQQLAGKQ,1,286,379,1362,1531
N46P,KPVTLYDVAEYAGVSYQTVSRVVNQASHVSAKTREKVEAAMAELPYIPNRVAQQLAGKQ,1,225,237,5,7
N46Q,KPVTLYDVAEYAGVSYQTVSRVVNQASHVSAKTREKVEAAMAELQYIPNRVAQQLAGKQ,1,408,566,2689,3322
N46R,KPVTLYDVAEYAGVSYQTVSRVVNQASHVSAKTREKVEAAMAELRYIPNRVAQQLAGKQ,1,416,549,2659,3072
N46S,KPVTLYDVAEYAGVSYQTVSRVVNQASHVSAKTREKVEAAMAELSYIPNRVAQQLAGKQ,1,284,334,1585,1899
N46T,KPVTLYDVAEYAGVSYQTVSRVVNQASHVSAKTREKVEAAMAELTYIPNRVAQQLAGKQ,1,281,369,709,870
N46V,KPVTLYDVAEYAGVSYQTVSRVVNQASHVSAKTREKVEAAMAELVYIPNRVAQQLAGKQ,1,434,614,78,142
N46W,KPVTLYDVAEYAGVSYQTVSRVVNQASHVSAKTREKVEAAMAELWYIPNRVAQQLAGKQ,1,228,331,8,15
N46Y,KPVTLYDVAEYAGVSYQTVSRVVNQASHVSAKTREKVEAAMAELYYIPNRVAQQLAGKQ,1,317,383,1142,1400
Y47A,KPVTLYDVAEYAGVSYQTVSRVVNQASHVSAKTREKVEAAMAELNAIPNRVAQQLAGKQ,1,280,405,10,7
Y47C,KPVTLYDVAEYAGVSYQTVSRVVNQASHVSAKTREKVEAAMAELNCIPNRVAQQLAGKQ,1,296,368,45,48
Y47D,KPVTLYDVAEYAGVSYQTVSRVVNQASHVSAKTREKVEAAMAELNDIPNRVAQQLAGKQ,1,283,364,7,23
Y47E,KPVTLYDVAEYAGVSYQTVSRVVNQASHVSAKTREKVEAAMAELNEIPNRVAQQLAGKQ,1,297,316,9,13
Y47F,KPVTLYDVAEYAGVSYQTVSRVVNQASHVSAKTREKVEAAMAELNFIPNRVAQQLAGKQ,1,399,502,75,83
Y47G,KPVTLYDVAEYAGVSYQTVSRVVNQASHVSAKTREKVEAAMAELNGIPNRVAQQLAGKQ,1,186,260,12,12
Y47H,KPVTLYDVAEYAGVSYQTVSRVVNQASHVSAKTREKVEAAMAELNHIPNRVAQQLAGKQ,1,264,333,20,27
Y47I,KPVTLYDVAEYAGVSYQTVSRVVNQASHVSAKTREKVEAAMAELNIIPNRVAQQLAGKQ,1,274,381,21,19
Y47K,KPVTLYDVAEYAGVSYQTVSRVVNQASHVSAKTREKVEAAMAELNKIPNRVAQQLAGKQ,1,269,305,7,13
Y47L,KPVTLYDVAEYAGVSYQTVSRVVNQASHVSAKTREKVEAAMAELNLIPNRVAQQLAGKQ,1,297,405,7,17
Y47M,KPVTLYDVAEYAGVSYQTVSRVVNQASHVSAKTREKVEAAMAELNMIPNRVAQQLAGKQ,1,158,227,10,13
Y47N,KPVTLYDVAEYAGVSYQTVSRVVNQASHVSAKTREKVEAAMAELNNIPNRVAQQLAGKQ,1,188,238,11,16
Y47P,KPVTLYDVAEYAGVSYQTVSRVVNQASHVSAKTREKVEAAMAELNPIPNRVAQQLAGKQ,1,261,384,11,11
Y47Q,KPVTLYDVAEYAGVSYQTVSRVVNQASHVSAKTREKVEAAMAELNQIPNRVAQQLAGKQ,1,354,434,12,12
Y47R,KPVTLYDVAEYAGVSYQTVSRVVNQASHVSAKTREKVEAAMAELNRIPNRVAQQLAGKQ,1,265,343,15,7
Y47S,KPVTLYDVAEYAGVSYQTVSRVVNQASHVSAKTREKVEAAMAELNSIPNRVAQQLAGKQ,1,254,333,10,146
Y47T,KPVTLYDVAEYAGVSYQTVSRVVNQASHVSAKTREKVEAAMAELNTIPNRVAQQLAGKQ,1,219,255,6,11
Y47V,KPVTLYDVAEYAGVSYQTVSRVVNQASHVSAKTREKVEAAMAELNVIPNRVAQQLAGKQ,1,269,397,11,10
Y47W,KPVTLYDVAEYAGVSYQTVSRVVNQASHVSAKTREKVEAAMAELNWIPNRVAQQLAGKQ,1,351,478,1826,2133
I48A,KPVTLYDVAEYAGVSYQTVSRVVNQASHVSAKTREKVEAAMAELNYAPNRVAQQLAGKQ,1,193,212,2,8
I48C,KPVTLYDVAEYAGVSYQTVSRVVNQASHVSAKTREKVEAAMAELNYCPNRVAQQLAGKQ,1,259,364,11,17
I48D,KPVTLYDVAEYAGVSYQTVSRVVNQASHVSAKTREKVEAAMAELNYDPNRVAQQLAGKQ,1,150,199,3,9
I48E,KPVTLYDVAEYAGVSYQTVSRVVNQASHVSAKTREKVEAAMAELNYEPNRVAQQLAGKQ,1,263,300,12,13
I48F,KPVTLYDVAEYAGVSYQTVSRVVNQASHVSAKTREKVEAAMAELNYFPNRVAQQLAGKQ,1,302,371,59,83
I48G,KPVTLYDVAEYAGVSYQTVSRVVNQASHVSAKTREKVEAAMAELNYGPNRVAQQLAGKQ,1,236,298,8,7
I48H,KPVTLYDVAEYAGVSYQTVSRVVNQASHVSAKTREKVEAAMAELNYHPNRVAQQLAGKQ,1,211,255,9,6
I48K,KPVTLYDVAEYAGVSYQTVSRVVNQASHVSAKTREKVEAAMAELNYKPNRVAQQLAGKQ,1,251,355,15,14
I48L,KPVTLYDVAEYAGVSYQTVSRVVNQASHVSAKTREKVEAAMAELNYLPNRVAQQLAGKQ,1,296,361,164,209
I48M,KPVTLYDVAEYAGVSYQTVSRVVNQASHVSAKTREKVEAAMAELNYMPNRVAQQLAGKQ,1,428,649,288,358
I48N,KPVTLYDVAEYAGVSYQTVSRVVNQASHVSAKTREKVEAAMAELNYNPNRVAQQLAGKQ,1,218,275,24,27
I48P,KPVTLYDVAEYAGVSYQTVSRVVNQASHVSAKTREKVEAAMAELNYPPNRVAQQLAGKQ,1,300,406,16,21
I48Q,KPVTLYDVAEYAGVSYQTVSRVVNQASHVSAKTREKVEAAMAELNYQPNRVAQQLAGKQ,1,244,288,32,12
I48R,KPVTLYDVAEYAGVSYQTVSRVVNQASHVSAKTREKVEAAMAELNYRPNRVAQQLAGKQ,1,298,378,27,53
I48S,KPVTLYDVAEYAGVSYQTVSRVVNQASHVSAKTREKVEAAMAELNYSPNRVAQQLAGKQ,1,389,519,80,136
I48T,KPVTLYDVAEYAGVSYQTVSRVVNQASHVSAKTREKVEAAMAELNYTPNRVAQQLAGKQ,1,293,340,111,137
I48V,KPVTLYDVAEYAGVSYQTVSRVVNQASHVSAKTREKVEAAMAELNYVPNRVAQQLAGKQ,1,290,397,1125,1378
I48W,KPVTLYDVAEYAGVSYQTVSRVVNQASHVSAKTREKVEAAMAELNYWPNRVAQQLAGKQ,1,261,352,1,12
I48Y,KPVTLYDVAEYAGVSYQTVSRVVNQASHVSAKTREKVEAAMAELNYYPNRVAQQLAGKQ,1,250,345,23,34
P49A,KPVTLYDVAEYAGVSYQTVSRVVNQASHVSAKTREKVEAAMAELNYIANRVAQQLAGKQ,1,253,303,22,20
P49C,KPVTLYDVAEYAGVSYQTVSRVVNQASHVSAKTREKVEAAMAELNYICNRVAQQLAGKQ,1,289,370,3,11
P49D,KPVTLYDVAEYAGVSYQTVSRVVNQASHVSAKTREKVEAAMAELNYIDNRVAQQLAGKQ,1,229,289,5,5
P49E,KPVTLYDVAEYAGVSYQTVSRVVNQASHVSAKTREKVEAAMAELNYIENRVAQQLAGKQ,1,342,421,266,338
P49F,KPVTLYDVAEYAGVSYQTVSRVVNQASHVSAKTREKVEAAMAELNYIFNRVAQQLAGKQ,1,264,340,5,7
P49G,KPVTLYDVAEYAGVSYQTVSRVVNQASHVSAKTREKVEAAMAELNYIGNRVAQQLAGKQ,1,318,427,10,21
P49H,KPVTLYDVAEYAGVSYQTVSRVVNQASHVSAKTREKVEAAMAELNYIHNRVAQQLAGKQ,1,302,347,26,67
P49I,KPVTLYDVAEYAGVSYQTVSRVVNQASHVSAKTREKVEAAMAELNYIINRVAQQLAGKQ,1,285,369,10,9
P49K,KPVTLYDVAEYAGVSYQTVSRVVNQASHVSAKTREKVEAAMAELNYIKNRVAQQLAGKQ,1,273,317,2,9
P49L,KPVTLYDVAEYAGVSYQTVSRVVNQASHVSAKTREKVEAAMAELNYILNRVAQQLAGKQ,1,232,272,14,12
P49M,KPVTLYDVAEYAGVSYQTVSRVVNQASHVSAKTREKVEAAMAELNYIMNRVAQQLAGKQ,1,215,310,8,10
P49N,KPVTLYDVAEYAGVSYQTVSRVVNQASHVSAKTREKVEAAMAELNYINNRVAQQLAGKQ,1,231,317,15,10
P49Q,KPVTLYDVAEYAGVSYQTVSRVVNQASHVSAKTREKVEAAMAELNYIQNRVAQQLAGKQ,1,323,425,38,26
P49R,KPVTLYDVAEYAGVSYQTVSRVVNQASHVSAKTREKVEAAMAELNYIRNRVAQQLAGKQ,1,199,210,11,17
P49S,KPVTLYDVAEYAGVSYQTVSRVVNQASHVSAKTREKVEAAMAELNYISNRVAQQLAGKQ,1,142,186,26,30
P49T,KPVTLYDVAEYAGVSYQTVSRVVNQASHVSAKTREKVEAAMAELNYITNRVAQQLAGKQ,1,330,402,23,43
P49V,KPVTLYDVAEYAGVSYQTVSRVVNQASHVSAKTREKVEAAMAELNYIVNRVAQQLAGKQ,1,380,430,13,11
P49W,KPVTLYDVAEYAGVSYQTVSRVVNQASHVSAKTREKVEAAMAELNYIWNRVAQQLAGKQ,1,291,388,9,18
P49Y,KPVTLYDVAEYAGVSYQTVSRVVNQASHVSAKTREKVEAAMAELNYIYNRVAQQLAGKQ,1,224,276,3,12
N50A,KPVTLYDVAEYAGVSYQTVSRVVNQASHVSAKTREKVEAAMAELNYIPARVAQQLAGKQ,1,296,424,10,18
N50C,KPVTLYDVAEYAGVSYQTVSRVVNQASHVSAKTREKVEAAMAELNYIPCRVAQQLAGKQ,1,106,124,479,538
N50D,KPVTLYDVAEYAGVSYQTVSRVVNQASHVSAKTREKVEAAMAELNYIPDRVAQQLAGKQ,1,301,392,20,23
N50E,KPVTLYDVAEYAGVSYQTVSRVVNQASHVSAKTREKVEAAMAELNYIPERVAQQLAGKQ,1,276,370,6,14
N50F,KPVTLYDVAEYAGVSYQTVSRVVNQASHVSAKTREKVEAAMAELNYIPFRVAQQLAGKQ,1,260,292,43,46
N50G,KPVTLYDVAEYAGVSYQTVSRVVNQASHVSAKTREKVEAAMAELNYIPGRVAQQLAGKQ,1,137,206,8,12
N50H,KPVTLYDVAEYAGVSYQTVSRVVNQASHVSAKTREKVEAAMAELNYIPHRVAQQLAGKQ,1,299,409,44,84
N50I,KPVTLYDVAEYAGVSYQTVSRVVNQASHVSAKTREKVEAAMAELNYIPIRVAQQLAGKQ,1,189,255,14,16
N50K,KPVTLYDVAEYAGVSYQTVSRVVNQASHVSAKTREKVEAAMAELNYIPKRVAQQLAGKQ,1,270,351,60,106
N50L,KPVTLYDVAEYAGVSYQTVSRVVNQASHVSAKTREKVEAAMAELNYIPLRVAQQLAGKQ,1,259,375,19,23
N50M,KPVTLYDVAEYAGVSYQTVSRVVNQASHVSAKTREKVEAAMAELNYIPMRVAQQLAGKQ,1,178,221,17,19
N50P,KPVTLYDVAEYAGVSYQTVSRVVNQASHVSAKTREKVEAAMAELNYIPPRVAQQLAGKQ,1,239,340,21,11
N50Q,KPVTLYDVAEYAGVSYQTVSRVVNQASHVSAKTREKVEAAMAELNYIPQRVAQQLAGKQ,1,291,383,8,13
N50R,KPVTLYDVAEYAGVSYQTVSRVVNQASHVSAKTREKVEAAMAELNYIPRRVAQQLAGKQ,1,278,322,16,13
N50S,KPVTLYDVAEYAGVSYQTVSRVVNQASHVSAKTREKVEAAMAELNYIPSRVAQQLAGKQ,1,265,387,1198,1441
N50T,KPVTLYDVAEYAGVSYQTVSRVVNQASHVSAKTREKVEAAMAELNYIPTRVAQQLAGKQ,1,331,397,274,150
N50V,KPVTLYDVAEYAGVSYQTVSRVVNQASHVSAKTREKVEAAMAELNYIPVRVAQQLAGKQ,1,290,354,7,9
N50W,KPVTLYDVAEYAGVSYQTVSRVVNQASHVSAKTREKVEAAMAELNYIPWRVAQQLAGKQ,1,243,305,539,645
N50Y,KPVTLYDVAEYAGVSYQTVSRVVNQASHVSAKTREKVEAAMAELNYIPYRVAQQLAGKQ,1,287,343,123,136
R51A,KPVTLYDVAEYAGVSYQTVSRVVNQASHVSAKTREKVEAAMAELNYIPNAVAQQLAGKQ,1,276,348,1305,1481
R51C,KPVTLYDVAEYAGVSYQTVSRVVNQASHVSAKTREKVEAAMAELNYIPNCVAQQLAGKQ,1,349,440,67,63
R51D,KPVTLYDVAEYAGVSYQTVSRVVNQASHVSAKTREKVEAAMAELNYIPNDVAQQLAGKQ,1,278,322,12,9
R51E,KPVTLYDVAEYAGVSYQTVSRVVNQASHVSAKTREKVEAAMAELNYIPNEVAQQLAGKQ,1,393,535,26,27
R51F,KPVTLYDVAEYAGVSYQTVSRVVNQASHVSAKTREKVEAAMAELNYIPNFVAQQLAGKQ,1,372,427,585,717
R51G,KPVTLYDVAEYAGVSYQTVSRVVNQASHVSAKTREKVEAAMAELNYIPNGVAQQLAGKQ,1,387,528,81,83
R51H,KPVTLYDVAEYAGVSYQTVSRVVNQASHVSAKTREKVEAAMAELNYIPNHVAQQLAGKQ,1,383,469,318,337
R51I,KPVTLYDVAEYAGVSYQTVSRVVNQASHVSAKTREKVEAAMAELNYIPNIVAQQLAGKQ,1,373,539,191,291
R51K,KPVTLYDVAEYAGVSYQTVSRVVNQASHVSAKTREKVEAAMAELNYIPNKVAQQLAGKQ,1,467,614,2310,2960
R51L,KPVTLYDVAEYAGVSYQTVSRVVNQASHVSAKTREKVEAAMAELNYIPNLVAQQLAGKQ,1,297,378,440,564
R51M,KPVTLYDVAEYAGVSYQTVSRVVNQASHVSAKTREKVEAAMAELNYIPNMVAQQLAGKQ,1,286,360,370,573
R51N,KPVTLYDVAEYAGVSYQTVSRVVNQASHVSAKTREKVEAAMAELNYIPNNVAQQLAGKQ,1,222,282,33,59
R51P,KPVTLYDVAEYAGVSYQTVSRVVNQASHVSAKTREKVEAAMAELNYIPNPVAQQLAGKQ,1,357,390,54,63
R51Q,KPVTLYDVAEYAGVSYQTVSRVVNQASHVSAKTREKVEAAMAELNYIPNQVAQQLAGKQ,1,419,555,363,388
R51S,KPVTLYDVAEYAGVSYQTVSRVVNQASHVSAKTREKVEAAMAELNYIPNSVAQQLAGKQ,1,547,651,226,332
R51T,KPVTLYDVAEYAGVSYQTVSRVVNQASHVSAKTREKVEAAMAELNYIPNTVAQQLAGKQ,1,294,366,60,46
R51V,KPVTLYDVAEYAGVSYQTVSRVVNQASHVSAKTREKVEAAMAELNYIPNVVAQQLAGKQ,1,402,558,378,428
R51W,KPVTLYDVAEYAGVSYQTVSRVVNQASHVSAKTREKVEAAMAELNYIPNWVAQQLAGKQ,1,373,490,1494,1889
R51Y,KPVTLYDVAEYAGVSYQTVSRVVNQASHVSAKTREKVEAAMAELNYIPNYVAQQLAGKQ,1,373,456,261,321
V52A,KPVTLYDVAEYAGVSYQTVSRVVNQASHVSAKTREKVEAAMAELNYIPNRAAQQLAGKQ,1,312,475,1783,2174
V52C,KPVTLYDVAEYAGVSYQTVSRVVNQASHVSAKTREKVEAAMAELNYIPNRCAQQLAGKQ,1,496,609,2851,3267
V52D,KPVTLYDVAEYAGVSYQTVSRVVNQASHVSAKTREKVEAAMAELNYIPNRDAQQLAGKQ,1,293,371,57,93
V52E,KPVTLYDVAEYAGVSYQTVSRVVNQASHVSAKTREKVEAAMAELNYIPNREAQQLAGKQ,1,177,226,68,56
V52F,KPVTLYDVAEYAGVSYQTVSRVVNQASHVSAKTREKVEAAMAELNYIPNRFAQQLAGKQ,1,441,580,2640,3228
V52G,KPVTLYDVAEYAGVSYQTVSRVVNQASHVSAKTREKVEAAMAELNYIPNRGAQQLAGKQ,1,586,755,2533,2818
V52H,KPVTLYDVAEYAGVSYQTVSRVVNQASHVSAKTREKVEAAMAELNYIPNRHAQQLAGKQ,1,365,455,2045,2180
V52I,KPVTLYDVAEYAGVSYQTVSRVVNQASHVSAKTREKVEAAMAELNYIPNRIAQQLAGKQ,1,297,344,1759,1990
V52K,KPVTLYDVAEYAGVSYQTVSRVVNQASHVSAKTREKVEAAMAELNYIPNRKAQQLAGKQ,1,389,506,55,31
V52L,KPVTLYDVAEYAGVSYQTVSRVVNQASHVSAKTREKVEAAMAELNYIPNRLAQQLAGKQ,1,260,292,1530,1617
V52M,KPVTLYDVAEYAGVSYQTVSRVVNQASHVSAKTREKVEAAMAELNYIPNRMAQQLAGKQ,1,367,436,2053,2607
V52N,KPVTLYDVAEYAGVSYQTVSRVVNQASHVSAKTREKVEAAMAELNYIPNRNAQQLAGKQ,1,460,581,2954,3634
V52P,KPVTLYDVAEYAGVSYQTVSRVVNQASHVSAKTREKVEAAMAELNYIPNRPAQQLAGKQ,1,543,668,2847,3436
V52Q,KPVTLYDVAEYAGVSYQTVSRVVNQASHVSAKTREKVEAAMAELNYIPNRQAQQLAGKQ,1,529,676,2061,2834
V52R,KPVTLYDVAEYAGVSYQTVSRVVNQASHVSAKTREKVEAAMAELNYIPNRRAQQLAGKQ,1,295,335,64,102
V52S,KPVTLYDVAEYAGVSYQTVSRVVNQASHVSAKTREKVEAAMAELNYIPNRSAQQLAGKQ,1,499,598,2771,3364
V52T,KPVTLYDVAEYAGVSYQTVSRVVNQASHVSAKTREKVEAAMAELNYIPNRTAQQLAGKQ,1,333,467,223,329
V52W,KPVTLYDVAEYAGVSYQTVSRVVNQASHVSAKTREKVEAAMAELNYIPNRWAQQLAGKQ,1,223,289,1204,1269
V52Y,KPVTLYDVAEYAGVSYQTVSRVVNQASHVSAKTREKVEAAMAELNYIPNRYAQQLAGKQ,1,512,649,2865,3625
A53C,KPVTLYDVAEYAGVSYQTVSRVVNQASHVSAKTREKVEAAMAELNYIPNRVCQQLAGKQ,1,420,575,9,17
A53D,KPVTLYDVAEYAGVSYQTVSRVVNQASHVSAKTREKVEAAMAELNYIPNRVDQQLAGKQ,1,306,440,5,13
A53E,KPVTLYDVAEYAGVSYQTVSRVVNQASHVSAKTREKVEAAMAELNYIPNRVEQQLAGKQ,1,143,211,25,112
A53F,KPVTLYDVAEYAGVSYQTVSRVVNQASHVSAKTREKVEAAMAELNYIPNRVFQQLAGKQ,1,304,383,10,5
A53G,KPVTLYDVAEYAGVSYQTVSRVVNQASHVSAKTREKVEAAMAELNYIPNRVGQQLAGKQ,1,303,325,16,21
A53H,KPVTLYDVAEYAGVSYQTVSRVVNQASHVSAKTREKVEAAMAELNYIPNRVHQQLAGKQ,1,292,401,3,3
A53I,KPVTLYDVAEYAGVSYQTVSRVVNQASHVSAKTREKVEAAMAELNYIPNRVIQQLAGKQ,1,240,294,13,21
A53K,KPVTLYDVAEYAGVSYQTVSRVVNQASHVSAKTREKVEAAMAELNYIPNRVKQQLAGKQ,1,391,482,5,19
A53L,KPVTLYDVAEYAGVSYQTVSRVVNQASHVSAKTREKVEAAMAELNYIPNRVLQQLAGKQ,1,350,459,11,11
A53M,KPVTLYDVAEYAGVSYQTVSRVVNQASHVSAKTREKVEAAMAELNYIPNRVMQQLAGKQ,1,389,476,7,26
A53N,KPVTLYDVAEYAGVSYQTVSRVVNQASHVSAKTREKVEAAMAELNYIPNRVNQQLAGKQ,1,259,376,2,9
A53P,KPVTLYDVAEYAGVSYQTVSRVVNQASHVSAKTREKVEAAMAELNYIPNRVPQQLAGKQ,1,248,315,81,10
A53Q,KPVTLYDVAEYAGVSYQTVSRVVNQASHVSAKTREKVEAAMAELNYIPNRVQQQLAGKQ,1,240,304,11,10
A53R,KPVTLYDVAEYAGVSYQTVSRVVNQASHVSAKTREKVEAAMAELNYIPNRVRQQLAGKQ,1,386,422,8,23
A53S,KPVTLYDVAEYAGVSYQTVSRVVNQASHVSAKTREKVEAAMAELNYIPNRVSQQLAGKQ,1,289,344,390,16
A53T,KPVTLYDVAEYAGVSYQTVSRVVNQASHVSAKTREKVEAAMAELNYIPNRVTQQLAGKQ,1,394,540,311,51
A53V,KPVTLYDVAEYAGVSYQTVSRVVNQASHVSAKTREKVEAAMAELNYIPNRVVQQLAGKQ,1,310,419,35,30
A53W,KPVTLYDVAEYAGVSYQTVSRVVNQASHVSAKTREKVEAAMAELNYIPNRVWQQLAGKQ,1,262,319,3,4
A53Y,KPVTLYDVAEYAGVSYQTVSRVVNQASHVSAKTREKVEAAMAELNYIPNRVYQQLAGKQ,1,262,406,14,11
Q54A,KPVTLYDVAEYAGVSYQTVSRVVNQASHVSAKTREKVEAAMAELNYIPNRVAAQLAGKQ,1,365,445,745,977
Q54C,KPVTLYDVAEYAGVSYQTVSRVVNQASHVSAKTREKVEAAMAELNYIPNRVACQLAGKQ,1,214,320,11,18
Q54D,KPVTLYDVAEYAGVSYQTVSRVVNQASHVSAKTREKVEAAMAELNYIPNRVADQLAGKQ,1,321,435,11,20
Q54E,KPVTLYDVAEYAGVSYQTVSRVVNQASHVSAKTREKVEAAMAELNYIPNRVAEQLAGKQ,1,270,345,16,17
Q54F,KPVTLYDVAEYAGVSYQTVSRVVNQASHVSAKTREKVEAAMAELNYIPNRVAFQLAGKQ,1,310,412,5,4
Q54G,KPVTLYDVAEYAGVSYQTVSRVVNQASHVSAKTREKVEAAMAELNYIPNRVAGQLAGKQ,1,401,443,8,4
Q54H,KPVTLYDVAEYAGVSYQTVSRVVNQASHVSAKTREKVEAAMAELNYIPNRVAHQLAGKQ,1,264,373,145,147
Q54I,KPVTLYDVAEYAGVSYQTVSRVVNQASHVSAKTREKVEAAMAELNYIPNRVAIQLAGKQ,1,313,333,19,17
Q54K,KPVTLYDVAEYAGVSYQTVSRVVNQASHVSAKTREKVEAAMAELNYIPNRVAKQLAGKQ,1,351,474,37,99
Q54L,KPVTLYDVAEYAGVSYQTVSRVVNQASHVSAKTREKVEAAMAELNYIPNRVALQLAGKQ,1,308,426,19,20
Q54M,KPVTLYDVAEYAGVSYQTVSRVVNQASHVSAKTREKVEAAMAELNYIPNRVAMQLAGKQ,1,389,519,90,144
Q54N,KPVTLYDVAEYAGVSYQTVSRVVNQASHVSAKTREKVEAAMAELNYIPNRVANQLAGKQ,1,272,338,6,17
Q54P,KPVTLYDVAEYAGVSYQTVSRVVNQASHVSAKTREKVEAAMAELNYIPNRVAPQLAGKQ,1,320,414,24,55
Q54R,KPVTLYDVAEYAGVSYQTVSRVVNQASHVSAKTREKVEAAMAELNYIPNRVARQLAGKQ,1,293,387,612,994
Q54S,KPVTLYDVAEYAGVSYQTVSRVVNQASHVSAKTREKVEAAMAELNYIPNRVASQLAGKQ,1,387,476,79,98
Q54T,KPVTLYDVAEYAGVSYQTVSRVVNQASHVSAKTREKVEAAMAELNYIPNRVATQLAGKQ,1,317,418,12,11
Q54V,KPVTLYDVAEYAGVSYQTVSRVVNQASHVSAKTREKVEAAMAELNYIPNRVAVQLAGKQ,1,211,322,3,12
Q54W,KPVTLYDVAEYAGVSYQTVSRVVNQASHVSAKTREKVEAAMAELNYIPNRVAWQLAGKQ,1,288,391,13,11
Q54Y,KPVTLYDVAEYAGVSYQTVSRVVNQASHVSAKTREKVEAAMAELNYIPNRVAYQLAGKQ,1,383,436,11,11
Q55A,KPVTLYDVAEYAGVSYQTVSRVVNQASHVSAKTREKVEAAMAELNYIPNRVAQALAGKQ,1,334,474,1970,2221
Q55C,KPVTLYDVAEYAGVSYQTVSRVVNQASHVSAKTREKVEAAMAELNYIPNRVAQCLAGKQ,1,276,353,2339,2876
Q55D,KPVTLYDVAEYAGVSYQTVSRVVNQASHVSAKTREKVEAAMAELNYIPNRVAQDLAGKQ,1,198,259,8,8
Q55E,KPVTLYDVAEYAGVSYQTVSRVVNQASHVSAKTREKVEAAMAELNYIPNRVAQELAGKQ,1,257,342,51,34
Q55F,KPVTLYDVAEYAGVSYQTVSRVVNQASHVSAKTREKVEAAMAELNYIPNRVAQFLAGKQ,1,442,527,860,1165
Q55G,KPVTLYDVAEYAGVSYQTVSRVVNQASHVSAKTREKVEAAMAELNYIPNRVAQGLAGKQ,1,171,233,22,23
Q55H,KPVTLYDVAEYAGVSYQTVSRVVNQASHVSAKTREKVEAAMAELNYIPNRVAQHLAGKQ,1,280,342,1521,1702
Q55I,KPVTLYDVAEYAGVSYQTVSRVVNQASHVSAKTREKVEAAMAELNYIPNRVAQILAGKQ,1,431,524,2886,3161
Q55K,KPVTLYDVAEYAGVSYQTVSRVVNQASHVSAKTREKVEAAMAELNYIPNRVAQKLAGKQ,1,387,440,1801,2142
Q55L,KPVTLYDVAEYAGVSYQTVSRVVNQASHVSAKTREKVEAAMAELNYIPNRVAQLLAGKQ,1,290,405,1563,1992
Q55M,KPVTLYDVAEYAGVSYQTVSRVVNQASHVSAKTREKVEAAMAELNYIPNRVAQMLAGKQ,1,379,405,2072,2393
Q55N,KPVTLYDVAEYAGVSYQTVSRVVNQASHVSAKTREKVEAAMAELNYIPNRVAQNLAGKQ,1,239,297,224,268
Q55P,KPVTLYDVAEYAGVSYQTVSRVVNQASHVSAKTREKVEAAMAELNYIPNRVAQPLAGKQ,1,150,174,113,136
Q55R,KPVTLYDVAEYAGVSYQTVSRVVNQASHVSAKTREKVEAAMAELNYIPNRVAQRLAGKQ,1,230,292,1286,1426
Q55S,KPVTLYDVAEYAGVSYQTVSRVVNQASHVSAKTREKVEAAMAELNYIPNRVAQSLAGKQ,1,358,455,1596,1752
Q55T,KPVTLYDVAEYAGVSYQTVSRVVNQASHVSAKTREKVEAAMAELNYIPNRVAQTLAGKQ,1,328,430,1832,2443
Q55V,KPVTLYDVAEYAGVSYQTVSRVVNQASHVSAKTREKVEAAMAELNYIPNRVAQVLAGKQ,1,325,363,1529,1982
Q55W,KPVTLYDVAEYAGVSYQTVSRVVNQASHVSAKTREKVEAAMAELNYIPNRVAQWLAGKQ,1,369,426,95,66
Q55Y,KPVTLYDVAEYAGVSYQTVSRVVNQASHVSAKTREKVEAAMAELNYIPNRVAQYLAGKQ,1,226,276,186,257
L56A,KPVTLYDVAEYAGVSYQTVSRVVNQASHVSAKTREKVEAAMAELNYIPNRVAQQAAGKQ,1,307,417,8,17
L56C,KPVTLYDVAEYAGVSYQTVSRVVNQASHVSAKTREKVEAAMAELNYIPNRVAQQCAGKQ,1,283,310,3,12
L56D,KPVTLYDVAEYAGVSYQTVSRVVNQASHVSAKTREKVEAAMAELNYIPNRVAQQDAGKQ,1,469,611,23,17
L56E,KPVTLYDVAEYAGVSYQTVSRVVNQASHVSAKTREKVEAAMAELNYIPNRVAQQEAGKQ,1,366,397,17,18
L56F,KPVTLYDVAEYAGVSYQTVSRVVNQASHVSAKTREKVEAAMAELNYIPNRVAQQFAGKQ,1,254,328,15,11
L56G,KPVTLYDVAEYAGVSYQTVSRVVNQASHVSAKTREKVEAAMAELNYIPNRVAQQGAGKQ,1,423,492,10,11
L56H,KPVTLYDVAEYAGVSYQTVSRVVNQASHVSAKTREKVEAAMAELNYIPNRVAQQHAGKQ,1,239,306,5,11
L56I,KPVTLYDVAEYAGVSYQTVSRVVNQASHVSAKTREKVEAAMAELNYIPNRVAQQIAGKQ,1,228,323,10,12
L56K,KPVTLYDVAEYAGVSYQTVSRVVNQASHVSAKTREKVEAAMAELNYIPNRVAQQKAGKQ,1,354,444,12,20
L56M,KPVTLYDVAEYAGVSYQTVSRVVNQASHVSAKTREKVEAAMAELNYIPNRVAQQMAGKQ,1,294,351,63,52
L56N,KPVTLYDVAEYAGVSYQTVSRVVNQASHVSAKTREKVEAAMAELNYIPNRVAQQNAGKQ,1,260,350,8,23
L56P,KPVTLYDVAEYAGVSYQTVSRVVNQASHVSAKTREKVEAAMAELNYIPNRVAQQPAGKQ,1,320,347,92,153
L56Q,KPVTLYDVAEYAGVSYQTVSRVVNQASHVSAKTREKVEAAMAELNYIPNRVAQQQAGKQ,1,137,146,37,24
L56R,KPVTLYDVAEYAGVSYQTVSRVVNQASHVSAKTREKVEAAMAELNYIPNRVAQQRAGKQ,1,678,878,287,1281
L56S,KPVTLYDVAEYAGVSYQTVSRVVNQASHVSAKTREKVEAAMAELNYIPNRVAQQSAGKQ,1,291,385,6,5
L56T,KPVTLYDVAEYAGVSYQTVSRVVNQASHVSAKTREKVEAAMAELNYIPNRVAQQTAGKQ,1,381,378,12,24
L56V,KPVTLYDVAEYAGVSYQTVSRVVNQASHVSAKTREKVEAAMAELNYIPNRVAQQVAGKQ,1,274,339,9,11
L56W,KPVTLYDVAEYAGVSYQTVSRVVNQASHVSAKTREKVEAAMAELNYIPNRVAQQWAGKQ,1,171,238,5,12
L56Y,KPVTLYDVAEYAGVSYQTVSRVVNQASHVSAKTREKVEAAMAELNYIPNRVAQQYAGKQ,1,390,478,9,19
A57C,KPVTLYDVAEYAGVSYQTVSRVVNQASHVSAKTREKVEAAMAELNYIPNRVAQQLCGKQ,1,191,236,31,31
A57D,KPVTLYDVAEYAGVSYQTVSRVVNQASHVSAKTREKVEAAMAELNYIPNRVAQQLDGKQ,1,299,383,13,11
A57E,KPVTLYDVAEYAGVSYQTVSRVVNQASHVSAKTREKVEAAMAELNYIPNRVAQQLEGKQ,1,199,241,15,18
A57F,KPVTLYDVAEYAGVSYQTVSRVVNQASHVSAKTREKVEAAMAELNYIPNRVAQQLFGKQ,1,440,559,19,21
A57G,KPVTLYDVAEYAGVSYQTVSRVVNQASHVSAKTREKVEAAMAELNYIPNRVAQQLGGKQ,1,414,485,155,217
A57H,KPVTLYDVAEYAGVSYQTVSRVVNQASHVSAKTREKVEAAMAELNYIPNRVAQQLHGKQ,1,524,637,10,19
A57I,KPVTLYDVAEYAGVSYQTVSRVVNQASHVSAKTREKVEAAMAELNYIPNRVAQQLIGKQ,1,302,331,9,9
A57K,KPVTLYDVAEYAGVSYQTVSRVVNQASHVSAKTREKVEAAMAELNYIPNRVAQQLKGKQ,1,412,543,32,32
A57L,KPVTLYDVAEYAGVSYQTVSRVVNQASHVSAKTREKVEAAMAELNYIPNRVAQQLLGKQ,1,220,278,3,7
A57M,KPVTLYDVAEYAGVSYQTVSRVVNQASHVSAKTREKVEAAMAELNYIPNRVAQQLMGKQ,1,278,357,8,11
A57N,KPVTLYDVAEYAGVSYQTVSRVVNQASHVSAKTREKVEAAMAELNYIPNRVAQQLNGKQ,1,344,448,16,20
A57P,KPVTLYDVAEYAGVSYQTVSRVVNQASHVSAKTREKVEAAMAELNYIPNRVAQQLPGKQ,1,243,330,20,18
A57Q,KPVTLYDVAEYAGVSYQTVSRVVNQASHVSAKTREKVEAAMAELNYIPNRVAQQLQGKQ,1,375,422,10,23
A57R,KPVTLYDVAEYAGVSYQTVSRVVNQASHVSAKTREKVEAAMAELNYIPNRVAQQLRGKQ,1,257,271,6,20
A57S,KPVTLYDVAEYAGVSYQTVSRVVNQASHVSAKTREKVEAAMAELNYIPNRVAQQLSGKQ,1,248,297,45,103
A57T,KPVTLYDVAEYAGVSYQTVSRVVNQASHVSAKTREKVEAAMAELNYIPNRVAQQLTGKQ,1,320,370,31,29
A57V,KPVTLYDVAEYAGVSYQTVSRVVNQASHVSAKTREKVEAAMAELNYIPNRVAQQLVGKQ,1,359,436,84,69
A57W,KPVTLYDVAEYAGVSYQTVSRVVNQASHVSAKTREKVEAAMAELNYIPNRVAQQLWGKQ,1,267,309,4,11
A57Y,KPVTLYDVAEYAGVSYQTVSRVVNQASHVSAKTREKVEAAMAELNYIPNRVAQQLYGKQ,1,467,664,12,15
G58A,KPVTLYDVAEYAGVSYQTVSRVVNQASHVSAKTREKVEAAMAELNYIPNRVAQQLAAKQ,1,182,258,14,12
G58C,KPVTLYDVAEYAGVSYQTVSRVVNQASHVSAKTREKVEAAMAELNYIPNRVAQQLACKQ,1,287,385,35,29
G58D,KPVTLYDVAEYAGVSYQTVSRVVNQASHVSAKTREKVEAAMAELNYIPNRVAQQLADKQ,1,457,524,63,74
G58E,KPVTLYDVAEYAGVSYQTVSRVVNQASHVSAKTREKVEAAMAELNYIPNRVAQQLAEKQ,1,350,395,13,18
G58F,KPVTLYDVAEYAGVSYQTVSRVVNQASHVSAKTREKVEAAMAELNYIPNRVAQQLAFKQ,1,295,374,5,7
G58H,KPVTLYDVAEYAGVSYQTVSRVVNQASHVSAKTREKVEAAMAELNYIPNRVAQQLAHKQ,1,257,386,19,9
G58I,KPVTLYDVAEYAGVSYQTVSRVVNQASHVSAKTREKVEAAMAELNYIPNRVAQQLAIKQ,1,189,261,8,16
G58K,KPVTLYDVAEYAGVSYQTVSRVVNQASHVSAKTREKVEAAMAELNYIPNRVAQQLAKKQ,1,366,428,277,347
G58L,KPVTLYDVAEYAGVSYQTVSRVVNQASHVSAKTREKVEAAMAELNYIPNRVAQQLALKQ,1,215,282,6,9
G58M,KPVTLYDVAEYAGVSYQTVSRVVNQASHVSAKTREKVEAAMAELNYIPNRVAQQLAMKQ,1,314,423,13,29
G58N,KPVTLYDVAEYAGVSYQTVSRVVNQASHVSAKTREKVEAAMAELNYIPNRVAQQLANKQ,1,235,319,16,41
G58P,KPVTLYDVAEYAGVSYQTVSRVVNQASHVSAKTREKVEAAMAELNYIPNRVAQQLAPKQ,1,307,373,20,8
G58Q,KPVTLYDVAEYAGVSYQTVSRVVNQASHVSAKTREKVEAAMAELNYIPNRVAQQLAQKQ,1,374,397,26,46
G58R,KPVTLYDVAEYAGVSYQTVSRVVNQASHVSAKTREKVEAAMAELNYIPNRVAQQLARKQ,1,512,647,1477,1956
G58S,KPVTLYDVAEYAGVSYQTVSRVVNQASHVSAKTREKVEAAMAELNYIPNRVAQQLASKQ,1,291,365,112,145
G58T,KPVTLYDVAEYAGVSYQTVSRVVNQASHVSAKTREKVEAAMAELNYIPNRVAQQLATKQ,1,322,414,28,39
G58V,KPVTLYDVAEYAGVSYQTVSRVVNQASHVSAKTREKVEAAMAELNYIPNRVAQQLAVKQ,1,301,332,23,17
G58W,KPVTLYDVAEYAGVSYQTVSRVVNQASHVSAKTREKVEAAMAELNYIPNRVAQQLAWKQ,1,244,322,8,22
G58Y,KPVTLYDVAEYAGVSYQTVSRVVNQASHVSAKTREKVEAAMAELNYIPNRVAQQLAYKQ,1,284,337,14,11
K59A,KPVTLYDVAEYAGVSYQTVSRVVNQASHVSAKTREKVEAAMAELNYIPNRVAQQLAGAQ,1,125,136,92,75
K59C,KPVTLYDVAEYAGVSYQTVSRVVNQASHVSAKTREKVEAAMAELNYIPNRVAQQLAGCQ,1,125,144,16,24
K59D,KPVTLYDVAEYAGVSYQTVSRVVNQASHVSAKTREKVEAAMAELNYIPNRVAQQLAGDQ,1,101,153,3,0
K59E,KPVTLYDVAEYAGVSYQTVSRVVNQASHVSAKTREKVEAAMAELNYIPNRVAQQLAGEQ,1,220,239,26,19
K59F,KPVTLYDVAEYAGVSYQTVSRVVNQASHVSAKTREKVEAAMAELNYIPNRVAQQLAGFQ,1,56,84,18,30
K59G,KPVTLYDVAEYAGVSYQTVSRVVNQASHVSAKTREKVEAAMAELNYIPNRVAQQLAGGQ,1,56,79,6,10
K59H,KPVTLYDVAEYAGVSYQTVSRVVNQASHVSAKTREKVEAAMAELNYIPNRVAQQLAGHQ,1,74,106,57,65
K59I,KPVTLYDVAEYAGVSYQTVSRVVNQASHVSAKTREKVEAAMAELNYIPNRVAQQLAGIQ,1,81,106,3,12
K59L,KPVTLYDVAEYAGVSYQTVSRVVNQASHVSAKTREKVEAAMAELNYIPNRVAQQLAGLQ,1,94,155,29,21
K59M,KPVTLYDVAEYAGVSYQTVSRVVNQASHVSAKTREKVEAAMAELNYIPNRVAQQLAGMQ,1,111,106,17,13
K59N,KPVTLYDVAEYAGVSYQTVSRVVNQASHVSAKTREKVEAAMAELNYIPNRVAQQLAGNQ,1,133,160,71,110
K59P,KPVTLYDVAEYAGVSYQTVSRVVNQASHVSAKTREKVEAAMAELNYIPNRVAQQLAGPQ,1,108,153,7,7
K59Q,KPVTLYDVAEYAGVSYQTVSRVVNQASHVSAKTREKVEAAMAELNYIPNRVAQQLAGQQ,1,149,198,28,39
K59R,KPVTLYDVAEYAGVSYQTVSRVVNQASHVSAKTREKVEAAMAELNYIPNRVAQQLAGRQ,1,79,76,364,513
K59S,KPVTLYDVAEYAGVSYQTVSRVVNQASHVSAKTREKVEAAMAELNYIPNRVAQQLAGSQ,1,83,94,68,118
K59T,KPVTLYDVAEYAGVSYQTVSRVVNQASHVSAKTREKVEAAMAELNYIPNRVAQQLAGTQ,1,73,116,34,5
K59V,KPVTLYDVAEYAGVSYQTVSRVVNQASHVSAKTREKVEAAMAELNYIPNRVAQQLAGVQ,1,126,173,129,191
K59W,KPVTLYDVAEYAGVSYQTVSRVVNQASHVSAKTREKVEAAMAELNYIPNRVAQQLAGWQ,1,42,51,1,3
K59Y,KPVTLYDVAEYAGVSYQTVSRVVNQASHVSAKTREKVEAAMAELNYIPNRVAQQLAGYQ,1,141,180,14,23
Q60A,KPVTLYDVAEYAGVSYQTVSRVVNQASHVSAKTREKVEAAMAELNYIPNRVAQQLAGKA,1,121,159,642,876
Q60C,KPVTLYDVAEYAGVSYQTVSRVVNQASHVSAKTREKVEAAMAELNYIPNRVAQQLAGKC,1,176,204,876,1097
Q60D,KPVTLYDVAEYAGVSYQTVSRVVNQASHVSAKTREKVEAAMAELNYIPNRVAQQLAGKD,1,209,203,803,1165
Q60E,KPVTLYDVAEYAGVSYQTVSRVVNQASHVSAKTREKVEAAMAELNYIPNRVAQQLAGKE,1,227,291,1195,1720
Q60F,KPVTLYDVAEYAGVSYQTVSRVVNQASHVSAKTREKVEAAMAELNYIPNRVAQQLAGKF,1,166,237,931,1009
Q60G,KPVTLYDVAEYAGVSYQTVSRVVNQASHVSAKTREKVEAAMAELNYIPNRVAQQLAGKG,1,39,61,212,392
Q60H,KPVTLYDVAEYAGVSYQTVSRVVNQASHVSAKTREKVEAAMAELNYIPNRVAQQLAGKH,1,370,401,1648,2126
Q60I,KPVTLYDVAEYAGVSYQTVSRVVNQASHVSAKTREKVEAAMAELNYIPNRVAQQLAGKI,1,203,267,1226,1227
Q60K,KPVTLYDVAEYAGVSYQTVSRVVNQASHVSAKTREKVEAAMAELNYIPNRVAQQLAGKK,1,180,261,912,1262
Q60L,KPVTLYDVAEYAGVSYQTVSRVVNQASHVSAKTREKVEAAMAELNYIPNRVAQQLAGKL,1,109,165,882,1014
Q60M,KPVTLYDVAEYAGVSYQTVSRVVNQASHVSAKTREKVEAAMAELNYIPNRVAQQLAGKM,1,176,196,916,1227
Q60N,KPVTLYDVAEYAGVSYQTVSRVVNQASHVSAKTREKVEAAMAELNYIPNRVAQQLAGKN,1,283,348,1367,1692
Q60P,KPVTLYDVAEYAGVSYQTVSRVVNQASHVSAKTREKVEAAMAELNYIPNRVAQQLAGKP,1,115,151,702,790
Q60R,KPVTLYDVAEYAGVSYQTVSRVVNQASHVSAKTREKVEAAMAELNYIPNRVAQQLAGKR,1,219,225,748,956
Q60S,KPVTLYDVAEYAGVSYQTVSRVVNQASHVSAKTREKVEAAMAELNYIPNRVAQQLAGKS,1,133,186,522,729
Q60T,KPVTLYDVAEYAGVSYQTVSRVVNQASHVSAKTREKVEAAMAELNYIPNRVAQQLAGKT,1,126,158,644,596
Q60V,KPVTLYDVAEYAGVSYQTVSRVVNQASHVSAKTREKVEAAMAELNYIPNRVAQQLAGKV,1,66,87,311,433
Q60W,KPVTLYDVAEYAGVSYQTVSRVVNQASHVSAKTREKVEAAMAELNYIPNRVAQQLAGKW,1,117,128,532,698
Q60Y,KPVTLYDVAEYAGVSYQTVSRVVNQASHVSAKTREKVEAAMAELNYIPNRVAQQLAGKY,1,279,398,1715,2170
