wt,KPVTLYDVAEYAGVSYQTVSRVVNQASHVSAKTREKVEAAMAELNYIPNRVAQQLAGKQ
K2A,APVTLYDVAEYAGVSYQTVSRVVNQASHVSAKTREKVEAAMAELNYIPNRVAQQLAGKQ
K2C,CPVTLYDVAEYAGVSYQTVSRVVNQASHVSAKTREKVEAAMAELNYIPNRVAQQLAGKQ
K2D,DPVTLYDVAEYAGVSYQTVSRVVNQASHVSAKTREKVEAAMAELNYIPNRVAQQLAGKQ
K2E,EPVTLYDVAEYAGVSYQTVSRVVNQASHVSAKTREKVEAAMAELNYIPNRVAQQLAGKQ
K2F,FPVTLYDVAEYAGVSYQTVSRVVNQASHVSAKTREKVEAAMAELNYIPNRVAQQLAGKQ
K2G,GPVTLYDVAEYAGVSYQTVSRVVNQASHVSAKTREKVEAAMAELNYIPNRVAQQLAGKQ
K2H,HPVTLYDVAEYAGVSYQTVSRVVNQASHVSAKTREKVEAAMAELNYIPNRVAQQLAGKQ
K2I,IPVTLYDVAEYAGVSYQTVSRVVNQASHVSAKTREKVEAAMAELNYIPNRVAQQLAGKQ
K2L,LPVTLYDVAEYAGVSYQTVSRVVNQASHVSAKTREKVEAAMAELNYIPNRVAQQLAGKQ
K2M,MPVTLYDVAEYAGVSYQTVSRVVNQASHVSAKTREKVEAAMAELNYIPNRVAQQLAGKQ
K2N,NPVTLYDVAEYAGVSYQTVSRVVNQASHVSAKTREKVEAAMAELNYIPNRVAQQLAGKQ
K2P,PPVTLYDVAEYAGVSYQTVSRVVNQASHVSAKTREKVEAAMAELNYIPNRVAQQLAGKQ
K2Q,QPVTLYDVAEYAGVSYQTVSRVVNQASHVSAKTREKVEAAMAELNYIPNRVAQQLAGKQ
K2R,RPVTLYDVAEYAGVSYQTVSRVVNQASHVSAKTREKVEAAMAELNYIPNRVAQQLAGKQ
K2S,SPVTLYDVAEYAGVSYQTVSRVVNQASHVSAKTREKVEAAMAELNYIPNRVAQQLAGKQ
K2T,TPVTLYDVAEYAGVSYQTVSRVVNQASHVSAKTREKVEAAMAELNYIPNRVAQQLAGKQ
K2V,VPVTLYDVAEYAGVSYQTVSRVVNQASHVSAKTREKVEAAMAELNYIPNRVAQQLAGKQ
K2W,WPVTLYDVAEYAGVSYQTVSRVVNQASHVSAKTREKVEAAMAELNYIPNRVAQQLAGKQ
K2Y,YPVTLYDVAEYAGVSYQTVSRVVNQASHVSAKTREKVEAAMAELNYIPNRVAQQLAGKQ
P3A,KAVTLYDVAEYAGVSYQTVSRVVNQASHVSAKTREKVEAAMAELNYIPNRVAQQLAGKQ
P3C,KCVTLYDVAEYAGVSYQTVSRVVNQASHVSAKTREKVEAAMAELNYIPNRVAQQLAGKQ
P3D,KDVTLYDVAEYAGVSYQTVSRVVNQASHVSAKTREKVEAAMAELNYIPNRVAQQLAGKQ
P3E,KEVTLYDVAEYAGVSYQTVSRVVNQASHVSAKTREKVEAAMAELNYIPNRVAQQLAGKQ
P3F,KFVTLYDVAEYAGVSYQTVSRVVNQASHVSAKTREKVEAAMAELNYIPNRVAQQLAGKQ
P3G,KGVTLYDVAEYAGVSYQTVSRVVNQASHVSAKTREKVEAAMAELNYIPNRVAQQLAGKQ
P3H,KHVTLYDVAEYAGVSYQTVSRVVNQASHVSAKTREKVEAAMAELNYIPNRVAQQLAGKQ
P3I,KIVTLYDVAEYAGVSYQTVSRVVNQASHVSAKTREKVEAAMAELNYIPNRVAQQLAGKQ
P3K,KKVTLYDVAEYAGVSYQTVSRVVNQASHVSAKTREKVEAAMAELNYIPNRVAQQLAGKQ
P3L,KLVTLYDVAEYAGVSYQTVSRVVNQASHVSAKTREKVEAAMAELNYIPNRVAQQLAGKQ
P3M,KMVTLYDVAEYAGVSYQTVSRVVNQASHVSAKTREKVEAAMAELNYIPNRVAQQLAGKQ
P3N,KNVTLYDVAEYAGVSYQTVSRVVNQASHVSAKTREKVEAAMAELNYIPNRVAQQLAGKQ
P3Q,KQVTLYDVAEYAGVSYQTVSRVVNQASHVSAKTREKVEAAMAELNYIPNRVAQQLAGKQ
P3R,KRVTLYDVAEYAGVSYQTVSRVVNQASHVSAKTREKVEAAMAELNYIPNRVAQQLAGKQ
P3S,KSVTLYDVAEYAGVSYQTVSRVVNQASHVSAKTREKVEAAMAELNYIPNRVAQQLAGKQ
P3T,KTVTLYDVAEYAGVSYQTVSRVVNQASHVSAKTREKVEAAMAELNYIPNRVAQQLAGKQ
P3V,KVVTLYDVAEYAGVSYQTVSRVVNQASHVSAKTREKVEAAMAELNYIPNRVAQQLAGKQ
P3W,KWVTLYDVAEYAGVSYQTVSRVVNQASHVSAKTREKVEAAMAELNYIPNRVAQQLAGKQ
P3Y,KYVTLYDVAEYAGVSYQTVSRVVNQASHVSAKTREKVEAAMAELNYIPNRVAQQLAGKQ
V4A,KPATLYDVAEYAGVSYQTVSRVVNQASHVSAKTREKVEAAMAELNYIPNRVAQQLAGKQ
V4C,KPCTLYDVAEYAGVSYQTVSRVVNQASHVSAKTREKVEAAMAELNYIPNRVAQQLAGKQ
V4D,KPDTLYDVAEYAGVSYQTVSRVVNQASHVSAKTREKVEAAMAELNYIPNRVAQQLAGKQ
V4E,KPETLYDVAEYAGVSYQTVSRVVNQASHVSAKTREKVEAAMAELNYIPNRVAQQLAGKQ
V4F,KPFTLYDVAEYAGVSYQTVSRVVNQASHVSAKTREKVEAAMAELNYIPNRVAQQLAGKQ
V4G,KPGTLYDVAEYAGVSYQTVSRVVNQASHVSAKTREKVEAAMAELNYIPNRVAQQLAGKQ
V4H,KPHTLYDVAEYAGVSYQTVSRVVNQASHVSAKTREKVEAAMAELNYIPNRVAQQLAGKQ
V4I,KPITLYDVAEYAGVSYQTVSRVVNQASHVSAKTREKVEAAMAELNYIPNRVAQQLAGKQ
V4K,KPKTLYDVAEYAGVSYQTVSRVVNQASHVSAKTREKVEAAMAELNYIPNRVAQQLAGKQ
V4L,KPLTLYDVAEYAGVSYQTVSRVVNQASHVSAKTREKVEAAMAELNYIPNRVAQQLAGKQ
V4M,KPMTLYDVAEYAGVSYQTVSRVVNQASHVSAKTREKVEAAMAELNYIPNRVAQQLAGKQ
V4N,KPNTLYDVAEYAGVSYQTVSRVVNQASHVSAKTREKVEAAMAELNYIPNRVAQQLAGKQ
V4P,KPPTLYDVAEYAGVSYQTVSRVVNQASHVSAKTREKVEAAMAELNYIPNRVAQQLAGKQ
V4Q,KPQTLYDVAEYAGVSYQTVSRVVNQASHVSAKTREKVEAAMAELNYIPNRVAQQLAGKQ
V4R,KPRTLYDVAEYAGVSYQTVSRVVNQASHVSAKTREKVEAAMAELNYIPNRVAQQLAGKQ
V4S,KPSTLYDVAEYAGVSYQTVSRVVNQASHVSAKTREKVEAAMAELNYIPNRVAQQLAGKQ
V4T,KPTTLYDVAEYAGVSYQTVSRVVNQASHVSAKTREKVEAAMAELNYIPNRVAQQLAGKQ
V4W,KPWTLYDVAEYAGVSYQTVSRVVNQASHVSAKTREKVEAAMAELNYIPNRVAQQLAGKQ
V4Y,KPYTLYDVAEYAGVSYQTVSRVVNQASHVSAKTREKVEAAMAELNYIPNRVAQQLAGKQ
T5A,KPVALYDVAEYAGVSYQTVSRVVNQASHVSAKTREKVEAAMAELNYIPNRVAQQLAGKQ
T5C,KPVCLYDVAEYAGVSYQTVSRVVNQASHVSAKTREKVEAAMAELNYIPNRVAQQLAGKQ
T5D,KPVDLYDVAEYAGVSYQTVSRVVNQASHVSAKTREKVEAAMAELNYIPNRVAQQLAGKQ
T5E,KPVELYDVAEYAGVSYQTVSRVVNQASHVSAKTREKVEAAMAELNYIPNRVAQQLAGKQ
T5F,KPVFLYDVAEYAGVSYQTVSRVVNQASHVSAKTREKVEAAMAELNYIPNRVAQQLAGKQ
T5G,KPVGLYDVAEYAGVSYQTVSRVVNQASHVSAKTREKVEAAMAELNYIPNRVAQQLAGKQ
T5H,KPVHLYDVAEYAGVSYQTVSRVVNQASHVSAKTREKVEAAMAELNYIPNRVAQQLAGKQ
T5I,KPVILYDVAEYAGVSYQTVSRVVNQASHVSAKTREKVEAAMAELNYIPNRVAQQLAGKQ
T5K,KPVKLYDVAEYAGVSYQTVSRVVNQASHVSAKTREKVEAAMAELNYIPNRVAQQLAGKQ
T5L,KPVLLYDVAEYAGVSYQTVSRVVNQASHVSAKTREKVEAAMAELNYIPNRVAQQLAGKQ
T5M,KPVMLYDVAEYAGVSYQTVSRVVNQASHVSAKTREKVEAAMAELNYIPNRVAQQLAGKQ
T5N,KPVNLYDVAEYAGVSYQTVSRVVNQASHVSAKTREKVEAAMAELNYIPNRVAQQLAGKQ
T5P,KPVPLYDVAEYAGVSYQTVSRVVNQASHVSAKTREKVEAAMAELNYIPNRVAQQLAGKQ
T5Q,KPVQLYDVAEYAGVSYQTVSRVVNQASHVSAKTREKVEAAMAELNYIPNRVAQQLAGKQ
T5R,KPVRLYDVAEYAGVSYQTVSRVVNQASHVSAKTREKVEAAMAELNYIPNRVAQQLAGKQ
T5S,KPVSLYDVAEYAGVSYQTVSRVVNQASHVSAKTREKVEAAMAELNYIPNRVAQQLAGKQ
T5V,KPVVLYDVAEYAGVSYQTVSRVVNQASHVSAKTREKVEAAMAELNYIPNRVAQQLAGKQ
T5W,KPVWLYDVAEYAGVSYQTVSRVVNQASHVSAKTREKVEAAMAELNYIPNRVAQQLAGKQ
T5Y,KPVYLYDVAEYAGVSYQTVSRVVNQASHVSAKTREKVEAAMAELNYIPNRVAQQLAGKQ
L6A,KPVTAYDVAEYAGVSYQTVSRVVNQASHVSAKTREKVEAAMAELNYIPNRVAQQLAGKQ
L6C,KPVTCYDVAEYAGVSYQTVSRVVNQASHVSAKTREKVEAAMAELNYIPNRVAQQLAGKQ
L6D,KPVTDYDVAEYAGVSYQTVSRVVNQASHVSAKTREKVEAAMAELNYIPNRVAQQLAGKQ
L6E,KPVTEYDVAEYAGVSYQTVSRVVNQASHVSAKTREKVEAAMAELNYIPNRVAQQLAGKQ
L6F,KPVTFYDVAEYAGVSYQTVSRVVNQASHVSAKTREKVEAAMAELNYIPNRVAQQLAGKQ
L6G,KPVTGYDVAEYAGVSYQTVSRVVNQASHVSAKTREKVEAAMAELNYIPNRVAQQLAGKQ
L6H,KPVTHYDVAEYAGVSYQTVSRVVNQASHVSAKTREKVEAAMAELNYIPNRVAQQLAGKQ
L6I,KPVTIYDVAEYAGVSYQTVSRVVNQASHVSAKTREKVEAAMAELNYIPNRVAQQLAGKQ
L6K,KPVTKYDVAEYAGVSYQTVSRVVNQASHVSAKTREKVEAAMAELNYIPNRVAQQLAGKQ
L6M,KPVTMYDVAEYAGVSYQTVSRVVNQASHVSAKTREKVEAAMAELNYIPNRVAQQLAGKQ
L6N,KPVTNYDVAEYAGVSYQTVSRVVNQASHVSAKTREKVEAAMAELNYIPNRVAQQLAGKQ
L6P,KPVTPYDVAEYAGVSYQTVSRVVNQASHVSAKTREKVEAAMAELNYIPNRVAQQLAGKQ
L6Q,KPVTQYDVAEYAGVSYQTVSRVVNQASHVSAKTREKVEAAMAELNYIPNRVAQQLAGKQ
L6R,KPVTRYDVAEYAGVSYQTVSRVVNQASHVSAKTREKVEAAMAELNYIPNRVAQQLAGKQ
L6S,KPVTSYDVAEYAGVSYQTVSRVVNQASHVSAKTREKVEAAMAELNYIPNRVAQQLAGKQ
L6T,KPVTTYDVAEYAGVSYQTVSRVVNQASHVSAKTREKVEAAMAELNYIPNRVAQQLAGKQ
L6V,KPVTVYDVAEYAGVSYQTVSRVVNQASHVSAKTREKVEAAMAELNYIPNRVAQQLAGKQ
L6W,KPVTWYDVAEYAGVSYQTVSRVVNQASHVSAKTREKVEAAMAELNYIPNRVAQQLAGKQ
L6Y,KPVTYYDVAEYAGVSYQTVSRVVNQASHVSAKTREKVEAAMAELNYIPNRVAQQLAGKQ
Y7A,KPVTLADVAEYAGVSYQTVSRVVNQASHVSAKTREKVEAAMAELNYIPNRVAQQLAGKQ
Y7C,KPVTLCDVAEYAGVSYQTVSRVVNQASHVSAKTREKVEAAMAELNYIPNRVAQQLAGKQ
Y7D,KPVTLDDVAEYAGVSYQTVSRVVNQASHVSAKTREKVEAAMAELNYIPNRVAQQLAGKQ
Y7E,KPVTLEDVAEYAGVSYQTVSRVVNQASHVSAKTREKVEAAMAELNYIPNRVAQQLAGKQ
Y7F,KPVTLFDVAEYAGVSYQTVSRVVNQASHVSAKTREKVEAAMAELNYIPNRVAQQLAGKQ
Y7G,KPVTLGDVAEYAGVSYQTVSRVVNQASHVSAKTREKVEAAMAELNYIPNRVAQQLAGKQ
Y7H,KPVTLHDVAEYAGVSYQTVSRVVNQASHVSAKTREKVEAAMAELNYIPNRVAQQLAGKQ
Y7I,KPVTLIDVAEYAGVSYQTVSRVVNQASHVSAKTREKVEAAMAELNYIPNRVAQQLAGKQ
Y7K,KPVTLKDVAEYAGVSYQTVSRVVNQASHVSAKTREKVEAAMAELNYIPNRVAQQLAGKQ
Y7L,KPVTLLDVAEYAGVSYQTVSRVVNQASHVSAKTREKVEAAMAELNYIPNRVAQQLAGKQ
Y7M,KPVTLMDVAEYAGVSYQTVSRVVNQASHVSAKTREKVEAAMAELNYIPNRVAQQLAGKQ
Y7N,KPVTLNDVAEYAGVSYQTVSRVVNQASHVSAKTREKVEAAMAELNYIPNRVAQQLAGKQ
Y7P,KPVTLPDVAEYAGVSYQTVSRVVNQASHVSAKTREKVEAAMAELNYIPNRVAQQLAGKQ
Y7Q,KPVTLQDVAEYAGVSYQTVSRVVNQASHVSAKTREKVEAAMAELNYIPNRVAQQLAGKQ
Y7R,KPVTLRDVAEYAGVSYQTVSRVVNQASHVSAKTREKVEAAMAELNYIPNRVAQQLAGKQ
Y7S,KPVTLSDVAEYAGVSYQTVSRVVNQASHVSAKTREKVEAAMAELNYIPNRVAQQLAGKQ
Y7T,KPVTLTDVAEYAGVSYQTVSRVVNQASHVSAKTREKVEAAMAELNYIPNRVAQQLAGKQ
Y7V,KPVTLVDVAEYAGVSYQTVSRVVNQASHVSAKTREKVEAAMAELNYIPNRVAQQLAGKQ
Y7W,KPVTLWDVAEYAGVSYQTVSRVVNQASHVSAKTREKVEAAMAELNYIPNRVAQQLAGKQ
D8A,KPVTLYAVAEYAGVSYQTVSRVVNQASHVSAKTREKVEAAMAELNYIPNRVAQQLAGKQ
D8C,KPVTLYCVAEYAGVSYQTVSRVVNQASHVSAKTREKVEAAMAELNYIPNRVAQQLAGKQ
D8E,KPVTLYEVAEYAGVSYQTVSRVVNQASHVSAKTREKVEAAMAELNYIPNRVAQQLAGKQ
D8F,KPVTLYFVAEYAGVSYQTVSRVVNQASHVSAKTREKVEAAMAELNYIPNRVAQQLAGKQ
D8G,KPVTLYGVAEYAGVSYQTVSRVVNQASHVSAKTREKVEAAMAELNYIPNRVAQQLAGKQ
D8H,KPVTLYHVAEYAGVSYQTVSRVVNQASHVSAKTREKVEAAMAELNYIPNRVAQQLAGKQ
D8I,KPVTLYIVAEYAGVSYQTVSRVVNQASHVSAKTREKVEAAMAELNYIPNRVAQQLAGKQ
D8K,KPVTLYKVAEYAGVSYQTVSRVVNQASHVSAKTREKVEAAMAELNYIPNRVAQQLAGKQ
D8L,KPVTLYLVAEYAGVSYQTVSRVVNQASHVSAKTREKVEAAMAELNYIPNRVAQQLAGKQ
D8M,KPVTLYMVAEYAGVSYQTVSRVVNQASHVSAKTREKVEAAMAELNYIPNRVAQQLAGKQ
D8N,KPVTLYNVAEYAGVSYQTVSRVVNQASHVSAKTREKVEAAMAELNYIPNRVAQQLAGKQ
D8P,KPVTLYPVAEYAGVSYQTVSRVVNQASHVSAKTREKVEAAMAELNYIPNRVAQQLAGKQ
D8Q,KPVTLYQVAEYAGVSYQTVSRVVNQASHVSAKTREKVEAAMAELNYIPNRVAQQLAGKQ
D8R,KPVTLYRVAEYAGVSYQTVSRVVNQASHVSAKTREKVEAAMAELNYIPNRVAQQLAGKQ
D8S,KPVTLYSVAEYAGVSYQTVSRVVNQASHVSAKTREKVEAAMAELNYIPNRVAQQLAGKQ
D8T,KPVTLYTVAEYAGVSYQTVSRVVNQASHVSAKTREKVEAAMAELNYIPNRVAQQLAGKQ
D8V,KPVTLYVVAEYAGVSYQTVSRVVNQASHVSAKTREKVEAAMAELNYIPNRVAQQLAGKQ
D8W,KPVTLYWVAEYAGVSYQTVSRVVNQASHVSAKTREKVEAAMAELNYIPNRVAQQLAGKQ
D8Y,KPVTLYYVAEYAGVSYQTVSRVVNQASHVSAKTREKVEAAMAELNYIPNRVAQQLAGKQ
V9A,KPVTLYDAAEYAGVSYQTVSRVVNQASHVSAKTREKVEAAMAELNYIPNRVAQQLAGKQ
V9C,KPVTLYDCAEYAGVSYQTVSRVVNQASHVSAKTREKVEAAMAELNYIPNRVAQQLAGKQ
V9D,KPVTLYDDAEYAGVSYQTVSRVVNQASHVSAKTREKVEAAMAELNYIPNRVAQQLAGKQ
V9E,KPVTLYDEAEYAGVSYQTVSRVVNQASHVSAKTREKVEAAMAELNYIPNRVAQQLAGKQ
V9F,KPVTLYDFAEYAGVSYQTVSRVVNQASHVSAKTREKVEAAMAELNYIPNRVAQQLAGKQ
V9G,KPVTLYDGAEYAGVSYQTVSRVVNQASHVSAKTREKVEAAMAELNYIPNRVAQQLAGKQ
V9H,KPVTLYDHAEYAGVSYQTVSRVVNQASHVSAKTREKVEAAMAELNYIPNRVAQQLAGKQ
V9I,KPVTLYDIAEYAGVSYQTVSRVVNQASHVSAKTREKVEAAMAELNYIPNRVAQQLAGKQ
V9K,KPVTLYDKAEYAGVSYQTVSRVVNQASHVSAKTREKVEAAMAELNYIPNRVAQQLAGKQ
V9L,KPVTLYDLAEYAGVSYQTVSRVVNQASHVSAKTREKVEAAMAELNYIPNRVAQQLAGKQ
V9M,KPVTLYDMAEYAGVSYQTVSRVVNQASHVSAKTREKVEAAMAELNYIPNRVAQQLAGKQ
V9N,KPVTLYDNAEYAGVSYQTVSRVVNQASHVSAKTREKVEAAMAELNYIPNRVAQQLAGKQ
V9P,KPVTLYDPAEYAGVSYQTVSRVVNQASHVSAKTREKVEAAMAELNYIPNRVAQQLAGKQ
V9Q,KPVTLYDQAEYAGVSYQTVSRVVNQASHVSAKTREKVEAAMAELNYIPNRVAQQLAGKQ
V9R,KPVTLYDRAEYAGVSYQTVSRVVNQASHVSAKTREKVEAAMAELNYIPNRVAQQLAGKQ
V9S,KPVTLYDSAEYAGVSYQTVSRVVNQASHVSAKTREKVEAAMAELNYIPNRVAQQLAGKQ
V9T,KPVTLYDTAEYAGVSYQTVSRVVNQASHVSAKTREKVEAAMAELNYIPNRVAQQLAGKQ
V9W,KPVTLYDWAEYAGVSYQTVSRVVNQASHVSAKTREKVEAAMAELNYIPNRVAQQLAGKQ
V9Y,KPVTLYDYAEYAGVSYQTVSRVVNQASHVSAKTREKVEAAMAELNYIPNRVAQQLAGKQ
A10C,KPVTLYDVCEYAGVSYQTVSRVVNQASHVSAKTREKVEAAMAELNYIPNRVAQQLAGKQ
A10D,KPVTLYDVDEYAGVSYQTVSRVVNQASHVSAKTREKVEAAMAELNYIPNRVAQQLAGKQ
A10E,KPVTLYDVEEYAGVSYQTVSRVVNQASHVSAKTREKVEAAMAELNYIPNRVAQQLAGKQ
A10F,KPVTLYDVFEYAGVSYQTVSRVVNQASHVSAKTREKVEAAMAELNYIPNRVAQQLAGKQ
A10G,KPVTLYDVGEYAGVSYQTVSRVVNQASHVSAKTREKVEAAMAELNYIPNRVAQQLAGKQ
A10H,KPVTLYDVHEYAGVSYQTVSRVVNQASHVSAKTREKVEAAMAELNYIPNRVAQQLAGKQ
A10I,KPVTLYDVIEYAGVSYQTVSRVVNQASHVSAKTREKVEAAMAELNYIPNRVAQQLAGKQ
A10K,KPVTLYDVKEYAGVSYQTVSRVVNQASHVSAKTREKVEAAMAELNYIPNRVAQQLAGKQ
A10L,KPVTLYDVLEYAGVSYQTVSRVVNQASHVSAKTREKVEAAMAELNYIPNRVAQQLAGKQ
A10M,KPVTLYDVMEYAGVSYQTVSRVVNQASHVSAKTREKVEAAMAELNYIPNRVAQQLAGKQ
A10N,KPVTLYDVNEYAGVSYQTVSRVVNQASHVSAKTREKVEAAMAELNYIPNRVAQQLAGKQ
A10P,KPVTLYDVPEYAGVSYQTVSRVVNQASHVSAKTREKVEAAMAELNYIPNRVAQQLAGKQ
A10Q,KPVTLYDVQEYAGVSYQTVSRVVNQASHVSAKTREKVEAAMAELNYIPNRVAQQLAGKQ
A10R,KPVTLYDVREYAGVSYQTVSRVVNQASHVSAKTREKVEAAMAELNYIPNRVAQQLAGKQ
A10S,KPVTLYDVSEYAGVSYQTVSRVVNQASHVSAKTREKVEAAMAELNYIPNRVAQQLAGKQ
A10T,KPVTLYDVTEYAGVSYQTVSRVVNQASHVSAKTREKVEAAMAELNYIPNRVAQQLAGKQ
A10V,KPVTLYDVVEYAGVSYQTVSRVVNQASHVSAKTREKVEAAMAELNYIPNRVAQQLAGKQ
A10W,KPVTLYDVWEYAGVSYQTVSRVVNQASHVSAKTREKVEAAMAELNYIPNRVAQQLAGKQ
A10Y,KPVTLYDVYEYAGVSYQTVSRVVNQASHVSAKTREKVEAAMAELNYIPNRVAQQLAGKQ
E11A,KPVTLYDVAAYAGVSYQTVSRVVNQASHVSAKTREKVEAAMAELNYIPNRVAQQLAGKQ
E11C,KPVTLYDVACYAGVSYQTVSRVVNQASHVSAKTREKVEAAMAELNYIPNRVAQQLAGKQ
E11D,KPVTLYDVADYAGVSYQTVSRVVNQASHVSAKTREKVEAAMAELNYIPNRVAQQLAGKQ
E11F,KPVTLYDVAFYAGVSYQTVSRVVNQASHVSAKTREKVEAAMAELNYIPNRVAQQLAGKQ
E11G,KPVTLYDVAGYAGVSYQTVSRVVNQASHVSAKTREKVEAAMAELNYIPNRVAQQLAGKQ
E11H,KPVTLYDVAHYAGVSYQTVSRVVNQASHVSAKTREKVEAAMAELNYIPNRVAQQLAGKQ
E11I,KPVTLYDVAIYAGVSYQTVSRVVNQASHVSAKTREKVEAAMAELNYIPNRVAQQLAGKQ
E11K,KPVTLYDVAKYAGVSYQTVSRVVNQASHVSAKTREKVEAAMAELNYIPNRVAQQLAGKQ
E11L,KPVTLYDVALYAGVSYQTVSRVVNQASHVSAKTREKVEAAMAELNYIPNRVAQQLAGKQ
E11M,KPVTLYDVAMYAGVSYQTVSRVVNQASHVSAKTREKVEAAMAELNYIPNRVAQQLAGKQ
E11N,KPVTLYDVANYAGVSYQTVSRVVNQASHVSAKTREKVEAAMAELNYIPNRVAQQLAGKQ
E11P,KPVTLYDVAPYAGVSYQTVSRVVNQASHVSAKTREKVEAAMAELNYIPNRVAQQLAGKQ
E11Q,KPVTLYDVAQYAGVSYQTVSRVVNQASHVSAKTREKVEAAMAELNYIPNRVAQQLAGKQ
E11R,KPVTLYDVARYAGVSYQTVSRVVNQASHVSAKTREKVEAAMAELNYIPNRVAQQLAGKQ
E11S,KPVTLYDVASYAGVSYQTVSRVVNQASHVSAKTREKVEAAMAELNYIPNRVAQQLAGKQ
E11T,KPVTLYDVATYAGVSYQTVSRVVNQASHVSAKTREKVEAAMAELNYIPNRVAQQLAGKQ
E11V,KPVTLYDVAVYAGVSYQTVSRVVNQASHVSAKTREKVEAAMAELNYIPNRVAQQLAGKQ
E11W,KPVTLYDVAWYAGVSYQTVSRVVNQASHVSAKTREKVEAAMAELNYIPNRVAQQLAGKQ
E11Y,KPVTLYDVAYYAGVSYQTVSRVVNQASHVSAKTREKVEAAMAELNYIPNRVAQQLAGKQ
Y12A,KPVTLYDVAEAAGVSYQTVSRVVNQASHVSAKTREKVEAAMAELNYIPNRVAQQLAGKQ
Y12C,KPVTLYDVAECAGVSYQTVSRVVNQASHVSAKTREKVEAAMAELNYIPNRVAQQLAGKQ
Y12D,KPVTLYDVAEDAGVSYQTVSRVVNQASHVSAKTREKVEAAMAELNYIPNRVAQQLAGKQ
Y12E,KPVTLYDVAEEAGVSYQTVSRVVNQASHVSAKTREKVEAAMAELNYIPNRVAQQLAGKQ
Y12F,KPVTLYDVAEFAGVSYQTVSRVVNQASHVSAKTREKVEAAMAELNYIPNRVAQQLAGKQ
Y12G,KPVTLYDVAEGAGVSYQTVSRVVNQASHVSAKTREKVEAAMAELNYIPNRVAQQLAGKQ
Y12H,KPVTLYDVAEHAGVSYQTVSRVVNQASHVSAKTREKVEAAMAELNYIPNRVAQQLAGKQ
Y12I,KPVTLYDVAEIAGVSYQTVSRVVNQASHVSAKTREKVEAAMAELNYIPNRVAQQLAGKQ
Y12K,KPVTLYDVAEKAGVSYQTVSRVVNQASHVSAKTREKVEAAMAELNYIPNRVAQQLAGKQ
Y12L,KPVTLYDVAELAGVSYQTVSRVVNQASHVSAKTREKVEAAMAELNYIPNRVAQQLAGKQ
Y12M,KPVTLYDVAEMAGVSYQTVSRVVNQASHVSAKTREKVEAAMAELNYIPNRVAQQLAGKQ
Y12N,KPVTLYDVAENAGVSYQTVSRVVNQASHVSAKTREKVEAAMAELNYIPNRVAQQLAGKQ
Y12P,KPVTLYDVAEPAGVSYQTVSRVVNQASHVSAKTREKVEAAMAELNYIPNRVAQQLAGKQ
Y12Q,KPVTLYDVAEQAGVSYQTVSRVVNQASHVSAKTREKVEAAMAELNYIPNRVAQQLAGKQ
Y12R,KPVTLYDVAERAGVSYQTVSRVVNQASHVSAKTREKVEAAMAELNYIPNRVAQQLAGKQ
Y12S,KPVTLYDVAESAGVSYQTVSRVVNQASHVSAKTREKVEAAMAELNYIPNRVAQQLAGKQ
Y12T,KPVTLYDVAETAGVSYQTVSRVVNQASHVSAKTREKVEAAMAELNYIPNRVAQQLAGKQ
Y12V,KPVTLYDVAEVAGVSYQTVSRVVNQASHVSAKTREKVEAAMAELNYIPNRVAQQLAGKQ
Y12W,KPVTLYDVAEWAGVSYQTVSRVVNQASHVSAKTREKVEAAMAELNYIPNRVAQQLAGKQ
A13C,KPVTLYDVAEYCGVSYQTVSRVVNQASHVSAKTREKVEAAMAELNYIPNRVAQQLAGKQ
A13D,KPVTLYDVAEYDGVSYQTVSRVVNQASHVSAKTREKVEAAMAELNYIPNRVAQQLAGKQ
A13E,KPVTLYDVAEYEGVSYQTVSRVVNQASHVSAKTREKVEAAMAELNYIPNRVAQQLAGKQ
A13F,KPVTLYDVAEYFGVSYQTVSRVVNQASHVSAKTREKVEAAMAELNYIPNRVAQQLAGKQ
A13G,KPVTLYDVAEYGGVSYQTVSRVVNQASHVSAKTREKVEAAMAELNYIPNRVAQQLAGKQ
A13H,KPVTLYDVAEYHGVSYQTVSRVVNQASHVSAKTREKVEAAMAELNYIPNRVAQQLAGKQ
A13I,KPVTLYDVAEYIGVSYQTVSRVVNQASHVSAKTREKVEAAMAELNYIPNRVAQQLAGKQ
A13K,KPVTLYDVAEYKGVSYQTVSRVVNQASHVSAKTREKVEAAMAELNYIPNRVAQQLAGKQ
A13L,KPVTLYDVAEYLGVSYQTVSRVVNQASHVSAKTREKVEAAMAELNYIPNRVAQQLAGKQ
A13M,KPVTLYDVAEYMGVSYQTVSRVVNQASHVSAKTREKVEAAMAELNYIPNRVAQQLAGKQ
A13N,KPVTLYDVAEYNGVSYQTVSRVVNQASHVSAKTREKVEAAMAELNYIPNRVAQQLAGKQ
A13P,KPVTLYDVAEYPGVSYQTVSRVVNQASHVSAKTREKVEAAMAELNYIPNRVAQQLAGKQ
A13Q,KPVTLYDVAEYQGVSYQTVSRVVNQASHVSAKTREKVEAAMAELNYIPNRVAQQLAGKQ
A13R,KPVTLYDVAEYRGVSYQTVSRVVNQASHVSAKTREKVEAAMAELNYIPNRVAQQLAGKQ
A13S,KPVTLYDVAEYSGVSYQTVSRVVNQASHVSAKTREKVEAAMAELNYIPNRVAQQLAGKQ
A13T,KPVTLYDVAEYTGVSYQTVSRVVNQASHVSAKTREKVEAAMAELNYIPNRVAQQLAGKQ
A13V,KPVTLYDVAEYVGVSYQTVSRVVNQASHVSAKTREKVEAAMAELNYIPNRVAQQLAGKQ
A13W,KPVTLYDVAEYWGVSYQTVSRVVNQASHVSAKTREKVEAAMAELNYIPNRVAQQLAGKQ
A13Y,KPVTLYDVAEYYGVSYQTVSRVVNQASHVSAKTREKVEAAMAELNYIPNRVAQQLAGKQ
G14A,KPVTLYDVAEYAAVSYQTVSRVVNQASHVSAKTREKVEAAMAELNYIPNRVAQQLAGKQ
G14C,KPVTLYDVAEYACVSYQTVSRVVNQASHVSAKTREKVEAAMAELNYIPNRVAQQLAGKQ
G14D,KPVTLYDVAEYADVSYQTVSRVVNQASHVSAKTREKVEAAMAELNYIPNRVAQQLAGKQ
G14E,KPVTLYDVAEYAEVSYQTVSRVVNQASHVSAKTREKVEAAMAELNYIPNRVAQQLAGKQ
G14F,KPVTLYDVAEYAFVSYQTVSRVVNQASHVSAKTREKVEAAMAELNYIPNRVAQQLAGKQ
G14H,KPVTLYDVAEYAHVSYQTVSRVVNQASHVSAKTREKVEAAMAELNYIPNRVAQQLAGKQ
G14I,KPVTLYDVAEYAIVSYQTVSRVVNQASHVSAKTREKVEAAMAELNYIPNRVAQQLAGKQ
G14K,KPVTLYDVAEYAKVSYQTVSRVVNQASHVSAKTREKVEAAMAELNYIPNRVAQQLAGKQ
G14L,KPVTLYDVAEYALVSYQTVSRVVNQASHVSAKTREKVEAAMAELNYIPNRVAQQLAGKQ
G14M,KPVTLYDVAEYAMVSYQTVSRVVNQASHVSAKTREKVEAAMAELNYIPNRVAQQLAGKQ
G14N,KPVTLYDVAEYANVSYQTVSRVVNQASHVSAKTREKVEAAMAELNYIPNRVAQQLAGKQ
G14P,KPVTLYDVAEYAPVSYQTVSRVVNQASHVSAKTREKVEAAMAELNYIPNRVAQQLAGKQ
G14Q,KPVTLYDVAEYAQVSYQTVSRVVNQASHVSAKTREKVEAAMAELNYIPNRVAQQLAGKQ
G14R,KPVTLYDVAEYARVSYQTVSRVVNQASHVSAKTREKVEAAMAELNYIPNRVAQQLAGKQ
G14S,KPVTLYDVAEYASVSYQTVSRVVNQASHVSAKTREKVEAAMAELNYIPNRVAQQLAGKQ
G14T,KPVTLYDVAEYATVSYQTVSRVVNQASHVSAKTREKVEAAMAELNYIPNRVAQQLAGKQ
G14V,KPVTLYDVAEYAVVSYQTVSRVVNQASHVSAKTREKVEAAMAELNYIPNRVAQQLAGKQ
G14W,KPVTLYDVAEYAWVSYQTVSRVVNQASHVSAKTREKVEAAMAELNYIPNRVAQQLAGKQ
G14Y,KPVTLYDVAEYAYVSYQTVSRVVNQASHVSAKTREKVEAAMAELNYIPNRVAQQLAGKQ
V15A,KPVTLYDVAEYAGASYQTVSRVVNQASHVSAKTREKVEAAMAELNYIPNRVAQQLAGKQ
V15C,KPVTLYDVAEYAGCSYQTVSRVVNQASHVSAKTREKVEAAMAELNYIPNRVAQQLAGKQ
V15D,KPVTLYDVAEYAGDSYQTVSRVVNQASHVSAKTREKVEAAMAELNYIPNRVAQQLAGKQ
V15E,KPVTLYDVAEYAGESYQTVSRVVNQASHVSAKTREKVEAAMAELNYIPNRVAQQLAGKQ
V15F,KPVTLYDVAEYAGFSYQTVSRVVNQASHVSAKTREKVEAAMAELNYIPNRVAQQLAGKQ
V15G,KPVTLYDVAEYAGGSYQTVSRVVNQASHVSAKTREKVEAAMAELNYIPNRVAQQLAGKQ
V15H,KPVTLYDVAEYAGHSYQTVSRVVNQASHVSAKTREKVEAAMAELNYIPNRVAQQLAGKQ
V15I,KPVTLYDVAEYAGISYQTVSRVVNQASHVSAKTREKVEAAMAELNYIPNRVAQQLAGKQ
V15K,KPVTLYDVAEYAGKSYQTVSRVVNQASHVSAKTREKVEAAMAELNYIPNRVAQQLAGKQ
V15L,KPVTLYDVAEYAGLSYQTVSRVVNQASHVSAKTREKVEAAMAELNYIPNRVAQQLAGKQ
V15M,KPVTLYDVAEYAGMSYQTVSRVVNQASHVSAKTREKVEAAMAELNYIPNRVAQQLAGKQ
V15N,KPVTLYDVAEYAGNSYQTVSRVVNQASHVSAKTREKVEAAMAELNYIPNRVAQQLAGKQ
V15P,KPVTLYDVAEYAGPSYQTVSRVVNQASHVSAKTREKVEAAMAELNYIPNRVAQQLAGKQ
V15Q,KPVTLYDVAEYAGQSYQTVSRVVNQASHVSAKTREKVEAAMAELNYIPNRVAQQLAGKQ
V15R,KPVTLYDVAEYAGRSYQTVSRVVNQASHVSAKTREKVEAAMAELNYIPNRVAQQLAGKQ
V15S,KPVTLYDVAEYAGSSYQTVSRVVNQASHVSAKTREKVEAAMAELNYIPNRVAQQLAGKQ
V15T,KPVTLYDVAEYAGTSYQTVSRVVNQASHVSAKTREKVEAAMAELNYIPNRVAQQLAGKQ
V15W,KPVTLYDVAEYAGWSYQTVSRVVNQASHVSAKTREKVEAAMAELNYIPNRVAQQLAGKQ
V15Y,KPVTLYDVAEYAGYSYQTVSRVVNQASHVSAKTREKVEAAMAELNYIPNRVAQQLAGKQ
S16A,KPVTLYDVAEYAGVAYQTVSRVVNQASHVSAKTREKVEAAMAELNYIPNRVAQQLAGKQ
S16C,KPVTLYDVAEYAGVCYQTVSRVVNQASHVSAKTREKVEAAMAELNYIPNRVAQQLAGKQ
S16D,KPVTLYDVAEYAGVDYQTVSRVVNQASHVSAKTREKVEAAMAELNYIPNRVAQQLAGKQ
S16E,KPVTLYDVAEYAGVEYQTVSRVVNQASHVSAKTREKVEAAMAELNYIPNRVAQQLAGKQ
S16F,KPVTLYDVAEYAGVFYQTVSRVVNQASHVSAKTREKVEAAMAELNYIPNRVAQQLAGKQ
S16G,KPVTLYDVAEYAGVGYQTVSRVVNQASHVSAKTREKVEAAMAELNYIPNRVAQQLAGKQ
S16H,KPVTLYDVAEYAGVHYQTVSRVVNQASHVSAKTREKVEAAMAELNYIPNRVAQQLAGKQ
S16I,KPVTLYDVAEYAGVIYQTVSRVVNQASHVSAKTREKVEAAMAELNYIPNRVAQQLAGKQ
S16K,KPVTLYDVAEYAGVKYQTVSRVVNQASHVSAKTREKVEAAMAELNYIPNRVAQQLAGKQ
S16L,KPVTLYDVAEYAGVLYQTVSRVVNQASHVSAKTREKVEAAMAELNYIPNRVAQQLAGKQ
S16M,KPVTLYDVAEYAGVMYQTVSRVVNQASHVSAKTREKVEAAMAELNYIPNRVAQQLAGKQ
S16N,KPVTLYDVAEYAGVNYQTVSRVVNQASHVSAKTREKVEAAMAELNYIPNRVAQQLAGKQ
S16P,KPVTLYDVAEYAGVPYQTVSRVVNQASHVSAKTREKVEAAMAELNYIPNRVAQQLAGKQ
S16Q,KPVTLYDVAEYAGVQYQTVSRVVNQASHVSAKTREKVEAAMAELNYIPNRVAQQLAGKQ
S16R,KPVTLYDVAEYAGVRYQTVSRVVNQASHVSAKTREKVEAAMAELNYIPNRVAQQLAGKQ
S16T,KPVTLYDVAEYAGVTYQTVSRVVNQASHVSAKTREKVEAAMAELNYIPNRVAQQLAGKQ
S16V,KPVTLYDVAEYAGVVYQTVSRVVNQASHVSAKTREKVEAAMAELNYIPNRVAQQLAGKQ
S16W,KPVTLYDVAEYAGVWYQTVSRVVNQASHVSAKTREKVEAAMAELNYIPNRVAQQLAGKQ
S16Y,KPVTLYDVAEYAGVYYQTVSRVVNQASHVSAKTREKVEAAMAELNYIPNRVAQQLAGKQ
Y17A,KPVTLYDVAEYAGVSAQTVSRVVNQASHVSAKTREKVEAAMAELNYIPNRVAQQLAGKQ
Y17C,KPVTLYDVAEYAGVSCQTVSRVVNQASHVSAKTREKVEAAMAELNYIPNRVAQQLAGKQ
Y17D,KPVTLYDVAEYAGVSDQTVSRVVNQASHVSAKTREKVEAAMAELNYIPNRVAQQLAGKQ
Y17E,KPVTLYDVAEYAGVSEQTVSRVVNQASHVSAKTREKVEAAMAELNYIPNRVAQQLAGKQ
Y17F,KPVTLYDVAEYAGVSFQTVSRVVNQASHVSAKTREKVEAAMAELNYIPNRVAQQLAGKQ
Y17G,KPVTLYDVAEYAGVSGQTVSRVVNQASHVSAKTREKVEAAMAELNYIPNRVAQQLAGKQ
Y17H,KPVTLYDVAEYAGVSHQTVSRVVNQASHVSAKTREKVEAAMAELNYIPNRVAQQLAGKQ
Y17I,KPVTLYDVAEYAGVSIQTVSRVVNQASHVSAKTREKVEAAMAELNYIPNRVAQQLAGKQ
Y17K,KPVTLYDVAEYAGVSKQTVSRVVNQASHVSAKTREKVEAAMAELNYIPNRVAQQLAGKQ
Y17L,KPVTLYDVAEYAGVSLQTVSRVVNQASHVSAKTREKVEAAMAELNYIPNRVAQQLAGKQ
Y17M,KPVTLYDVAEYAGVSMQTVSRVVNQASHVSAKTREKVEAAMAELNYIPNRVAQQLAGKQ
Y17N,KPVTLYDVAEYAGVSNQTVSRVVNQASHVSAKTREKVEAAMAELNYIPNRVAQQLAGKQ
Y17P,KPVTLYDVAEYAGVSPQTVSRVVNQASHVSAKTREKVEAAMAELNYIPNRVAQQLAGKQ
Y17Q,KPVTLYDVAEYAGVSQQTVSRVVNQASHVSAKTREKVEAAMAELNYIPNRVAQQLAGKQ
Y17R,KPVTLYDVAEYAGVSRQTVSRVVNQASHVSAKTREKVEAAMAELNYIPNRVAQQLAGKQ
Y17S,KPVTLYDVAEYAGVSSQTVSRVVNQASHVSAKTREKVEAAMAELNYIPNRVAQQLAGKQ
Y17T,KPVTLYDVAEYAGVSTQTVSRVVNQASHVSAKTREKVEAAMAELNYIPNRVAQQLAGKQ
Y17V,KPVTLYDVAEYAGVSVQTVSRVVNQASHVSAKTREKVEAAMAELNYIPNRVAQQLAGKQ
Y17W,KPVTLYDVAEYAGVSWQTVSRVVNQASHVSAKTREKVEAAMAELNYIPNRVAQQLAGKQ
Q18A,KPVTLYDVAEYAGVSYATVSRVVNQASHVSAKTREKVEAAMAELNYIPNRVAQQLAGKQ
Q18C,KPVTLYDVAEYAGVSYCTVSRVVNQASHVSAKTREKVEAAMAELNYIPNRVAQQLAGKQ
Q18D,KPVTLYDVAEYAGVSYDTVSRVVNQASHVSAKTREKVEAAMAELNYIPNRVAQQLAGKQ
Q18E,KPVTLYDVAEYAGVSYETVSRVVNQASHVSAKTREKVEAAMAELNYIPNRVAQQLAGKQ
Q18F,KPVTLYDVAEYAGVSYFTVSRVVNQASHVSAKTREKVEAAMAELNYIPNRVAQQLAGKQ
Q18G,KPVTLYDVAEYAGVSYGTVSRVVNQASHVSAKTREKVEAAMAELNYIPNRVAQQLAGKQ
Q18H,KPVTLYDVAEYAGVSYHTVSRVVNQASHVSAKTREKVEAAMAELNYIPNRVAQQLAGKQ
Q18I,KPVTLYDVAEYAGVSYITVSRVVNQASHVSAKTREKVEAAMAELNYIPNRVAQQLAGKQ
Q18K,KPVTLYDVAEYAGVSYKTVSRVVNQASHVSAKTREKVEAAMAELNYIPNRVAQQLAGKQ
Q18L,KPVTLYDVAEYAGVSYLTVSRVVNQASHVSAKTREKVEAAMAELNYIPNRVAQQLAGKQ
Q18M,KPVTLYDVAEYAGVSYMTVSRVVNQASHVSAKTREKVEAAMAELNYIPNRVAQQLAGKQ
Q18N,KPVTLYDVAEYAGVSYNTVSRVVNQASHVSAKTREKVEAAMAELNYIPNRVAQQLAGKQ
Q18P,KPVTLYDVAEYAGVSYPTVSRVVNQASHVSAKTREKVEAAMAELNYIPNRVAQQLAGKQ
Q18R,KPVTLYDVAEYAGVSYRTVSRVVNQASHVSAKTREKVEAAMAELNYIPNRVAQQLAGKQ
Q18S,KPVTLYDVAEYAGVSYSTVSRVVNQASHVSAKTREKVEAAMAELNYIPNRVAQQLAGKQ
Q18T,KPVTLYDVAEYAGVSYTTVSRVVNQASHVSAKTREKVEAAMAELNYIPNRVAQQLAGKQ
Q18V,KPVTLYDVAEYAGVSYVTVSRVVNQASHVSAKTREKVEAAMAELNYIPNRVAQQLAGKQ
Q18W,KPVTLYDVAEYAGVSYWTVSRVVNQASHVSAKTREKVEAAMAELNYIPNRVAQQLAGKQ
Q18Y,KPVTLYDVAEYAGVSYYTVSRVVNQASHVSAKTREKVEAAMAELNYIPNRVAQQLAGKQ
T19A,KPVTLYDVAEYAGVSYQAVSRVVNQASHVSAKTREKVEAAMAELNYIPNRVAQQLAGKQ
T19C,KPVTLYDVAEYAGVSYQCVSRVVNQASHVSAKTREKVEAAMAELNYIPNRVAQQLAGKQ
T19D,KPVTLYDVAEYAGVSYQDVSRVVNQASHVSAKTREKVEAAMAELNYIPNRVAQQLAGKQ
T19E,KPVTLYDVAEYAGVSYQEVSRVVNQASHVSAKTREKVEAAMAELNYIPNRVAQQLAGKQ
T19F,KPVTLYDVAEYAGVSYQFVSRVVNQASHVSAKTREKVEAAMAELNYIPNRVAQQLAGKQ
T19G,KPVTLYDVAEYAGVSYQGVSRVVNQASHVSAKTREKVEAAMAELNYIPNRVAQQLAGKQ
T19H,KPVTLYDVAEYAGVSYQHVSRVVNQASHVSAKTREKVEAAMAELNYIPNRVAQQLAGKQ
T19I,KPVTLYDVAEYAGVSYQIVSRVVNQASHVSAKTREKVEAAMAELNYIPNRVAQQLAGKQ
T19K,KPVTLYDVAEYAGVSYQKVSRVVNQASHVSAKTREKVEAAMAELNYIPNRVAQQLAGKQ
T19L,KPVTLYDVAEYAGVSYQLVSRVVNQASHVSAKTREKVEAAMAELNYIPNRVAQQLAGKQ
T19M,KPVTLYDVAEYAGVSYQMVSRVVNQASHVSAKTREKVEAAMAELNYIPNRVAQQLAGKQ
T19N,KPVTLYDVAEYAGVSYQNVSRVVNQASHVSAKTREKVEAAMAELNYIPNRVAQQLAGKQ
T19P,KPVTLYDVAEYAGVSYQPVSRVVNQASHVSAKTREKVEAAMAELNYIPNRVAQQLAGKQ
T19Q,KPVTLYDVAEYAGVSYQQVSRVVNQASHVSAKTREKVEAAMAELNYIPNRVAQQLAGKQ
T19R,KPVTLYDVAEYAGVSYQRVSRVVNQASHVSAKTREKVEAAMAELNYIPNRVAQQLAGKQ
T19S,KPVTLYDVAEYAGVSYQSVSRVVNQASHVSAKTREKVEAAMAELNYIPNRVAQQLAGKQ
T19V,KPVTLYDVAEYAGVSYQVVSRVVNQASHVSAKTREKVEAAMAELNYIPNRVAQQLAGKQ
T19W,KPVTLYDVAEYAGVSYQWVSRVVNQASHVSAKTREKVEAAMAELNYIPNRVAQQLAGKQ
T19Y,KPVTLYDVAEYAGVSYQYVSRVVNQASHVSAKTREKVEAAMAELNYIPNRVAQQLAGKQ
V20A,KPVTLYDVAEYAGVSYQTASRVVNQASHVSAKTREKVEAAMAELNYIPNRVAQQLAGKQ
V20C,KPVTLYDVAEYAGVSYQTCSRVVNQASHVSAKTREKVEAAMAELNYIPNRVAQQLAGKQ
V20D,KPVTLYDVAEYAGVSYQTDSRVVNQASHVSAKTREKVEAAMAELNYIPNRVAQQLAGKQ
V20E,KPVTLYDVAEYAGVSYQTESRVVNQASHVSAKTREKVEAAMAELNYIPNRVAQQLAGKQ
V20F,KPVTLYDVAEYAGVSYQTFSRVVNQASHVSAKTREKVEAAMAELNYIPNRVAQQLAGKQ
V20G,KPVTLYDVAEYAGVSYQTGSRVVNQASHVSAKTREKVEAAMAELNYIPNRVAQQLAGKQ
V20H,KPVTLYDVAEYAGVSYQTHSRVVNQASHVSAKTREKVEAAMAELNYIPNRVAQQLAGKQ
V20I,KPVTLYDVAEYAGVSYQTISRVVNQASHVSAKTREKVEAAMAELNYIPNRVAQQLAGKQ
V20K,KPVTLYDVAEYAGVSYQTKSRVVNQASHVSAKTREKVEAAMAELNYIPNRVAQQLAGKQ
V20L,KPVTLYDVAEYAGVSYQTLSRVVNQASHVSAKTREKVEAAMAELNYIPNRVAQQLAGKQ
V20M,KPVTLYDVAEYAGVSYQTMSRVVNQASHVSAKTREKVEAAMAELNYIPNRVAQQLAGKQ
V20N,KPVTLYDVAEYAGVSYQTNSRVVNQASHVSAKTREKVEAAMAELNYIPNRVAQQLAGKQ
V20P,KPVTLYDVAEYAGVSYQTPSRVVNQASHVSAKTREKVEAAMAELNYIPNRVAQQLAGKQ
V20Q,KPVTLYDVAEYAGVSYQTQSRVVNQASHVSAKTREKVEAAMAELNYIPNRVAQQLAGKQ
V20R,KPVTLYDVAEYAGVSYQTRSRVVNQASHVSAKTREKVEAAMAELNYIPNRVAQQLAGKQ
V20S,KPVTLYDVAEYAGVSYQTSSRVVNQASHVSAKTREKVEAAMAELNYIPNRVAQQLAGKQ
V20T,KPVTLYDVAEYAGVSYQTTSRVVNQASHVSAKTREKVEAAMAELNYIPNRVAQQLAGKQ
V20W,KPVTLYDVAEYAGVSYQTWSRVVNQASHVSAKTREKVEAAMAELNYIPNRVAQQLAGKQ
V20Y,KPVTLYDVAEYAGVSYQTYSRVVNQASHVSAKTREKVEAAMAELNYIPNRVAQQLAGKQ
S21A,KPVTLYDVAEYAGVSYQTVARVVNQASHVSAKTREKVEAAMAELNYIPNRVAQQLAGKQ
S21C,KPVTLYDVAEYAGVSYQTVCRVVNQASHVSAKTREKVEAAMAELNYIPNRVAQQLAGKQ
S21D,KPVTLYDVAEYAGVSYQTVDRVVNQASHVSAKTREKVEAAMAELNYIPNRVAQQLAGKQ
S21E,KPVTLYDVAEYAGVSYQTVERVVNQASHVSAKTREKVEAAMAELNYIPNRVAQQLAGKQ
S21F,KPVTLYDVAEYAGVSYQTVFRVVNQASHVSAKTREKVEAAMAELNYIPNRVAQQLAGKQ
S21G,KPVTLYDVAEYAGVSYQTVGRVVNQASHVSAKTREKVEAAMAELNYIPNRVAQQLAGKQ
S21H,KPVTLYDVAEYAGVSYQTVHRVVNQASHVSAKTREKVEAAMAELNYIPNRVAQQLAGKQ
S21I,KPVTLYDVAEYAGVSYQTVIRVVNQASHVSAKTREKVEAAMAELNYIPNRVAQQLAGKQ
S21K,KPVTLYDVAEYAGVSYQTVKRVVNQASHVSAKTREKVEAAMAELNYIPNRVAQQLAGKQ
S21L,KPVTLYDVAEYAGVSYQTVLRVVNQASHVSAKTREKVEAAMAELNYIPNRVAQQLAGKQ
S21M,KPVTLYDVAEYAGVSYQTVMRVVNQASHVSAKTREKVEAAMAELNYIPNRVAQQLAGKQ
S21N,KPVTLYDVAEYAGVSYQTVNRVVNQASHVSAKTREKVEAAMAELNYIPNRVAQQLAGKQ
S21P,KPVTLYDVAEYAGVSYQTVPRVVNQASHVSAKTREKVEAAMAELNYIPNRVAQQLAGKQ
S21Q,KPVTLYDVAEYAGVSYQTVQRVVNQASHVSAKTREKVEAAMAELNYIPNRVAQQLAGKQ
S21R,KPVTLYDVAEYAGVSYQTVRRVVNQASHVSAKTREKVEAAMAELNYIPNRVAQQLAGKQ
S21T,KPVTLYDVAEYAGVSYQTVTRVVNQASHVSAKTREKVEAAMAELNYIPNRVAQQLAGKQ
S21V,KPVTLYDVAEYAGVSYQTVVRVVNQASHVSAKTREKVEAAMAELNYIPNRVAQQLAGKQ
S21W,KPVTLYDVAEYAGVSYQTVWRVVNQASHVSAKTREKVEAAMAELNYIPNRVAQQLAGKQ
S21Y,KPVTLYDVAEYAGVSYQTVYRVVNQASHVSAKTREKVEAAMAELNYIPNRVAQQLAGKQ
R22A,KPVTLYDVAEYAGVSYQTVSAVVNQASHVSAKTREKVEAAMAELNYIPNRVAQQLAGKQ
R22C,KPVTLYDVAEYAGVSYQTVSCVVNQASHVSAKTREKVEAAMAELNYIPNRVAQQLAGKQ
R22D,KPVTLYDVAEYAGVSYQTVSDVVNQASHVSAKTREKVEAAMAELNYIPNRVAQQLAGKQ
R22E,KPVTLYDVAEYAGVSYQTVSEVVNQASHVSAKTREKVEAAMAELNYIPNRVAQQLAGKQ
R22F,KPVTLYDVAEYAGVSYQTVSFVVNQASHVSAKTREKVEAAMAELNYIPNRVAQQLAGKQ
R22G,KPVTLYDVAEYAGVSYQTVSGVVNQASHVSAKTREKVEAAMAELNYIPNRVAQQLAGKQ
R22H,KPVTLYDVAEYAGVSYQTVSHVVNQASHVSAKTREKVEAAMAELNYIPNRVAQQLAGKQ
R22I,KPVTLYDVAEYAGVSYQTVSIVVNQASHVSAKTREKVEAAMAELNYIPNRVAQQLAGKQ
R22K,KPVTLYDVAEYAGVSYQTVSKVVNQASHVSAKTREKVEAAMAELNYIPNRVAQQLAGKQ
R22L,KPVTLYDVAEYAGVSYQTVSLVVNQASHVSAKTREKVEAAMAELNYIPNRVAQQLAGKQ
R22M,KPVTLYDVAEYAGVSYQTVSMVVNQASHVSAKTREKVEAAMAELNYIPNRVAQQLAGKQ
R22N,KPVTLYDVAEYAGVSYQTVSNVVNQASHVSAKTREKVEAAMAELNYIPNRVAQQLAGKQ
R22P,KPVTLYDVAEYAGVSYQTVSPVVNQASHVSAKTREKVEAAMAELNYIPNRVAQQLAGKQ
R22Q,KPVTLYDVAEYAGVSYQTVSQVVNQASHVSAKTREKVEAAMAELNYIPNRVAQQLAGKQ
R22S,KPVTLYDVAEYAGVSYQTVSSVVNQASHVSAKTREKVEAAMAELNYIPNRVAQQLAGKQ
R22T,KPVTLYDVAEYAGVSYQTVSTVVNQASHVSAKTREKVEAAMAELNYIPNRVAQQLAGKQ
R22V,KPVTLYDVAEYAGVSYQTVSVVVNQASHVSAKTREKVEAAMAELNYIPNRVAQQLAGKQ
R22W,KPVTLYDVAEYAGVSYQTVSWVVNQASHVSAKTREKVEAAMAELNYIPNRVAQQLAGKQ
R22Y,KPVTLYDVAEYAGVSYQTVSYVVNQASHVSAKTREKVEAAMAELNYIPNRVAQQLAGKQ
V23A,KPVTLYDVAEYAGVSYQTVSRAVNQASHVSAKTREKVEAAMAELNYIPNRVAQQLAGKQ
V23C,KPVTLYDVAEYAGVSYQTVSRCVNQASHVSAKTREKVEAAMAELNYIPNRVAQQLAGKQ
V23D,KPVTLYDVAEYAGVSYQTVSRDVNQASHVSAKTREKVEAAMAELNYIPNRVAQQLAGKQ
V23E,KPVTLYDVAEYAGVSYQTVSREVNQASHVSAKTREKVEAAMAELNYIPNRVAQQLAGKQ
V23F,KPVTLYDVAEYAGVSYQTVSRFVNQASHVSAKTREKVEAAMAELNYIPNRVAQQLAGKQ
V23G,KPVTLYDVAEYAGVSYQTVSRGVNQASHVSAKTREKVEAAMAELNYIPNRVAQQLAGKQ
V23H,KPVTLYDVAEYAGVSYQTVSRHVNQASHVSAKTREKVEAAMAELNYIPNRVAQQLAGKQ
V23I,KPVTLYDVAEYAGVSYQTVSRIVNQASHVSAKTREKVEAAMAELNYIPNRVAQQLAGKQ
V23K,KPVTLYDVAEYAGVSYQTVSRKVNQASHVSAKTREKVEAAMAELNYIPNRVAQQLAGKQ
V23L,KPVTLYDVAEYAGVSYQTVSRLVNQASHVSAKTREKVEAAMAELNYIPNRVAQQLAGKQ
V23M,KPVTLYDVAEYAGVSYQTVSRMVNQASHVSAKTREKVEAAMAELNYIPNRVAQQLAGKQ
V23N,KPVTLYDVAEYAGVSYQTVSRNVNQASHVSAKTREKVEAAMAELNYIPNRVAQQLAGKQ
V23P,KPVTLYDVAEYAGVSYQTVSRPVNQASHVSAKTREKVEAAMAELNYIPNRVAQQLAGKQ
V23Q,KPVTLYDVAEYAGVSYQTVSRQVNQASHVSAKTREKVEAAMAELNYIPNRVAQQLAGKQ
V23R,KPVTLYDVAEYAGVSYQTVSRRVNQASHVSAKTREKVEAAMAELNYIPNRVAQQLAGKQ
V23S,KPVTLYDVAEYAGVSYQTVSRSVNQASHVSAKTREKVEAAMAELNYIPNRVAQQLAGKQ
V23T,KPVTLYDVAEYAGVSYQTVSRTVNQASHVSAKTREKVEAAMAELNYIPNRVAQQLAGKQ
V23W,KPVTLYDVAEYAGVSYQTVSRWVNQASHVSAKTREKVEAAMAELNYIPNRVAQQLAGKQ
V23Y,KPVTLYDVAEYAGVSYQTVSRYVNQASHVSAKTREKVEAAMAELNYIPNRVAQQLAGKQ
V24A,KPVTLYDVAEYAGVSYQTVSRVANQASHVSAKTREKVEAAMAELNYIPNRVAQQLAGKQ
V24C,KPVTLYDVAEYAGVSYQTVSRVCNQASHVSAKTREKVEAAMAELNYIPNRVAQQLAGKQ
V24D,KPVTLYDVAEYAGVSYQTVSRVDNQASHVSAKTREKVEAAMAELNYIPNRVAQQLAGKQ
V24E,KPVTLYDVAEYAGVSYQTVSRVENQASHVSAKTREKVEAAMAELNYIPNRVAQQLAGKQ
V24F,KPVTLYDVAEYAGVSYQTVSRVFNQASHVSAKTREKVEAAMAELNYIPNRVAQQLAGKQ
V24G,KPVTLYDVAEYAGVSYQTVSRVGNQASHVSAKTREKVEAAMAELNYIPNRVAQQLAGKQ
V24H,KPVTLYDVAEYAGVSYQTVSRVHNQASHVSAKTREKVEAAMAELNYIPNRVAQQLAGKQ
V24I,KPVTLYDVAEYAGVSYQTVSRVINQASHVSAKTREKVEAAMAELNYIPNRVAQQLAGKQ
V24K,KPVTLYDVAEYAGVSYQTVSRVKNQASHVSAKTREKVEAAMAELNYIPNRVAQQLAGKQ
V24L,KPVTLYDVAEYAGVSYQTVSRVLNQASHVSAKTREKVEAAMAELNYIPNRVAQQLAGKQ
V24M,KPVTLYDVAEYAGVSYQTVSRVMNQASHVSAKTREKVEAAMAELNYIPNRVAQQLAGKQ
V24N,KPVTLYDVAEYAGVSYQTVSRVNNQASHVSAKTREKVEAAMAELNYIPNRVAQQLAGKQ
V24P,KPVTLYDVAEYAGVSYQTVSRVPNQASHVSAKTREKVEAAMAELNYIPNRVAQQLAGKQ
V24Q,KPVTLYDVAEYAGVSYQTVSRVQNQASHVSAKTREKVEAAMAELNYIPNRVAQQLAGKQ
V24R,KPVTLYDVAEYAGVSYQTVSRVRNQASHVSAKTREKVEAAMAELNYIPNRVAQQLAGKQ
V24S,KPVTLYDVAEYAGVSYQTVSRVSNQASHVSAKTREKVEAAMAELNYIPNRVAQQLAGKQ
V24T,KPVTLYDVAEYAGVSYQTVSRVTNQASHVSAKTREKVEAAMAELNYIPNRVAQQLAGKQ
V24W,KPVTLYDVAEYAGVSYQTVSRVWNQASHVSAKTREKVEAAMAELNYIPNRVAQQLAGKQ
V24Y,KPVTLYDVAEYAGVSYQTVSRVYNQASHVSAKTREKVEAAMAELNYIPNRVAQQLAGKQ
N25A,KPVTLYDVAEYAGVSYQTVSRVVAQASHVSAKTREKVEAAMAELNYIPNRVAQQLAGKQ
N25C,KPVTLYDVAEYAGVSYQTVSRVVCQASHVSAKTREKVEAAMAELNYIPNRVAQQLAGKQ
N25D,KPVTLYDVAEYAGVSYQTVSRVVDQASHVSAKTREKVEAAMAELNYIPNRVAQQLAGKQ
N25E,KPVTLYDVAEYAGVSYQTVSRVVEQASHVSAKTREKVEAAMAELNYIPNRVAQQLAGKQ
N25F,KPVTLYDVAEYAGVSYQTVSRVVFQASHVSAKTREKVEAAMAELNYIPNRVAQQLAGKQ
N25G,KPVTLYDVAEYAGVSYQTVSRVVGQASHVSAKTREKVEAAMAELNYIPNRVAQQLAGKQ
N25H,KPVTLYDVAEYAGVSYQTVSRVVHQASHVSAKTREKVEAAMAELNYIPNRVAQQLAGKQ
N25I,KPVTLYDVAEYAGVSYQTVSRVVIQASHVSAKTREKVEAAMAELNYIPNRVAQQLAGKQ
N25K,KPVTLYDVAEYAGVSYQTVSRVVKQASHVSAKTREKVEAAMAELNYIPNRVAQQLAGKQ
N25L,KPVTLYDVAEYAGVSYQTVSRVVLQASHVSAKTREKVEAAMAELNYIPNRVAQQLAGKQ
N25M,KPVTLYDVAEYAGVSYQTVSRVVMQASHVSAKTREKVEAAMAELNYIPNRVAQQLAGKQ
N25P,KPVTLYDVAEYAGVSYQTVSRVVPQASHVSAKTREKVEAAMAELNYIPNRVAQQLAGKQ
N25Q,KPVTLYDVAEYAGVSYQTVSRVVQQASHVSAKTREKVEAAMAELNYIPNRVAQQLAGKQ
N25R,KPVTLYDVAEYAGVSYQTVSRVVRQASHVSAKTREKVEAAMAELNYIPNRVAQQLAGKQ
N25S,KPVTLYDVAEYAGVSYQTVSRVVSQASHVSAKTREKVEAAMAELNYIPNRVAQQLAGKQ
N25T,KPVTLYDVAEYAGVSYQTVSRVVTQASHVSAKTREKVEAAMAELNYIPNRVAQQLAGKQ
N25V,KPVTLYDVAEYAGVSYQTVSRVVVQASHVSAKTREKVEAAMAELNYIPNRVAQQLAGKQ
N25W,KPVTLYDVAEYAGVSYQTVSRVVWQASHVSAKTREKVEAAMAELNYIPNRVAQQLAGKQ
N25Y,KPVTLYDVAEYAGVSYQTVSRVVYQASHVSAKTREKVEAAMAELNYIPNRVAQQLAGKQ
Q26A,KPVTLYDVAEYAGVSYQTVSRVVNAASHVSAKTREKVEAAMAELNYIPNRVAQQLAGKQ
Q26C,KPVTLYDVAEYAGVSYQTVSRVVNCASHVSAKTREKVEAAMAELNYIPNRVAQQLAGKQ
Q26D,KPVTLYDVAEYAGVSYQTVSRVVNDASHVSAKTREKVEAAMAELNYIPNRVAQQLAGKQ
Q26E,KPVTLYDVAEYAGVSYQTVSRVVNEASHVSAKTREKVEAAMAELNYIPNRVAQQLAGKQ
Q26F,KPVTLYDVAEYAGVSYQTVSRVVNFASHVSAKTREKVEAAMAELNYIPNRVAQQLAGKQ
Q26G,KPVTLYDVAEYAGVSYQTVSRVVNGASHVSAKTREKVEAAMAELNYIPNRVAQQLAGKQ
Q26H,KPVTLYDVAEYAGVSYQTVSRVVNHASHVSAKTREKVEAAMAELNYIPNRVAQQLAGKQ
Q26I,KPVTLYDVAEYAGVSYQTVSRVVNIASHVSAKTREKVEAAMAELNYIPNRVAQQLAGKQ
Q26K,KPVTLYDVAEYAGVSYQTVSRVVNKASHVSAKTREKVEAAMAELNYIPNRVAQQLAGKQ
Q26L,KPVTLYDVAEYAGVSYQTVSRVVNLASHVSAKTREKVEAAMAELNYIPNRVAQQLAGKQ
Q26M,KPVTLYDVAEYAGVSYQTVSRVVNMASHVSAKTREKVEAAMAELNYIPNRVAQQLAGKQ
Q26N,KPVTLYDVAEYAGVSYQTVSRVVNNASHVSAKTREKVEAAMAELNYIPNRVAQQLAGKQ
Q26P,KPVTLYDVAEYAGVSYQTVSRVVNPASHVSAKTREKVEAAMAELNYIPNRVAQQLAGKQ
Q26R,KPVTLYDVAEYAGVSYQTVSRVVNRASHVSAKTREKVEAAMAELNYIPNRVAQQLAGKQ
Q26S,KPVTLYDVAEYAGVSYQTVSRVVNSASHVSAKTREKVEAAMAELNYIPNRVAQQLAGKQ
Q26T,KPVTLYDVAEYAGVSYQTVSRVVNTASHVSAKTREKVEAAMAELNYIPNRVAQQLAGKQ
Q26V,KPVTLYDVAEYAGVSYQTVSRVVNVASHVSAKTREKVEAAMAELNYIPNRVAQQLAGKQ
Q26W,KPVTLYDVAEYAGVSYQTVSRVVNWASHVSAKTREKVEAAMAELNYIPNRVAQQLAGKQ
Q26Y,KPVTLYDVAEYAGVSYQTVSRVVNYASHVSAKTREKVEAAMAELNYIPNRVAQQLAGKQ
A27C,KPVTLYDVAEYAGVSYQTVSRVVNQCSHVSAKTREKVEAAMAELNYIPNRVAQQLAGKQ
A27D,KPVTLYDVAEYAGVSYQTVSRVVNQDSHVSAKTREKVEAAMAELNYIPNRVAQQLAGKQ
A27E,KPVTLYDVAEYAGVSYQTVSRVVNQESHVSAKTREKVEAAMAELNYIPNRVAQQLAGKQ
A27F,KPVTLYDVAEYAGVSYQTVSRVVNQFSHVSAKTREKVEAAMAELNYIPNRVAQQLAGKQ
A27G,KPVTLYDVAEYAGVSYQTVSRVVNQGSHVSAKTREKVEAAMAELNYIPNRVAQQLAGKQ
A27H,KPVTLYDVAEYAGVSYQTVSRVVNQHSHVSAKTREKVEAAMAELNYIPNRVAQQLAGKQ
A27I,KPVTLYDVAEYAGVSYQTVSRVVNQISHVSAKTREKVEAAMAELNYIPNRVAQQLAGKQ
A27K,KPVTLYDVAEYAGVSYQTVSRVVNQKSHVSAKTREKVEAAMAELNYIPNRVAQQLAGKQ
A27L,KPVTLYDVAEYAGVSYQTVSRVVNQLSHVSAKTREKVEAAMAELNYIPNRVAQQLAGKQ
A27M,KPVTLYDVAEYAGVSYQTVSRVVNQMSHVSAKTREKVEAAMAELNYIPNRVAQQLAGKQ
A27N,KPVTLYDVAEYAGVSYQTVSRVVNQNSHVSAKTREKVEAAMAELNYIPNRVAQQLAGKQ
A27P,KPVTLYDVAEYAGVSYQTVSRVVNQPSHVSAKTREKVEAAMAELNYIPNRVAQQLAGKQ
A27Q,KPVTLYDVAEYAGVSYQTVSRVVNQQSHVSAKTREKVEAAMAELNYIPNRVAQQLAGKQ
A27R,KPVTLYDVAEYAGVSYQTVSRVVNQRSHVSAKTREKVEAAMAELNYIPNRVAQQLAGKQ
A27S,KPVTLYDVAEYAGVSYQTVSRVVNQSSHVSAKTREKVEAAMAELNYIPNRVAQQLAGKQ
A27T,KPVTLYDVAEYAGVSYQTVSRVVNQTSHVSAKTREKVEAAMAELNYIPNRVAQQLAGKQ
A27V,KPVTLYDVAEYAGVSYQTVSRVVNQVSHVSAKTREKVEAAMAELNYIPNRVAQQLAGKQ
A27W,KPVTLYDVAEYAGVSYQTVSRVVNQWSHVSAKTREKVEAAMAELNYIPNRVAQQLAGKQ
A27Y,KPVTLYDVAEYAGVSYQTVSRVVNQYSHVSAKTREKVEAAMAELNYIPNRVAQQLAGKQ
S28A,KPVTLYDVAEYAGVSYQTVSRVVNQAAHVSAKTREKVEAAMAELNYIPNRVAQQLAGKQ
S28C,KPVTLYDVAEYAGVSYQTVSRVVNQACHVSAKTREKVEAAMAELNYIPNRVAQQLAGKQ
S28D,KPVTLYDVAEYAGVSYQTVSRVVNQADHVSAKTREKVEAAMAELNYIPNRVAQQLAGKQ
S28E,KPVTLYDVAEYAGVSYQTVSRVVNQAEHVSAKTREKVEAAMAELNYIPNRVAQQLAGKQ
S28F,KPVTLYDVAEYAGVSYQTVSRVVNQAFHVSAKTREKVEAAMAELNYIPNRVAQQLAGKQ
S28G,KPVTLYDVAEYAGVSYQTVSRVVNQAGHVSAKTREKVEAAMAELNYIPNRVAQQLAGKQ
S28H,KPVTLYDVAEYAGVSYQTVSRVVNQAHHVSAKTREKVEAAMAELNYIPNRVAQQLAGKQ
S28I,KPVTLYDVAEYAGVSYQTVSRVVNQAIHVSAKTREKVEAAMAELNYIPNRVAQQLAGKQ
S28K,KPVTLYDVAEYAGVSYQTVSRVVNQAKHVSAKTREKVEAAMAELNYIPNRVAQQLAGKQ
S28L,KPVTLYDVAEYAGVSYQTVSRVVNQALHVSAKTREKVEAAMAELNYIPNRVAQQLAGKQ
S28M,KPVTLYDVAEYAGVSYQTVSRVVNQAMHVSAKTREKVEAAMAELNYIPNRVAQQLAGKQ
S28N,KPVTLYDVAEYAGVSYQTVSRVVNQANHVSAKTREKVEAAMAELNYIPNRVAQQLAGKQ
S28P,KPVTLYDVAEYAGVSYQTVSRVVNQAPHVSAKTREKVEAAMAELNYIPNRVAQQLAGKQ
S28Q,KPVTLYDVAEYAGVSYQTVSRVVNQAQHVSAKTREKVEAAMAELNYIPNRVAQQLAGKQ
S28R,KPVTLYDVAEYAGVSYQTVSRVVNQARHVSAKTREKVEAAMAELNYIPNRVAQQLAGKQ
S28T,KPVTLYDVAEYAGVSYQTVSRVVNQATHVSAKTREKVEAAMAELNYIPNRVAQQLAGKQ
S28V,KPVTLYDVAEYAGVSYQTVSRVVNQAVHVSAKTREKVEAAMAELNYIPNRVAQQLAGKQ
S28W,KPVTLYDVAEYAGVSYQTVSRVVNQAWHVSAKTREKVEAAMAELNYIPNRVAQQLAGKQ
S28Y,KPVTLYDVAEYAGVSYQTVSRVVNQAYHVSAKTREKVEAAMAELNYIPNRVAQQLAGKQ
H29A,KPVTLYDVAEYAGVSYQTVSRVVNQASAVSAKTREKVEAAMAELNYIPNRVAQQLAGKQ
H29C,KPVTLYDVAEYAGVSYQTVSRVVNQASCVSAKTREKVEAAMAELNYIPNRVAQQLAGKQ
H29D,KPVTLYDVAEYAGVSYQTVSRVVNQASDVSAKTREKVEAAMAELNYIPNRVAQQLAGKQ
H29E,KPVTLYDVAEYAGVSYQTVSRVVNQASEVSAKTREKVEAAMAELNYIPNRVAQQLAGKQ
H29F,KPVTLYDVAEYAGVSYQTVSRVVNQASFVSAKTREKVEAAMAELNYIPNRVAQQLAGKQ
H29G,KPVTLYDVAEYAGVSYQTVSRVVNQASGVSAKTREKVEAAMAELNYIPNRVAQQLAGKQ
H29I,KPVTLYDVAEYAGVSYQTVSRVVNQASIVSAKTREKVEAAMAELNYIPNRVAQQLAGKQ
H29K,KPVTLYDVAEYAGVSYQTVSRVVNQASKVSAKTREKVEAAMAELNYIPNRVAQQLAGKQ
H29L,KPVTLYDVAEYAGVSYQTVSRVVNQASLVSAKTREKVEAAMAELNYIPNRVAQQLAGKQ
H29M,KPVTLYDVAEYAGVSYQTVSRVVNQASMVSAKTREKVEAAMAELNYIPNRVAQQLAGKQ
H29N,KPVTLYDVAEYAGVSYQTVSRVVNQASNVSAKTREKVEAAMAELNYIPNRVAQQLAGKQ
H29P,KPVTLYDVAEYAGVSYQTVSRVVNQASPVSAKTREKVEAAMAELNYIPNRVAQQLAGKQ
H29Q,KPVTLYDVAEYAGVSYQTVSRVVNQASQVSAKTREKVEAAMAELNYIPNRVAQQLAGKQ
H29R,KPVTLYDVAEYAGVSYQTVSRVVNQASRVSAKTREKVEAAMAELNYIPNRVAQQLAGKQ
H29S,KPVTLYDVAEYAGVSYQTVSRVVNQASSVSAKTREKVEAAMAELNYIPNRVAQQLAGKQ
H29T,KPVTLYDVAEYAGVSYQTVSRVVNQASTVSAKTREKVEAAMAELNYIPNRVAQQLAGKQ
H29V,KPVTLYDVAEYAGVSYQTVSRVVNQASVVSAKTREKVEAAMAELNYIPNRVAQQLAGKQ
H29W,KPVTLYDVAEYAGVSYQTVSRVVNQASWVSAKTREKVEAAMAELNYIPNRVAQQLAGKQ
H29Y,KPVTLYDVAEYAGVSYQTVSRVVNQASYVSAKTREKVEAAMAELNYIPNRVAQQLAGKQ
V30A,KPVTLYDVAEYAGVSYQTVSRVVNQASHASAKTREKVEAAMAELNYIPNRVAQQLAGKQ
V30C,KPVTLYDVAEYAGVSYQTVSRVVNQASHCSAKTREKVEAAMAELNYIPNRVAQQLAGKQ
V30D,KPVTLYDVAEYAGVSYQTVSRVVNQASHDSAKTREKVEAAMAELNYIPNRVAQQLAGKQ
V30E,KPVTLYDVAEYAGVSYQTVSRVVNQASHESAKTREKVEAAMAELNYIPNRVAQQLAGKQ
V30F,KPVTLYDVAEYAGVSYQTVSRVVNQASHFSAKTREKVEAAMAELNYIPNRVAQQLAGKQ
V30G,KPVTLYDVAEYAGVSYQTVSRVVNQASHGSAKTREKVEAAMAELNYIPNRVAQQLAGKQ
V30H,KPVTLYDVAEYAGVSYQTVSRVVNQASHHSAKTREKVEAAMAELNYIPNRVAQQLAGKQ
V30I,KPVTLYDVAEYAGVSYQTVSRVVNQASHISAKTREKVEAAMAELNYIPNRVAQQLAGKQ
V30K,KPVTLYDVAEYAGVSYQTVSRVVNQASHKSAKTREKVEAAMAELNYIPNRVAQQLAGKQ
V30L,KPVTLYDVAEYAGVSYQTVSRVVNQASHLSAKTREKVEAAMAELNYIPNRVAQQLAGKQ
V30M,KPVTLYDVAEYAGVSYQTVSRVVNQASHMSAKTREKVEAAMAELNYIPNRVAQQLAGKQ
V30N,KPVTLYDVAEYAGVSYQTVSRVVNQASHNSAKTREKVEAAMAELNYIPNRVAQQLAGKQ
V30P,KPVTLYDVAEYAGVSYQTVSRVVNQASHPSAKTREKVEAAMAELNYIPNRVAQQLAGKQ
V30Q,KPVTLYDVAEYAGVSYQTVSRVVNQASHQSAKTREKVEAAMAELNYIPNRVAQQLAGKQ
V30R,KPVTLYDVAEYAGVSYQTVSRVVNQASHRSAKTREKVEAAMAELNYIPNRVAQQLAGKQ
V30S,KPVTLYDVAEYAGVSYQTVSRVVNQASHSSAKTREKVEAAMAELNYIPNRVAQQLAGKQ
V30T,KPVTLYDVAEYAGVSYQTVSRVVNQASHTSAKTREKVEAAMAELNYIPNRVAQQLAGKQ
V30W,KPVTLYDVAEYAGVSYQTVSRVVNQASHWSAKTREKVEAAMAELNYIPNRVAQQLAGKQ
V30Y,KPVTLYDVAEYAGVSYQTVSRVVNQASHYSAKTREKVEAAMAELNYIPNRVAQQLAGKQ
S31A,KPVTLYDVAEYAGVSYQTVSRVVNQASHVAAKTREKVEAAMAELNYIPNRVAQQLAGKQ
S31C,KPVTLYDVAEYAGVSYQTVSRVVNQASHVCAKTREKVEAAMAELNYIPNRVAQQLAGKQ
S31D,KPVTLYDVAEYAGVSYQTVSRVVNQASHVDAKTREKVEAAMAELNYIPNRVAQQLAGKQ
S31E,KPVTLYDVAEYAGVSYQTVSRVVNQASHVEAKTREKVEAAMAELNYIPNRVAQQLAGKQ
S31F,KPVTLYDVAEYAGVSYQTVSRVVNQASHVFAKTREKVEAAMAELNYIPNRVAQQLAGKQ
S31G,KPVTLYDVAEYAGVSYQTVSRVVNQASHVGAKTREKVEAAMAELNYIPNRVAQQLAGKQ
S31H,KPVTLYDVAEYAGVSYQTVSRVVNQASHVHAKTREKVEAAMAELNYIPNRVAQQLAGKQ
S31I,KPVTLYDVAEYAGVSYQTVSRVVNQASHVIAKTREKVEAAMAELNYIPNRVAQQLAGKQ
S31K,KPVTLYDVAEYAGVSYQTVSRVVNQASHVKAKTREKVEAAMAELNYIPNRVAQQLAGKQ
S31L,KPVTLYDVAEYAGVSYQTVSRVVNQASHVLAKTREKVEAAMAELNYIPNRVAQQLAGKQ
S31M,KPVTLYDVAEYAGVSYQTVSRVVNQASHVMAKTREKVEAAMAELNYIPNRVAQQLAGKQ
S31N,KPVTLYDVAEYAGVSYQTVSRVVNQASHVNAKTREKVEAAMAELNYIPNRVAQQLAGKQ
S31P,KPVTLYDVAEYAGVSYQTVSRVVNQASHVPAKTREKVEAAMAELNYIPNRVAQQLAGKQ
S31Q,KPVTLYDVAEYAGVSYQTVSRVVNQASHVQAKTREKVEAAMAELNYIPNRVAQQLAGKQ
S31R,KPVTLYDVAEYAGVSYQTVSRVVNQASHVRAKTREKVEAAMAELNYIPNRVAQQLAGKQ
S31T,KPVTLYDVAEYAGVSYQTVSRVVNQASHVTAKTREKVEAAMAELNYIPNRVAQQLAGKQ
S31V,KPVTLYDVAEYAGVSYQTVSRVVNQASHVVAKTREKVEAAMAELNYIPNRVAQQLAGKQ
S31W,KPVTLYDVAEYAGVSYQTVSRVVNQASHVWAKTREKVEAAMAELNYIPNRVAQQLAGKQ
S31Y,KPVTLYDVAEYAGVSYQTVSRVVNQASHVYAKTREKVEAAMAELNYIPNRVAQQLAGKQ
A32C,KPVTLYDVAEYAGVSYQTVSRVVNQASHVSCKTREKVEAAMAELNYIPNRVAQQLAGKQ
A32D,KPVTLYDVAEYAGVSYQTVSRVVNQASHVSDKTREKVEAAMAELNYIPNRVAQQLAGKQ
A32E,KPVTLYDVAEYAGVSYQTVSRVVNQASHVSEKTREKVEAAMAELNYIPNRVAQQLAGKQ
A32F,KPVTLYDVAEYAGVSYQTVSRVVNQASHVSFKTREKVEAAMAELNYIPNRVAQQLAGKQ
A32G,KPVTLYDVAEYAGVSYQTVSRVVNQASHVSGKTREKVEAAMAELNYIPNRVAQQLAGKQ
A32H,KPVTLYDVAEYAGVSYQTVSRVVNQASHVSHKTREKVEAAMAELNYIPNRVAQQLAGKQ
A32I,KPVTLYDVAEYAGVSYQTVSRVVNQASHVSIKTREKVEAAMAELNYIPNRVAQQLAGKQ
A32K,KPVTLYDVAEYAGVSYQTVSRVVNQASHVSKKTREKVEAAMAELNYIPNRVAQQLAGKQ
A32L,KPVTLYDVAEYAGVSYQTVSRVVNQASHVSLKTREKVEAAMAELNYIPNRVAQQLAGKQ
A32M,KPVTLYDVAEYAGVSYQTVSRVVNQASHVSMKTREKVEAAMAELNYIPNRVAQQLAGKQ
A32N,KPVTLYDVAEYAGVSYQTVSRVVNQASHVSNKTREKVEAAMAELNYIPNRVAQQLAGKQ
A32P,KPVTLYDVAEYAGVSYQTVSRVVNQASHVSPKTREKVEAAMAELNYIPNRVAQQLAGKQ
A32Q,KPVTLYDVAEYAGVSYQTVSRVVNQASHVSQKTREKVEAAMAELNYIPNRVAQQLAGKQ
A32R,KPVTLYDVAEYAGVSYQTVSRVVNQASHVSRKTREKVEAAMAELNYIPNRVAQQLAGKQ
A32S,KPVTLYDVAEYAGVSYQTVSRVVNQASHVSSKTREKVEAAMAELNYIPNRVAQQLAGKQ
A32T,KPVTLYDVAEYAGVSYQTVSRVVNQASHVSTKTREKVEAAMAELNYIPNRVAQQLAGKQ
A32V,KPVTLYDVAEYAGVSYQTVSRVVNQASHVSVKTREKVEAAMAELNYIPNRVAQQLAGKQ
A32W,KPVTLYDVAEYAGVSYQTVSRVVNQASHVSWKTREKVEAAMAELNYIPNRVAQQLAGKQ
A32Y,KPVTLYDVAEYAGVSYQTVSRVVNQASHVSYKTREKVEAAMAELNYIPNRVAQQLAGKQ
K33A,KPVTLYDVAEYAGVSYQTVSRVVNQASHVSAATREKVEAAMAELNYIPNRVAQQLAGKQ
K33C,KPVTLYDVAEYAGVSYQTVSRVVNQASHVSACTREKVEAAMAELNYIPNRVAQQLAGKQ
K33D,KPVTLYDVAEYAGVSYQTVSRVVNQASHVSADTREKVEAAMAELNYIPNRVAQQLAGKQ
K33E,KPVTLYDVAEYAGVSYQTVSRVVNQASHVSAETREKVEAAMAELNYIPNRVAQQLAGKQ
K33F,KPVTLYDVAEYAGVSYQTVSRVVNQASHVSAFTREKVEAAMAELNYIPNRVAQQLAGKQ
K33G,KPVTLYDVAEYAGVSYQTVSRVVNQASHVSAGTREKVEAAMAELNYIPNRVAQQLAGKQ
K33H,KPVTLYDVAEYAGVSYQTVSRVVNQASHVSAHTREKVEAAMAELNYIPNRVAQQLAGKQ
K33I,KPVTLYDVAEYAGVSYQTVSRVVNQASHVSAITREKVEAAMAELNYIPNRVAQQLAGKQ
K33L,KPVTLYDVAEYAGVSYQTVSRVVNQASHVSALTREKVEAAMAELNYIPNRVAQQLAGKQ
K33M,KPVTLYDVAEYAGVSYQTVSRVVNQASHVSAMTREKVEAAMAELNYIPNRVAQQLAGKQ
K33N,KPVTLYDVAEYAGVSYQTVSRVVNQASHVSANTREKVEAAMAELNYIPNRVAQQLAGKQ
K33P,KPVTLYDVAEYAGVSYQTVSRVVNQASHVSAPTREKVEAAMAELNYIPNRVAQQLAGKQ
K33Q,KPVTLYDVAEYAGVSYQTVSRVVNQASHVSAQTREKVEAAMAELNYIPNRVAQQLAGKQ
K33R,KPVTLYDVAEYAGVSYQTVSRVVNQASHVSARTREKVEAAMAELNYIPNRVAQQLAGKQ
K33S,KPVTLYDVAEYAGVSYQTVSRVVNQASHVSASTREKVEAAMAELNYIPNRVAQQLAGKQ
K33T,KPVTLYDVAEYAGVSYQTVSRVVNQASHVSATTREKVEAAMAELNYIPNRVAQQLAGKQ
K33V,KPVTLYDVAEYAGVSYQTVSRVVNQASHVSAVTREKVEAAMAELNYIPNRVAQQLAGKQ
K33W,KPVTLYDVAEYAGVSYQTVSRVVNQASHVSAWTREKVEAAMAELNYIPNRVAQQLAGKQ
K33Y,KPVTLYDVAEYAGVSYQTVSRVVNQASHVSAYTREKVEAAMAELNYIPNRVAQQLAGKQ
T34A,KPVTLYDVAEYAGVSYQTVSRVVNQASHVSAKAREKVEAAMAELNYIPNRVAQQLAGKQ
T34C,KPVTLYDVAEYAGVSYQTVSRVVNQASHVSAKCREKVEAAMAELNYIPNRVAQQLAGKQ
T34D,KPVTLYDVAEYAGVSYQTVSRVVNQASHVSAKDREKVEAAMAELNYIPNRVAQQLAGKQ
T34E,KPVTLYDVAEYAGVSYQTVSRVVNQASHVSAKEREKVEAAMAELNYIPNRVAQQLAGKQ
T34F,KPVTLYDVAEYAGVSYQTVSRVVNQASHVSAKFREKVEAAMAELNYIPNRVAQQLAGKQ
T34G,KPVTLYDVAEYAGVSYQTVSRVVNQASHVSAKGREKVEAAMAELNYIPNRVAQQLAGKQ
T34H,KPVTLYDVAEYAGVSYQTVSRVVNQASHVSAKHREKVEAAMAELNYIPNRVAQQLAGKQ
T34I,KPVTLYDVAEYAGVSYQTVSRVVNQASHVSAKIREKVEAAMAELNYIPNRVAQQLAGKQ
T34K,KPVTLYDVAEYAGVSYQTVSRVVNQASHVSAKKREKVEAAMAELNYIPNRVAQQLAGKQ
T34L,KPVTLYDVAEYAGVSYQTVSRVVNQASHVSAKLREKVEAAMAELNYIPNRVAQQLAGKQ
T34M,KPVTLYDVAEYAGVSYQTVSRVVNQASHVSAKMREKVEAAMAELNYIPNRVAQQLAGKQ
T34N,KPVTLYDVAEYAGVSYQTVSRVVNQASHVSAKNREKVEAAMAELNYIPNRVAQQLAGKQ
T34P,KPVTLYDVAEYAGVSYQTVSRVVNQASHVSAKPREKVEAAMAELNYIPNRVAQQLAGKQ
T34Q,KPVTLYDVAEYAGVSYQTVSRVVNQASHVSAKQREKVEAAMAELNYIPNRVAQQLAGKQ
T34R,KPVTLYDVAEYAGVSYQTVSRVVNQASHVSAKRREKVEAAMAELNYIPNRVAQQLAGKQ
T34S,KPVTLYDVAEYAGVSYQTVSRVVNQASHVSAKSREKVEAAMAELNYIPNRVAQQLAGKQ
T34V,KPVTLYDVAEYAGVSYQTVSRVVNQASHVSAKVREKVEAAMAELNYIPNRVAQQLAGKQ
T34W,KPVTLYDVAEYAGVSYQTVSRVVNQASHVSAKWREKVEAAMAELNYIPNRVAQQLAGKQ
T34Y,KPVTLYDVAEYAGVSYQTVSRVVNQASHVSAKYREKVEAAMAELNYIPNRVAQQLAGKQ
R35A,KPVTLYDVAEYAGVSYQTVSRVVNQASHVSAKTAEKVEAAMAELNYIPNRVAQQLAGKQ
R35C,KPVTLYDVAEYAGVSYQTVSRVVNQASHVSAKTCEKVEAAMAELNYIPNRVAQQLAGKQ
R35D,KPVTLYDVAEYAGVSYQTVSRVVNQASHVSAKTDEKVEAAMAELNYIPNRVAQQLAGKQ
R35E,KPVTLYDVAEYAGVSYQTVSRVVNQASHVSAKTEEKVEAAMAELNYIPNRVAQQLAGKQ
R35F,KPVTLYDVAEYAGVSYQTVSRVVNQASHVSAKTFEKVEAAMAELNYIPNRVAQQLAGKQ
R35G,KPVTLYDVAEYAGVSYQTVSRVVNQASHVSAKTGEKVEAAMAELNYIPNRVAQQLAGKQ
R35H,KPVTLYDVAEYAGVSYQTVSRVVNQASHVSAKTHEKVEAAMAELNYIPNRVAQQLAGKQ
R35I,KPVTLYDVAEYAGVSYQTVSRVVNQASHVSAKTIEKVEAAMAELNYIPNRVAQQLAGKQ
R35K,KPVTLYDVAEYAGVSYQTVSRVVNQASHVSAKTKEKVEAAMAELNYIPNRVAQQLAGKQ
R35L,KPVTLYDVAEYAGVSYQTVSRVVNQASHVSAKTLEKVEAAMAELNYIPNRVAQQLAGKQ
R35M,KPVTLYDVAEYAGVSYQTVSRVVNQASHVSAKTMEKVEAAMAELNYIPNRVAQQLAGKQ
R35N,KPVTLYDVAEYAGVSYQTVSRVVNQASHVSAKTNEKVEAAMAELNYIPNRVAQQLAGKQ
R35P,KPVTLYDVAEYAGVSYQTVSRVVNQASHVSAKTPEKVEAAMAELNYIPNRVAQQLAGKQ
R35Q,KPVTLYDVAEYAGVSYQTVSRVVNQASHVSAKTQEKVEAAMAELNYIPNRVAQQLAGKQ
R35S,KPVTLYDVAEYAGVSYQTVSRVVNQASHVSAKTSEKVEAAMAELNYIPNRVAQQLAGKQ
R35T,KPVTLYDVAEYAGVSYQTVSRVVNQASHVSAKTTEKVEAAMAELNYIPNRVAQQLAGKQ
R35V,KPVTLYDVAEYAGVSYQTVSRVVNQASHVSAKTVEKVEAAMAELNYIPNRVAQQLAGKQ
R35W,KPVTLYDVAEYAGVSYQTVSRVVNQASHVSAKTWEKVEAAMAELNYIPNRVAQQLAGKQ
R35Y,KPVTLYDVAEYAGVSYQTVSRVVNQASHVSAKTYEKVEAAMAELNYIPNRVAQQLAGKQ
E36A,KPVTLYDVAEYAGVSYQTVSRVVNQASHVSAKTRAKVEAAMAELNYIPNRVAQQLAGKQ
E36C,KPVTLYDVAEYAGVSYQTVSRVVNQASHVSAKTRCKVEAAMAELNYIPNRVAQQLAGKQ
E36D,KPVTLYDVAEYAGVSYQTVSRVVNQASHVSAKTRDKVEAAMAELNYIPNRVAQQLAGKQ
E36F,KPVTLYDVAEYAGVSYQTVSRVVNQASHVSAKTRFKVEAAMAELNYIPNRVAQQLAGKQ
E36G,KPVTLYDVAEYAGVSYQTVSRVVNQASHVSAKTRGKVEAAMAELNYIPNRVAQQLAGKQ
E36H,KPVTLYDVAEYAGVSYQTVSRVVNQASHVSAKTRHKVEAAMAELNYIPNRVAQQLAGKQ
E36I,KPVTLYDVAEYAGVSYQTVSRVVNQASHVSAKTRIKVEAAMAELNYIPNRVAQQLAGKQ
E36K,KPVTLYDVAEYAGVSYQTVSRVVNQASHVSAKTRKKVEAAMAELNYIPNRVAQQLAGKQ
E36L,KPVTLYDVAEYAGVSYQTVSRVVNQASHVSAKTRLKVEAAMAELNYIPNRVAQQLAGKQ
E36M,KPVTLYDVAEYAGVSYQTVSRVVNQASHVSAKTRMKVEAAMAELNYIPNRVAQQLAGKQ
E36N,KPVTLYDVAEYAGVSYQTVSRVVNQASHVSAKTRNKVEAAMAELNYIPNRVAQQLAGKQ
E36P,KPVTLYDVAEYAGVSYQTVSRVVNQASHVSAKTRPKVEAAMAELNYIPNRVAQQLAGKQ
E36Q,KPVTLYDVAEYAGVSYQTVSRVVNQASHVSAKTRQKVEAAMAELNYIPNRVAQQLAGKQ
E36R,KPVTLYDVAEYAGVSYQTVSRVVNQASHVSAKTRRKVEAAMAELNYIPNRVAQQLAGKQ
E36S,KPVTLYDVAEYAGVSYQTVSRVVNQASHVSAKTRSKVEAAMAELNYIPNRVAQQLAGKQ
E36T,KPVTLYDVAEYAGVSYQTVSRVVNQASHVSAKTRTKVEAAMAELNYIPNRVAQQLAGKQ
E36V,KPVTLYDVAEYAGVSYQTVSRVVNQASHVSAKTRVKVEAAMAELNYIPNRVAQQLAGKQ
E36W,KPVTLYDVAEYAGVSYQTVSRVVNQASHVSAKTRWKVEAAMAELNYIPNRVAQQLAGKQ
E36Y,KPVTLYDVAEYAGVSYQTVSRVVNQASHVSAKTRYKVEAAMAELNYIPNRVAQQLAGKQ
K37A,KPVTLYDVAEYAGVSYQTVSRVVNQASHVSAKTREAVEAAMAELNYIPNRVAQQLAGKQ
K37C,KPVTLYDVAEYAGVSYQTVSRVVNQASHVSAKTRECVEAAMAELNYIPNRVAQQLAGKQ
K37D,KPVTLYDVAEYAGVSYQTVSRVVNQASHVSAKTREDVEAAMAELNYIPNRVAQQLAGKQ
K37E,KPVTLYDVAEYAGVSYQTVSRVVNQASHVSAKTREEVEAAMAELNYIPNRVAQQLAGKQ
K37F,KPVTLYDVAEYAGVSYQTVSRVVNQASHVSAKTREFVEAAMAELNYIPNRVAQQLAGKQ
K37G,KPVTLYDVAEYAGVSYQTVSRVVNQASHVSAKTREGVEAAMAELNYIPNRVAQQLAGKQ
K37H,KPVTLYDVAEYAGVSYQTVSRVVNQASHVSAKTREHVEAAMAELNYIPNRVAQQLAGKQ
K37I,KPVTLYDVAEYAGVSYQTVSRVVNQASHVSAKTREIVEAAMAELNYIPNRVAQQLAGKQ
K37L,KPVTLYDVAEYAGVSYQTVSRVVNQASHVSAKTRELVEAAMAELNYIPNRVAQQLAGKQ
K37M,KPVTLYDVAEYAGVSYQTVSRVVNQASHVSAKTREMVEAAMAELNYIPNRVAQQLAGKQ
K37N,KPVTLYDVAEYAGVSYQTVSRVVNQASHVSAKTRENVEAAMAELNYIPNRVAQQLAGKQ
K37P,KPVTLYDVAEYAGVSYQTVSRVVNQASHVSAKTREPVEAAMAELNYIPNRVAQQLAGKQ
K37Q,KPVTLYDVAEYAGVSYQTVSRVVNQASHVSAKTREQVEAAMAELNYIPNRVAQQLAGKQ
K37R,KPVTLYDVAEYAGVSYQTVSRVVNQASHVSAKTRERVEAAMAELNYIPNRVAQQLAGKQ
K37S,KPVTLYDVAEYAGVSYQTVSRVVNQASHVSAKTRESVEAAMAELNYIPNRVAQQLAGKQ
K37T,KPVTLYDVAEYAGVSYQTVSRVVNQASHVSAKTRETVEAAMAELNYIPNRVAQQLAGKQ
K37V,KPVTLYDVAEYAGVSYQTVSRVVNQASHVSAKTREVVEAAMAELNYIPNRVAQQLAGKQ
K37W,KPVTLYDVAEYAGVSYQTVSRVVNQASHVSAKTREWVEAAMAELNYIPNRVAQQLAGKQ
K37Y,KPVTLYDVAEYAGVSYQTVSRVVNQASHVSAKTREYVEAAMAELNYIPNRVAQQLAGKQ
V38A,KPVTLYDVAEYAGVSYQTVSRVVNQASHVSAKTREKAEAAMAELNYIPNRVAQQLAGKQ
V38C,KPVTLYDVAEYAGVSYQTVSRVVNQASHVSAKTREKCEAAMAELNYIPNRVAQQLAGKQ
V38D,KPVTLYDVAEYAGVSYQTVSRVVNQASHVSAKTREKDEAAMAELNYIPNRVAQQLAGKQ
V38E,KPVTLYDVAEYAGVSYQTVSRVVNQASHVSAKTREKEEAAMAELNYIPNRVAQQLAGKQ
V38F,KPVTLYDVAEYAGVSYQTVSRVVNQASHVSAKTREKFEAAMAELNYIPNRVAQQLAGKQ
V38G,KPVTLYDVAEYAGVSYQTVSRVVNQASHVSAKTREKGEAAMAELNYIPNRVAQQLAGKQ
V38H,KPVTLYDVAEYAGVSYQTVSRVVNQASHVSAKTREKHEAAMAELNYIPNRVAQQLAGKQ
V38I,KPVTLYDVAEYAGVSYQTVSRVVNQASHVSAKTREKIEAAMAELNYIPNRVAQQLAGKQ
V38K,KPVTLYDVAEYAGVSYQTVSRVVNQASHVSAKTREKKEAAMAELNYIPNRVAQQLAGKQ
V38L,KPVTLYDVAEYAGVSYQTVSRVVNQASHVSAKTREKLEAAMAELNYIPNRVAQQLAGKQ
V38M,KPVTLYDVAEYAGVSYQTVSRVVNQASHVSAKTREKMEAAMAELNYIPNRVAQQLAGKQ
V38N,KPVTLYDVAEYAGVSYQTVSRVVNQASHVSAKTREKNEAAMAELNYIPNRVAQQLAGKQ
V38P,KPVTLYDVAEYAGVSYQTVSRVVNQASHVSAKTREKPEAAMAELNYIPNRVAQQLAGKQ
V38Q,KPVTLYDVAEYAGVSYQTVSRVVNQASHVSAKTREKQEAAMAELNYIPNRVAQQLAGKQ
V38R,KPVTLYDVAEYAGVSYQTVSRVVNQASHVSAKTREKREAAMAELNYIPNRVAQQLAGKQ
V38S,KPVTLYDVAEYAGVSYQTVSRVVNQASHVSAKTREKSEAAMAELNYIPNRVAQQLAGKQ
V38T,KPVTLYDVAEYAGVSYQTVSRVVNQASHVSAKTREKTEAAMAELNYIPNRVAQQLAGKQ
V38W,KPVTLYDVAEYAGVSYQTVSRVVNQASHVSAKTREKWEAAMAELNYIPNRVAQQLAGKQ
V38Y,KPVTLYDVAEYAGVSYQTVSRVVNQASHVSAKTREKYEAAMAELNYIPNRVAQQLAGKQ
E39A,KPVTLYDVAEYAGVSYQTVSRVVNQASHVSAKTREKVAAAMAELNYIPNRVAQQLAGKQ
E39C,KPVTLYDVAEYAGVSYQTVSRVVNQASHVSAKTREKVCAAMAELNYIPNRVAQQLAGKQ
E39D,KPVTLYDVAEYAGVSYQTVSRVVNQASHVSAKTREKVDAAMAELNYIPNRVAQQLAGKQ
E39F,KPVTLYDVAEYAGVSYQTVSRVVNQASHVSAKTREKVFAAMAELNYIPNRVAQQLAGKQ
E39G,KPVTLYDVAEYAGVSYQTVSRVVNQASHVSAKTREKVGAAMAELNYIPNRVAQQLAGKQ
E39H,KPVTLYDVAEYAGVSYQTVSRVVNQASHVSAKTREKVHAAMAELNYIPNRVAQQLAGKQ
E39I,KPVTLYDVAEYAGVSYQTVSRVVNQASHVSAKTREKVIAAMAELNYIPNRVAQQLAGKQ
E39K,KPVTLYDVAEYAGVSYQTVSRVVNQASHVSAKTREKVKAAMAELNYIPNRVAQQLAGKQ
E39L,KPVTLYDVAEYAGVSYQTVSRVVNQASHVSAKTREKVLAAMAELNYIPNRVAQQLAGKQ
E39M,KPVTLYDVAEYAGVSYQTVSRVVNQASHVSAKTREKVMAAMAELNYIPNRVAQQLAGKQ
E39N,KPVTLYDVAEYAGVSYQTVSRVVNQASHVSAKTREKVNAAMAELNYIPNRVAQQLAGKQ
E39P,KPVTLYDVAEYAGVSYQTVSRVVNQASHVSAKTREKVPAAMAELNYIPNRVAQQLAGKQ
E39Q,KPVTLYDVAEYAGVSYQTVSRVVNQASHVSAKTREKVQAAMAELNYIPNRVAQQLAGKQ
E39R,KPVTLYDVAEYAGVSYQTVSRVVNQASHVSAKTREKVRAAMAELNYIPNRVAQQLAGKQ
E39S,KPVTLYDVAEYAGVSYQTVSRVVNQASHVSAKTREKVSAAMAELNYIPNRVAQQLAGKQ
E39T,KPVTLYDVAEYAGVSYQTVSRVVNQASHVSAKTREKVTAAMAELNYIPNRVAQQLAGKQ
E39V,KPVTLYDVAEYAGVSYQTVSRVVNQASHVSAKTREKVVAAMAELNYIPNRVAQQLAGKQ
E39W,KPVTLYDVAEYAGVSYQTVSRVVNQASHVSAKTREKVWAAMAELNYIPNRVAQQLAGKQ
E39Y,KPVTLYDVAEYAGVSYQTVSRVVNQASHVSAKTREKVYAAMAELNYIPNRVAQQLAGKQ
A40C,KPVTLYDVAEYAGVSYQTVSRVVNQASHVSAKTREKVECAMAELNYIPNRVAQQLAGKQ
A40D,KPVTLYDVAEYAGVSYQTVSRVVNQASHVSAKTREKVEDAMAELNYIPNRVAQQLAGKQ
A40E,KPVTLYDVAEYAGVSYQTVSRVVNQASHVSAKTREKVEEAMAELNYIPNRVAQQLAGKQ
A40F,KPVTLYDVAEYAGVSYQTVSRVVNQASHVSAKTREKVEFAMAELNYIPNRVAQQLAGKQ
A40G,KPVTLYDVAEYAGVSYQTVSRVVNQASHVSAKTREKVEGAMAELNYIPNRVAQQLAGKQ
A40H,KPVTLYDVAEYAGVSYQTVSRVVNQASHVSAKTREKVEHAMAELNYIPNRVAQQLAGKQ
A40I,KPVTLYDVAEYAGVSYQTVSRVVNQASHVSAKTREKVEIAMAELNYIPNRVAQQLAGKQ
A40K,KPVTLYDVAEYAGVSYQTVSRVVNQASHVSAKTREKVEKAMAELNYIPNRVAQQLAGKQ
A40L,KPVTLYDVAEYAGVSYQTVSRVVNQASHVSAKTREKVELAMAELNYIPNRVAQQLAGKQ
A40M,KPVTLYDVAEYAGVSYQTVSRVVNQASHVSAKTREKVEMAMAELNYIPNRVAQQLAGKQ
A40N,KPVTLYDVAEYAGVSYQTVSRVVNQASHVSAKTREKVENAMAELNYIPNRVAQQLAGKQ
A40P,KPVTLYDVAEYAGVSYQTVSRVVNQASHVSAKTREKVEPAMAELNYIPNRVAQQLAGKQ
A40Q,KPVTLYDVAEYAGVSYQTVSRVVNQASHVSAKTREKVEQAMAELNYIPNRVAQQLAGKQ
A40R,KPVTLYDVAEYAGVSYQTVSRVVNQASHVSAKTREKVERAMAELNYIPNRVAQQLAGKQ
A40S,KPVTLYDVAEYAGVSYQTVSRVVNQASHVSAKTREKVESAMAELNYIPNRVAQQLAGKQ
A40T,KPVTLYDVAEYAGVSYQTVSRVVNQASHVSAKTREKVETAMAELNYIPNRVAQQLAGKQ
A40V,KPVTLYDVAEYAGVSYQTVSRVVNQASHVSAKTREKVEVAMAELNYIPNRVAQQLAGKQ
A40W,KPVTLYDVAEYAGVSYQTVSRVVNQASHVSAKTREKVEWAMAELNYIPNRVAQQLAGKQ
A40Y,KPVTLYDVAEYAGVSYQTVSRVVNQASHVSAKTREKVEYAMAELNYIPNRVAQQLAGKQ
A41C,KPVTLYDVAEYAGVSYQTVSRVVNQASHVSAKTREKVEACMAELNYIPNRVAQQLAGKQ
A41D,KPVTLYDVAEYAGVSYQTVSRVVNQASHVSAKTREKVEADMAELNYIPNRVAQQLAGKQ
A41E,KPVTLYDVAEYAGVSYQTVSRVVNQASHVSAKTREKVEAEMAELNYIPNRVAQQLAGKQ
A41F,KPVTLYDVAEYAGVSYQTVSRVVNQASHVSAKTREKVEAFMAELNYIPNRVAQQLAGKQ
A41G,KPVTLYDVAEYAGVSYQTVSRVVNQASHVSAKTREKVEAGMAELNYIPNRVAQQLAGKQ
A41H,KPVTLYDVAEYAGVSYQTVSRVVNQASHVSAKTREKVEAHMAELNYIPNRVAQQLAGKQ
A41I,KPVTLYDVAEYAGVSYQTVSRVVNQASHVSAKTREKVEAIMAELNYIPNRVAQQLAGKQ
A41K,KPVTLYDVAEYAGVSYQTVSRVVNQASHVSAKTREKVEAKMAELNYIPNRVAQQLAGKQ
A41L,KPVTLYDVAEYAGVSYQTVSRVVNQASHVSAKTREKVEALMAELNYIPNRVAQQLAGKQ
A41M,KPVTLYDVAEYAGVSYQTVSRVVNQASHVSAKTREKVEAMMAELNYIPNRVAQQLAGKQ
A41N,KPVTLYDVAEYAGVSYQTVSRVVNQASHVSAKTREKVEANMAELNYIPNRVAQQLAGKQ
A41P,KPVTLYDVAEYAGVSYQTVSRVVNQASHVSAKTREKVEAPMAELNYIPNRVAQQLAGKQ
A41Q,KPVTLYDVAEYAGVSYQTVSRVVNQASHVSAKTREKVEAQMAELNYIPNRVAQQLAGKQ
A41R,KPVTLYDVAEYAGVSYQTVSRVVNQASHVSAKTREKVEARMAELNYIPNRVAQQLAGKQ
A41S,KPVTLYDVAEYAGVSYQTVSRVVNQASHVSAKTREKVEASMAELNYIPNRVAQQLAGKQ
A41T,KPVTLYDVAEYAGVSYQTVSRVVNQASHVSAKTREKVEATMAELNYIPNRVAQQLAGKQ
A41V,KPVTLYDVAEYAGVSYQTVSRVVNQASHVSAKTREKVEAVMAELNYIPNRVAQQLAGKQ
A41W,KPVTLYDVAEYAGVSYQTVSRVVNQASHVSAKTREKVEAWMAELNYIPNRVAQQLAGKQ
A41Y,KPVTLYDVAEYAGVSYQTVSRVVNQASHVSAKTREKVEAYMAELNYIPNRVAQQLAGKQ
M42A,KPVTLYDVAEYAGVSYQTVSRVVNQASHVSAKTREKVEAAAAELNYIPNRVAQQLAGKQ
M42C,KPVTLYDVAEYAGVSYQTVSRVVNQASHVSAKTREKVEAACAELNYIPNRVAQQLAGKQ
M42D,KPVTLYDVAEYAGVSYQTVSRVVNQASHVSAKTREKVEAADAELNYIPNRVAQQLAGKQ
M42E,KPVTLYDVAEYAGVSYQTVSRVVNQASHVSAKTREKVEAAEAELNYIPNRVAQQLAGKQ
M42F,KPVTLYDVAEYAGVSYQTVSRVVNQASHVSAKTREKVEAAFAELNYIPNRVAQQLAGKQ
M42G,KPVTLYDVAEYAGVSYQTVSRVVNQASHVSAKTREKVEAAGAELNYIPNRVAQQLAGKQ
M42H,KPVTLYDVAEYAGVSYQTVSRVVNQASHVSAKTREKVEAAHAELNYIPNRVAQQLAGKQ
M42I,KPVTLYDVAEYAGVSYQTVSRVVNQASHVSAKTREKVEAAIAELNYIPNRVAQQLAGKQ
M42K,KPVTLYDVAEYAGVSYQTVSRVVNQASHVSAKTREKVEAAKAELNYIPNRVAQQLAGKQ
M42L,KPVTLYDVAEYAGVSYQTVSRVVNQASHVSAKTREKVEAALAELNYIPNRVAQQLAGKQ
M42N,KPVTLYDVAEYAGVSYQTVSRVVNQASHVSAKTREKVEAANAELNYIPNRVAQQLAGKQ
M42P,KPVTLYDVAEYAGVSYQTVSRVVNQASHVSAKTREKVEAAPAELNYIPNRVAQQLAGKQ
M42Q,KPVTLYDVAEYAGVSYQTVSRVVNQASHVSAKTREKVEAAQAELNYIPNRVAQQLAGKQ
M42R,KPVTLYDVAEYAGVSYQTVSRVVNQASHVSAKTREKVEAARAELNYIPNRVAQQLAGKQ
M42S,KPVTLYDVAEYAGVSYQTVSRVVNQASHVSAKTREKVEAASAELNYIPNRVAQQLAGKQ
M42T,KPVTLYDVAEYAGVSYQTVSRVVNQASHVSAKTREKVEAATAELNYIPNRVAQQLAGKQ
M42V,KPVTLYDVAEYAGVSYQTVSRVVNQASHVSAKTREKVEAAVAELNYIPNRVAQQLAGKQ
M42W,KPVTLYDVAEYAGVSYQTVSRVVNQASHVSAKTREKVEAAWAELNYIPNRVAQQLAGKQ
M42Y,KPVTLYDVAEYAGVSYQTVSRVVNQASHVSAKTREKVEAAYAELNYIPNRVAQQLAGKQ
A43C,KPVTLYDVAEYAGVSYQTVSRVVNQASHVSAKTREKVEAAMCELNYIPNRVAQQLAGKQ
A43D,KPVTLYDVAEYAGVSYQTVSRVVNQASHVSAKTREKVEAAMDELNYIPNRVAQQLAGKQ
A43E,KPVTLYDVAEYAGVSYQTVSRVVNQASHVSAKTREKVEAAMEELNYIPNRVAQQLAGKQ
A43F,KPVTLYDVAEYAGVSYQTVSRVVNQASHVSAKTREKVEAAMFELNYIPNRVAQQLAGKQ
A43G,KPVTLYDVAEYAGVSYQTVSRVVNQASHVSAKTREKVEAAMGELNYIPNRVAQQLAGKQ
A43H,KPVTLYDVAEYAGVSYQTVSRVVNQASHVSAKTREKVEAAMHELNYIPNRVAQQLAGKQ
A43I,KPVTLYDVAEYAGVSYQTVSRVVNQASHVSAKTREKVEAAMIELNYIPNRVAQQLAGKQ
A43K,KPVTLYDVAEYAGVSYQTVSRVVNQASHVSAKTREKVEAAMKELNYIPNRVAQQLAGKQ
A43L,KPVTLYDVAEYAGVSYQTVSRVVNQASHVSAKTREKVEAAMLELNYIPNRVAQQLAGKQ
A43M,KPVTLYDVAEYAGVSYQTVSRVVNQASHVSAKTREKVEAAMMELNYIPNRVAQQLAGKQ
A43N,KPVTLYDVAEYAGVSYQTVSRVVNQASHVSAKTREKVEAAMNELNYIPNRVAQQLAGKQ
A43P,KPVTLYDVAEYAGVSYQTVSRVVNQASHVSAKTREKVEAAMPELNYIPNRVAQQLAGKQ
A43Q,KPVTLYDVAEYAGVSYQTVSRVVNQASHVSAKTREKVEAAMQELNYIPNRVAQQLAGKQ
A43R,KPVTLYDVAEYAGVSYQTVSRVVNQASHVSAKTREKVEAAMRELNYIPNRVAQQLAGKQ
A43S,KPVTLYDVAEYAGVSYQTVSRVVNQASHVSAKTREKVEAAMSELNYIPNRVAQQLAGKQ
A43T,KPVTLYDVAEYAGVSYQTVSRVVNQASHVSAKTREKVEAAMTELNYIPNRVAQQLAGKQ
A43V,KPVTLYDVAEYAGVSYQTVSRVVNQASHVSAKTREKVEAAMVELNYIPNRVAQQLAGKQ
A43W,KPVTLYDVAEYAGVSYQTVSRVVNQASHVSAKTREKVEAAMWELNYIPNRVAQQLAGKQ
A43Y,KPVTLYDVAEYAGVSYQTVSRVVNQASHVSAKTREKVEAAMYELNYIPNRVAQQLAGKQ
E44A,KPVTLYDVAEYAGVSYQTVSRVVNQASHVSAKTREKVEAAMAALNYIPNRVAQQLAGKQ
E44C,KPVTLYDVAEYAGVSYQTVSRVVNQASHVSAKTREKVEAAMACLNYIPNRVAQQLAGKQ
E44D,KPVTLYDVAEYAGVSYQTVSRVVNQASHVSAKTREKVEAAMADLNYIPNRVAQQLAGKQ
E44F,KPVTLYDVAEYAGVSYQTVSRVVNQASHVSAKTREKVEAAMAFLNYIPNRVAQQLAGKQ
E44G,KPVTLYDVAEYAGVSYQTVSRVVNQASHVSAKTREKVEAAMAGLNYIPNRVAQQLAGKQ
E44H,KPVTLYDVAEYAGVSYQTVSRVVNQASHVSAKTREKVEAAMAHLNYIPNRVAQQLAGKQ
E44I,KPVTLYDVAEYAGVSYQTVSRVVNQASHVSAKTREKVEAAMAILNYIPNRVAQQLAGKQ
E44K,KPVTLYDVAEYAGVSYQTVSRVVNQASHVSAKTREKVEAAMAKLNYIPNRVAQQLAGKQ
E44L,KPVTLYDVAEYAGVSYQTVSRVVNQASHVSAKTREKVEAAMALLNYIPNRVAQQLAGKQ
E44M,KPVTLYDVAEYAGVSYQTVSRVVNQASHVSAKTREKVEAAMAMLNYIPNRVAQQLAGKQ
E44N,KPVTLYDVAEYAGVSYQTVSRVVNQASHVSAKTREKVEAAMANLNYIPNRVAQQLAGKQ
E44P,KPVTLYDVAEYAGVSYQTVSRVVNQASHVSAKTREKVEAAMAPLNYIPNRVAQQLAGKQ
E44Q,KPVTLYDVAEYAGVSYQTVSRVVNQASHVSAKTREKVEAAMAQLNYIPNRVAQQLAGKQ
E44R,KPVTLYDVAEYAGVSYQTVSRVVNQASHVSAKTREKVEAAMARLNYIPNRVAQQLAGKQ
E44S,KPVTLYDVAEYAGVSYQTVSRVVNQASHVSAKTREKVEAAMASLNYIPNRVAQQLAGKQ
E44T,KPVTLYDVAEYAGVSYQTVSRVVNQASHVSAKTREKVEAAMATLNYIPNRVAQQLAGKQ
E44V,KPVTLYDVAEYAGVSYQTVSRVVNQASHVSAKTREKVEAAMAVLNYIPNRVAQQLAGKQ
E44W,KPVTLYDVAEYAGVSYQTVSRVVNQASHVSAKTREKVEAAMAWLNYIPNRVAQQLAGKQ
E44Y,KPVTLYDVAEYAGVSYQTVSRVVNQASHVSAKTREKVEAAMAYLNYIPNRVAQQLAGKQ
L45A,KPVTLYDVAEYAGVSYQTVSRVVNQASHVSAKTREKVEAAMAEANYIPNRVAQQLAGKQ
L45C,KPVTLYDVAEYAGVSYQTVSRVVNQASHVSAKTREKVEAAMAECNYIPNRVAQQLAGKQ
L45D,KPVTLYDVAEYAGVSYQTVSRVVNQASHVSAKTREKVEAAMAEDNYIPNRVAQQLAGKQ
L45E,KPVTLYDVAEYAGVSYQTVSRVVNQASHVSAKTREKVEAAMAEENYIPNRVAQQLAGKQ
L45F,KPVTLYDVAEYAGVSYQTVSRVVNQASHVSAKTREKVEAAMAEFNYIPNRVAQQLAGKQ
L45G,KPVTLYDVAEYAGVSYQTVSRVVNQASHVSAKTREKVEAAMAEGNYIPNRVAQQLAGKQ
L45H,KPVTLYDVAEYAGVSYQTVSRVVNQASHVSAKTREKVEAAMAEHNYIPNRVAQQLAGKQ
L45I,KPVTLYDVAEYAGVSYQTVSRVVNQASHVSAKTREKVEAAMAEINYIPNRVAQQLAGKQ
L45K,KPVTLYDVAEYAGVSYQTVSRVVNQASHVSAKTREKVEAAMAEKNYIPNRVAQQLAGKQ
L45M,KPVTLYDVAEYAGVSYQTVSRVVNQASHVSAKTREKVEAAMAEMNYIPNRVAQQLAGKQ
L45N,KPVTLYDVAEYAGVSYQTVSRVVNQASHVSAKTREKVEAAMAENNYIPNRVAQQLAGKQ
L45P,KPVTLYDVAEYAGVSYQTVSRVVNQASHVSAKTREKVEAAMAEPNYIPNRVAQQLAGKQ
L45Q,KPVTLYDVAEYAGVSYQTVSRVVNQASHVSAKTREKVEAAMAEQNYIPNRVAQQLAGKQ
L45R,KPVTLYDVAEYAGVSYQTVSRVVNQASHVSAKTREKVEAAMAERNYIPNRVAQQLAGKQ
L45S,KPVTLYDVAEYAGVSYQTVSRVVNQASHVSAKTREKVEAAMAESNYIPNRVAQQLAGKQ
L45T,KPVTLYDVAEYAGVSYQTVSRVVNQASHVSAKTREKVEAAMAETNYIPNRVAQQLAGKQ
L45V,KPVTLYDVAEYAGVSYQTVSRVVNQASHVSAKTREKVEAAMAEVNYIPNRVAQQLAGKQ
L45W,KPVTLYDVAEYAGVSYQTVSRVVNQASHVSAKTREKVEAAMAEWNYIPNRVAQQLAGKQ
L45Y,KPVTLYDVAEYAGVSYQTVSRVVNQASHVSAKTREKVEAAMAEYNYIPNRVAQQLAGKQ
N46A,KPVTLYDVAEYAGVSYQTVSRVVNQASHVSAKTREKVEAAMAELAYIPNRVAQQLAGKQ
N46C,KPVTLYDVAEYAGVSYQTVSRVVNQASHVSAKTREKVEAAMAELCYIPNRVAQQLAGKQ
N46D,KPVTLYDVAEYAGVSYQTVSRVVNQASHVSAKTREKVEAAMAELDYIPNRVAQQLAGKQ
N46E,KPVTLYDVAEYAGVSYQTVSRVVNQASHVSAKTREKVEAAMAELEYIPNRVAQQLAGKQ
N46F,KPVTLYDVAEYAGVSYQTVSRVVNQASHVSAKTREKVEAAMAELFYIPNRVAQQLAGKQ
N46G,KPVTLYDVAEYAGVSYQTVSRVVNQASHVSAKTREKVEAAMAELGYIPNRVAQQLAGKQ
N46H,KPVTLYDVAEYAGVSYQTVSRVVNQASHVSAKTREKVEAAMAELHYIPNRVAQQLAGKQ
N46I,KPVTLYDVAEYAGVSYQTVSRVVNQASHVSAKTREKVEAAMAELIYIPNRVAQQLAGKQ
N46K,KPVTLYDVAEYAGVSYQTVSRVVNQASHVSAKTREKVEAAMAELKYIPNRVAQQLAGKQ
N46L,KPVTLYDVAEYAGVSYQTVSRVVNQASHVSAKTREKVEAAMAELLYIPNRVAQQLAGKQ
N46M,KPVTLYDVAEYAGVSYQTVSRVVNQASHVSAKTREKVEAAMAELMYIPNRVAQQLAGKQ
N46P,KPVTLYDVAEYAGVSYQTVSRVVNQASHVSAKTREKVEAAMAELPYIPNRVAQQLAGKQ
N46Q,KPVTLYDVAEYAGVSYQTVSRVVNQASHVSAKTREKVEAAMAELQYIPNRVAQQLAGKQ
N46R,KPVTLYDVAEYAGVSYQTVSRVVNQASHVSAKTREKVEAAMAELRYIPNRVAQQLAGKQ
N46S,KPVTLYDVAEYAGVSYQTVSRVVNQASHVSAKTREKVEAAMAELSYIPNRVAQQLAGKQ
N46T,KPVTLYDVAEYAGVSYQTVSRVVNQASHVSAKTREKVEAAMAELTYIPNRVAQQLAGKQ
N46V,KPVTLYDVAEYAGVSYQTVSRVVNQASHVSAKTREKVEAAMAELVYIPNRVAQQLAGKQ
N46W,KPVTLYDVAEYAGVSYQTVSRVVNQASHVSAKTREKVEAAMAELWYIPNRVAQQLAGKQ
N46Y,KPVTLYDVAEYAGVSYQTVSRVVNQASHVSAKTREKVEAAMAELYYIPNRVAQQLAGKQ
Y47A,KPVTLYDVAEYAGVSYQTVSRVVNQASHVSAKTREKVEAAMAELNAIPNRVAQQLAGKQ
Y47C,KPVTLYDVAEYAGVSYQTVSRVVNQASHVSAKTREKVEAAMAELNCIPNRVAQQLAGKQ
Y47D,KPVTLYDVAEYAGVSYQTVSRVVNQASHVSAKTREKVEAAMAELNDIPNRVAQQLAGKQ
Y47E,KPVTLYDVAEYAGVSYQTVSRVVNQASHVSAKTREKVEAAMAELNEIPNRVAQQLAGKQ
Y47F,KPVTLYDVAEYAGVSYQTVSRVVNQASHVSAKTREKVEAAMAELNFIPNRVAQQLAGKQ
Y47G,KPVTLYDVAEYAGVSYQTVSRVVNQASHVSAKTREKVEAAMAELNGIPNRVAQQLAGKQ
Y47H,KPVTLYDVAEYAGVSYQTVSRVVNQASHVSAKTREKVEAAMAELNHIPNRVAQQLAGKQ
Y47I,KPVTLYDVAEYAGVSYQTVSRVVNQASHVSAKTREKVEAAMAELNIIPNRVAQQLAGKQ
Y47K,KPVTLYDVAEYAGVSYQTVSRVVNQASHVSAKTREKVEAAMAELNKIPNRVAQQLAGKQ
Y47L,KPVTLYDVAEYAGVSYQTVSRVVNQASHVSAKTREKVEAAMAELNLIPNRVAQQLAGKQ
Y47M,KPVTLYDVAEYAGVSYQTVSRVVNQASHVSAKTREKVEAAMAELNMIPNRVAQQLAGKQ
Y47N,KPVTLYDVAEYAGVSYQTVSRVVNQASHVSAKTREKVEAAMAELNNIPNRVAQQLAGKQ
Y47P,KPVTLYDVAEYAGVSYQTVSRVVNQASHVSAKTREKVEAAMAELNPIPNRVAQQLAGKQ
Y47Q,KPVTLYDVAEYAGVSYQTVSRVVNQASHVSAKTREKVEAAMAELNQIPNRVAQQLAGKQ
Y47R,KPVTLYDVAEYAGVSYQTVSRVVNQASHVSAKTREKVEAAMAELNRIPNRVAQQLAGKQ
Y47S,KPVTLYDVAEYAGVSYQTVSRVVNQASHVSAKTREKVEAAMAELNSIPNRVAQQLAGKQ
Y47T,KPVTLYDVAEYAGVSYQTVSRVVNQASHVSAKTREKVEAAMAELNTIPNRVAQQLAGKQ
Y47V,KPVTLYDVAEYAGVSYQTVSRVVNQASHVSAKTREKVEAAMAELNVIPNRVAQQLAGKQ
Y47W,KPVTLYDVAEYAGVSYQTVSRVVNQASHVSAKTREKVEAAMAELNWIPNRVAQQLAGKQ
I48A,KPVTLYDVAEYAGVSYQTVSRVVNQASHVSAKTREKVEAAMAELNYAPNRVAQQLAGKQ
I48C,KPVTLYDVAEYAGVSYQTVSRVVNQASHVSAKTREKVEAAMAELNYCPNRVAQQLAGKQ
I48D,KPVTLYDVAEYAGVSYQTVSRVVNQASHVSAKTREKVEAAMAELNYDPNRVAQQLAGKQ
I48E,KPVTLYDVAEYAGVSYQTVSRVVNQASHVSAKTREKVEAAMAELNYEPNRVAQQLAGKQ
I48F,KPVTLYDVAEYAGVSYQTVSRVVNQASHVSAKTREKVEAAMAELNYFPNRVAQQLAGKQ
I48G,KPVTLYDVAEYAGVSYQTVSRVVNQASHVSAKTREKVEAAMAELNYGPNRVAQQLAGKQ
I48H,KPVTLYDVAEYAGVSYQTVSRVVNQASHVSAKTREKVEAAMAELNYHPNRVAQQLAGKQ
I48K,KPVTLYDVAEYAGVSYQTVSRVVNQASHVSAKTREKVEAAMAELNYKPNRVAQQLAGKQ
I48L,KPVTLYDVAEYAGVSYQTVSRVVNQASHVSAKTREKVEAAMAELNYLPNRVAQQLAGKQ
I48M,KPVTLYDVAEYAGVSYQTVSRVVNQASHVSAKTREKVEAAMAELNYMPNRVAQQLAGKQ
I48N,KPVTLYDVAEYAGVSYQTVSRVVNQASHVSAKTREKVEAAMAELNYNPNRVAQQLAGKQ
I48P,KPVTLYDVAEYAGVSYQTVSRVVNQASHVSAKTREKVEAAMAELNYPPNRVAQQLAGKQ
I48Q,KPVTLYDVAEYAGVSYQTVSRVVNQASHVSAKTREKVEAAMAELNYQPNRVAQQLAGKQ
I48R,KPVTLYDVAEYAGVSYQTVSRVVNQASHVSAKTREKVEAAMAELNYRPNRVAQQLAGKQ
I48S,KPVTLYDVAEYAGVSYQTVSRVVNQASHVSAKTREKVEAAMAELNYSPNRVAQQLAGKQ
I48T,KPVTLYDVAEYAGVSYQTVSRVVNQASHVSAKTREKVEAAMAELNYTPNRVAQQLAGKQ
I48V,KPVTLYDVAEYAGVSYQTVSRVVNQASHVSAKTREKVEAAMAELNYVPNRVAQQLAGKQ
I48W,KPVTLYDVAEYAGVSYQTVSRVVNQASHVSAKTREKVEAAMAELNYWPNRVAQQLAGKQ
I48Y,KPVTLYDVAEYAGVSYQTVSRVVNQASHVSAKTREKVEAAMAELNYYPNRVAQQLAGKQ
P49A,KPVTLYDVAEYAGVSYQTVSRVVNQASHVSAKTREKVEAAMAELNYIANRVAQQLAGKQ
P49C,KPVTLYDVAEYAGVSYQTVSRVVNQASHVSAKTREKVEAAMAELNYICNRVAQQLAGKQ
P49D,KPVTLYDVAEYAGVSYQTVSRVVNQASHVSAKTREKVEAAMAELNYIDNRVAQQLAGKQ
P49E,KPVTLYDVAEYAGVSYQTVSRVVNQASHVSAKTREKVEAAMAELNYIENRVAQQLAGKQ
P49F,KPVTLYDVAEYAGVSYQTVSRVVNQASHVSAKTREKVEAAMAELNYIFNRVAQQLAGKQ
P49G,KPVTLYDVAEYAGVSYQTVSRVVNQASHVSAKTREKVEAAMAELNYIGNRVAQQLAGKQ
P49H,KPVTLYDVAEYAGVSYQTVSRVVNQASHVSAKTREKVEAAMAELNYIHNRVAQQLAGKQ
P49I,KPVTLYDVAEYAGVSYQTVSRVVNQASHVSAKTREKVEAAMAELNYIINRVAQQLAGKQ
P49K,KPVTLYDVAEYAGVSYQTVSRVVNQASHVSAKTREKVEAAMAELNYIKNRVAQQLAGKQ
P49L,KPVTLYDVAEYAGVSYQTVSRVVNQASHVSAKTREKVEAAMAELNYILNRVAQQLAGKQ
P49M,KPVTLYDVAEYAGVSYQTVSRVVNQASHVSAKTREKVEAAMAELNYIMNRVAQQLAGKQ
P49N,KPVTLYDVAEYAGVSYQTVSRVVNQASHVSAKTREKVEAAMAELNYINNRVAQQLAGKQ
P49Q,KPVTLYDVAEYAGVSYQTVSRVVNQASHVSAKTREKVEAAMAELNYIQNRVAQQLAGKQ
P49R,KPVTLYDVAEYAGVSYQTVSRVVNQASHVSAKTREKVEAAMAELNYIRNRVAQQLAGKQ
P49S,KPVTLYDVAEYAGVSYQTVSRVVNQASHVSAKTREKVEAAMAELNYISNRVAQQLAGKQ
P49T,KPVTLYDVAEYAGVSYQTVSRVVNQASHVSAKTREKVEAAMAELNYITNRVAQQLAGKQ
P49V,KPVTLYDVAEYAGVSYQTVSRVVNQASHVSAKTREKVEAAMAELNYIVNRVAQQLAGKQ
P49W,KPVTLYDVAEYAGVSYQTVSRVVNQASHVSAKTREKVEAAMAELNYIWNRVAQQLAGKQ
P49Y,KPVTLYDVAEYAGVSYQTVSRVVNQASHVSAKTREKVEAAMAELNYIYNRVAQQLAGKQ
N50A,KPVTLYDVAEYAGVSYQTVSRVVNQASHVSAKTREKVEAAMAELNYIPARVAQQLAGKQ
N50C,KPVTLYDVAEYAGVSYQTVSRVVNQASHVSAKTREKVEAAMAELNYIPCRVAQQLAGKQ
N50D,KPVTLYDVAEYAGVSYQTVSRVVNQASHVSAKTREKVEAAMAELNYIPDRVAQQLAGKQ
N50E,KPVTLYDVAEYAGVSYQTVSRVVNQASHVSAKTREKVEAAMAELNYIPERVAQQLAGKQ
N50F,KPVTLYDVAEYAGVSYQTVSRVVNQASHVSAKTREKVEAAMAELNYIPFRVAQQLAGKQ
N50G,KPVTLYDVAEYAGVSYQTVSRVVNQASHVSAKTREKVEAAMAELNYIPGRVAQQLAGKQ
N50H,KPVTLYDVAEYAGVSYQTVSRVVNQASHVSAKTREKVEAAMAELNYIPHRVAQQLAGKQ
N50I,KPVTLYDVAEYAGVSYQTVSRVVNQASHVSAKTREKVEAAMAELNYIPIRVAQQLAGKQ
N50K,KPVTLYDVAEYAGVSYQTVSRVVNQASHVSAKTREKVEAAMAELNYIPKRVAQQLAGKQ
N50L,KPVTLYDVAEYAGVSYQTVSRVVNQASHVSAKTREKVEAAMAELNYIPLRVAQQLAGKQ
N50M,KPVTLYDVAEYAGVSYQTVSRVVNQASHVSAKTREKVEAAMAELNYIPMRVAQQLAGKQ
N50P,KPVTLYDVAEYAGVSYQTVSRVVNQASHVSAKTREKVEAAMAELNYIPPRVAQQLAGKQ
N50Q,KPVTLYDVAEYAGVSYQTVSRVVNQASHVSAKTREKVEAAMAELNYIPQRVAQQLAGKQ
N50R,KPVTLYDVAEYAGVSYQTVSRVVNQASHVSAKTREKVEAAMAELNYIPRRVAQQLAGKQ
N50S,KPVTLYDVAEYAGVSYQTVSRVVNQASHVSAKTREKVEAAMAELNYIPSRVAQQLAGKQ
N50T,KPVTLYDVAEYAGVSYQTVSRVVNQASHVSAKTREKVEAAMAELNYIPTRVAQQLAGKQ
N50V,KPVTLYDVAEYAGVSYQTVSRVVNQASHVSAKTREKVEAAMAELNYIPVRVAQQLAGKQ
N50W,KPVTLYDVAEYAGVSYQTVSRVVNQASHVSAKTREKVEAAMAELNYIPWRVAQQLAGKQ
N50Y,KPVTLYDVAEYAGVSYQTVSRVVNQASHVSAKTREKVEAAMAELNYIPYRVAQQLAGKQ
R51A,KPVTLYDVAEYAGVSYQTVSRVVNQASHVSAKTREKVEAAMAELNYIPNAVAQQLAGKQ
R51C,KPVTLYDVAEYAGVSYQTVSRVVNQASHVSAKTREKVEAAMAELNYIPNCVAQQLAGKQ
R51D,KPVTLYDVAEYAGVSYQTVSRVVNQASHVSAKTREKVEAAMAELNYIPNDVAQQLAGKQ
R51E,KPVTLYDVAEYAGVSYQTVSRVVNQASHVSAKTREKVEAAMAELNYIPNEVAQQLAGKQ
R51F,KPVTLYDVAEYAGVSYQTVSRVVNQASHVSAKTREKVEAAMAELNYIPNFVAQQLAGKQ
R51G,KPVTLYDVAEYAGVSYQTVSRVVNQASHVSAKTREKVEAAMAELNYIPNGVAQQLAGKQ
R51H,KPVTLYDVAEYAGVSYQTVSRVVNQASHVSAKTREKVEAAMAELNYIPNHVAQQLAGKQ
R51I,KPVTLYDVAEYAGVSYQTVSRVVNQASHVSAKTREKVEAAMAELNYIPNIVAQQLAGKQ
R51K,KPVTLYDVAEYAGVSYQTVSRVVNQASHVSAKTREKVEAAMAELNYIPNKVAQQLAGKQ
R51L,KPVTLYDVAEYAGVSYQTVSRVVNQASHVSAKTREKVEAAMAELNYIPNLVAQQLAGKQ
R51M,KPVTLYDVAEYAGVSYQTVSRVVNQASHVSAKTREKVEAAMAELNYIPNMVAQQLAGKQ
R51N,KPVTLYDVAEYAGVSYQTVSRVVNQASHVSAKTREKVEAAMAELNYIPNNVAQQLAGKQ
R51P,KPVTLYDVAEYAGVSYQTVSRVVNQASHVSAKTREKVEAAMAELNYIPNPVAQQLAGKQ
R51Q,KPVTLYDVAEYAGVSYQTVSRVVNQASHVSAKTREKVEAAMAELNYIPNQVAQQLAGKQ
R51S,KPVTLYDVAEYAGVSYQTVSRVVNQASHVSAKTREKVEAAMAELNYIPNSVAQQLAGKQ
R51T,KPVTLYDVAEYAGVSYQTVSRVVNQASHVSAKTREKVEAAMAELNYIPNTVAQQLAGKQ
R51V,KPVTLYDVAEYAGVSYQTVSRVVNQASHVSAKTREKVEAAMAELNYIPNVVAQQLAGKQ
R51W,KPVTLYDVAEYAGVSYQTVSRVVNQASHVSAKTREKVEAAMAELNYIPNWVAQQLAGKQ
R51Y,KPVTLYDVAEYAGVSYQTVSRVVNQASHVSAKTREKVEAAMAELNYIPNYVAQQLAGKQ
V52A,KPVTLYDVAEYAGVSYQTVSRVVNQASHVSAKTREKVEAAMAELNYIPNRAAQQLAGKQ
V52C,KPVTLYDVAEYAGVSYQTVSRVVNQASHVSAKTREKVEAAMAELNYIPNRCAQQLAGKQ
V52D,KPVTLYDVAEYAGVSYQTVSRVVNQASHVSAKTREKVEAAMAELNYIPNRDAQQLAGKQ
V52E,KPVTLYDVAEYAGVSYQTVSRVVNQASHVSAKTREKVEAAMAELNYIPNREAQQLAGKQ
V52F,KPVTLYDVAEYAGVSYQTVSRVVNQASHVSAKTREKVEAAMAELNYIPNRFAQQLAGKQ
V52G,KPVTLYDVAEYAGVSYQTVSRVVNQASHVSAKTREKVEAAMAELNYIPNRGAQQLAGKQ
V52H,KPVTLYDVAEYAGVSYQTVSRVVNQASHVSAKTREKVEAAMAELNYIPNRHAQQLAGKQ
V52I,KPVTLYDVAEYAGVSYQTVSRVVNQASHVSAKTREKVEAAMAELNYIPNRIAQQLAGKQ
V52K,KPVTLYDVAEYAGVSYQTVSRVVNQASHVSAKTREKVEAAMAELNYIPNRKAQQLAGKQ
V52L,KPVTLYDVAEYAGVSYQTVSRVVNQASHVSAKTREKVEAAMAELNYIPNRLAQQLAGKQ
V52M,KPVTLYDVAEYAGVSYQTVSRVVNQASHVSAKTREKVEAAMAELNYIPNRMAQQLAGKQ
V52N,KPVTLYDVAEYAGVSYQTVSRVVNQASHVSAKTREKVEAAMAELNYIPNRNAQQLAGKQ
V52P,KPVTLYDVAEYAGVSYQTVSRVVNQASHVSAKTREKVEAAMAELNYIPNRPAQQLAGKQ
V52Q,KPVTLYDVAEYAGVSYQTVSRVVNQASHVSAKTREKVEAAMAELNYIPNRQAQQLAGKQ
V52R,KPVTLYDVAEYAGVSYQTVSRVVNQASHVSAKTREKVEAAMAELNYIPNRRAQQLAGKQ
V52S,KPVTLYDVAEYAGVSYQTVSRVVNQASHVSAKTREKVEAAMAELNYIPNRSAQQLAGKQ
V52T,KPVTLYDVAEYAGVSYQTVSRVVNQASHVSAKTREKVEAAMAELNYIPNRTAQQLAGKQ
V52W,KPVTLYDVAEYAGVSYQTVSRVVNQASHVSAKTREKVEAAMAELNYIPNRWAQQLAGKQ
V52Y,KPVTLYDVAEYAGVSYQTVSRVVNQASHVSAKTREKVEAAMAELNYIPNRYAQQLAGKQ
A53C,KPVTLYDVAEYAGVSYQTVSRVVNQASHVSAKTREKVEAAMAELNYIPNRVCQQLAGKQ
A53D,KPVTLYDVAEYAGVSYQTVSRVVNQASHVSAKTREKVEAAMAELNYIPNRVDQQLAGKQ
A53E,KPVTLYDVAEYAGVSYQTVSRVVNQASHVSAKTREKVEAAMAELNYIPNRVEQQLAGKQ
A53F,KPVTLYDVAEYAGVSYQTVSRVVNQASHVSAKTREKVEAAMAELNYIPNRVFQQLAGKQ
A53G,KPVTLYDVAEYAGVSYQTVSRVVNQASHVSAKTREKVEAAMAELNYIPNRVGQQLAGKQ
A53H,KPVTLYDVAEYAGVSYQTVSRVVNQASHVSAKTREKVEAAMAELNYIPNRVHQQLAGKQ
A53I,KPVTLYDVAEYAGVSYQTVSRVVNQASHVSAKTREKVEAAMAELNYIPNRVIQQLAGKQ
A53K,KPVTLYDVAEYAGVSYQTVSRVVNQASHVSAKTREKVEAAMAELNYIPNRVKQQLAGKQ
A53L,KPVTLYDVAEYAGVSYQTVSRVVNQASHVSAKTREKVEAAMAELNYIPNRVLQQLAGKQ
A53M,KPVTLYDVAEYAGVSYQTVSRVVNQASHVSAKTREKVEAAMAELNYIPNRVMQQLAGKQ
A53N,KPVTLYDVAEYAGVSYQTVSRVVNQASHVSAKTREKVEAAMAELNYIPNRVNQQLAGKQ
A53P,KPVTLYDVAEYAGVSYQTVSRVVNQASHVSAKTREKVEAAMAELNYIPNRVPQQLAGKQ
A53Q,KPVTLYDVAEYAGVSYQTVSRVVNQASHVSAKTREKVEAAMAELNYIPNRVQQQLAGKQ
A53R,KPVTLYDVAEYAGVSYQTVSRVVNQASHVSAKTREKVEAAMAELNYIPNRVRQQLAGKQ
A53S,KPVTLYDVAEYAGVSYQTVSRVVNQASHVSAKTREKVEAAMAELNYIPNRVSQQLAGKQ
A53T,KPVTLYDVAEYAGVSYQTVSRVVNQASHVSAKTREKVEAAMAELNYIPNRVTQQLAGKQ
A53V,KPVTLYDVAEYAGVSYQTVSRVVNQASHVSAKTREKVEAAMAELNYIPNRVVQQLAGKQ
A53W,KPVTLYDVAEYAGVSYQTVSRVVNQASHVSAKTREKVEAAMAELNYIPNRVWQQLAGKQ
A53Y,KPVTLYDVAEYAGVSYQTVSRVVNQASHVSAKTREKVEAAMAELNYIPNRVYQQLAGKQ
Q54A,KPVTLYDVAEYAGVSYQTVSRVVNQASHVSAKTREKVEAAMAELNYIPNRVAAQLAGKQ
Q54C,KPVTLYDVAEYAGVSYQTVSRVVNQASHVSAKTREKVEAAMAELNYIPNRVACQLAGKQ
Q54D,KPVTLYDVAEYAGVSYQTVSRVVNQASHVSAKTREKVEAAMAELNYIPNRVADQLAGKQ
Q54E,KPVTLYDVAEYAGVSYQTVSRVVNQASHVSAKTREKVEAAMAELNYIPNRVAEQLAGKQ
Q54F,KPVTLYDVAEYAGVSYQTVSRVVNQASHVSAKTREKVEAAMAELNYIPNRVAFQLAGKQ
Q54G,KPVTLYDVAEYAGVSYQTVSRVVNQASHVSAKTREKVEAAMAELNYIPNRVAGQLAGKQ
Q54H,KPVTLYDVAEYAGVSYQTVSRVVNQASHVSAKTREKVEAAMAELNYIPNRVAHQLAGKQ
Q54I,KPVTLYDVAEYAGVSYQTVSRVVNQASHVSAKTREKVEAAMAELNYIPNRVAIQLAGKQ
Q54K,KPVTLYDVAEYAGVSYQTVSRVVNQASHVSAKTREKVEAAMAELNYIPNRVAKQLAGKQ
Q54L,KPVTLYDVAEYAGVSYQTVSRVVNQASHVSAKTREKVEAAMAELNYIPNRVALQLAGKQ
Q54M,KPVTLYDVAEYAGVSYQTVSRVVNQASHVSAKTREKVEAAMAELNYIPNRVAMQLAGKQ
Q54N,KPVTLYDVAEYAGVSYQTVSRVVNQASHVSAKTREKVEAAMAELNYIPNRVANQLAGKQ
Q54P,KPVTLYDVAEYAGVSYQTVSRVVNQASHVSAKTREKVEAAMAELNYIPNRVAPQLAGKQ
Q54R,KPVTLYDVAEYAGVSYQTVSRVVNQASHVSAKTREKVEAAMAELNYIPNRVARQLAGKQ
Q54S,KPVTLYDVAEYAGVSYQTVSRVVNQASHVSAKTREKVEAAMAELNYIPNRVASQLAGKQ
Q54T,KPVTLYDVAEYAGVSYQTVSRVVNQASHVSAKTREKVEAAMAELNYIPNRVATQLAGKQ
Q54V,KPVTLYDVAEYAGVSYQTVSRVVNQASHVSAKTREKVEAAMAELNYIPNRVAVQLAGKQ
Q54W,KPVTLYDVAEYAGVSYQTVSRVVNQASHVSAKTREKVEAAMAELNYIPNRVAWQLAGKQ
Q54Y,KPVTLYDVAEYAGVSYQTVSRVVNQASHVSAKTREKVEAAMAELNYIPNRVAYQLAGKQ
Q55A,KPVTLYDVAEYAGVSYQTVSRVVNQASHVSAKTREKVEAAMAELNYIPNRVAQALAGKQ
Q55C,KPVTLYDVAEYAGVSYQTVSRVVNQASHVSAKTREKVEAAMAELNYIPNRVAQCLAGKQ
Q55D,KPVTLYDVAEYAGVSYQTVSRVVNQASHVSAKTREKVEAAMAELNYIPNRVAQDLAGKQ
Q55E,KPVTLYDVAEYAGVSYQTVSRVVNQASHVSAKTREKVEAAMAELNYIPNRVAQELAGKQ
Q55F,KPVTLYDVAEYAGVSYQTVSRVVNQASHVSAKTREKVEAAMAELNYIPNRVAQFLAGKQ
Q55G,KPVTLYDVAEYAGVSYQTVSRVVNQASHVSAKTREKVEAAMAELNYIPNRVAQGLAGKQ
Q55H,KPVTLYDVAEYAGVSYQTVSRVVNQASHVSAKTREKVEAAMAELNYIPNRVAQHLAGKQ
Q55I,KPVTLYDVAEYAGVSYQTVSRVVNQASHVSAKTREKVEAAMAELNYIPNRVAQILAGKQ
Q55K,KPVTLYDVAEYAGVSYQTVSRVVNQASHVSAKTREKVEAAMAELNYIPNRVAQKLAGKQ
Q55L,KPVTLYDVAEYAGVSYQTVSRVVNQASHVSAKTREKVEAAMAELNYIPNRVAQLLAGKQ
Q55M,KPVTLYDVAEYAGVSYQTVSRVVNQASHVSAKTREKVEAAMAELNYIPNRVAQMLAGKQ
Q55N,KPVTLYDVAEYAGVSYQTVSRVVNQASHVSAKTREKVEAAMAELNYIPNRVAQNLAGKQ
Q55P,KPVTLYDVAEYAGVSYQTVSRVVNQASHVSAKTREKVEAAMAELNYIPNRVAQPLAGKQ
Q55R,KPVTLYDVAEYAGVSYQTVSRVVNQASHVSAKTREKVEAAMAELNYIPNRVAQRLAGKQ
Q55S,KPVTLYDVAEYAGVSYQTVSRVVNQASHVSAKTREKVEAAMAELNYIPNRVAQSLAGKQ
Q55T,KPVTLYDVAEYAGVSYQTVSRVVNQASHVSAKTREKVEAAMAELNYIPNRVAQTLAGKQ
Q55V,KPVTLYDVAEYAGVSYQTVSRVVNQASHVSAKTREKVEAAMAELNYIPNRVAQVLAGKQ
Q55W,KPVTLYDVAEYAGVSYQTVSRVVNQASHVSAKTREKVEAAMAELNYIPNRVAQWLAGKQ
Q55Y,KPVTLYDVAEYAGVSYQTVSRVVNQASHVSAKTREKVEAAMAELNYIPNRVAQYLAGKQ
L56A,KPVTLYDVAEYAGVSYQTVSRVVNQASHVSAKTREKVEAAMAELNYIPNRVAQQAAGKQ
L56C,KPVTLYDVAEYAGVSYQTVSRVVNQASHVSAKTREKVEAAMAELNYIPNRVAQQCAGKQ
L56D,KPVTLYDVAEYAGVSYQTVSRVVNQASHVSAKTREKVEAAMAELNYIPNRVAQQDAGKQ
L56E,KPVTLYDVAEYAGVSYQTVSRVVNQASHVSAKTREKVEAAMAELNYIPNRVAQQEAGKQ
L56F,KPVTLYDVAEYAGVSYQTVSRVVNQASHVSAKTREKVEAAMAELNYIPNRVAQQFAGKQ
L56G,KPVTLYDVAEYAGVSYQTVSRVVNQASHVSAKTREKVEAAMAELNYIPNRVAQQGAGKQ
L56H,KPVTLYDVAEYAGVSYQTVSRVVNQASHVSAKTREKVEAAMAELNYIPNRVAQQHAGKQ
L56I,KPVTLYDVAEYAGVSYQTVSRVVNQASHVSAKTREKVEAAMAELNYIPNRVAQQIAGKQ
L56K,KPVTLYDVAEYAGVSYQTVSRVVNQASHVSAKTREKVEAAMAELNYIPNRVAQQKAGKQ
L56M,KPVTLYDVAEYAGVSYQTVSRVVNQASHVSAKTREKVEAAMAELNYIPNRVAQQMAGKQ
L56N,KPVTLYDVAEYAGVSYQTVSRVVNQASHVSAKTREKVEAAMAELNYIPNRVAQQNAGKQ
L56P,KPVTLYDVAEYAGVSYQTVSRVVNQASHVSAKTREKVEAAMAELNYIPNRVAQQPAGKQ
L56Q,KPVTLYDVAEYAGVSYQTVSRVVNQASHVSAKTREKVEAAMAELNYIPNRVAQQQAGKQ
L56R,KPVTLYDVAEYAGVSYQTVSRVVNQASHVSAKTREKVEAAMAELNYIPNRVAQQRAGKQ
L56S,KPVTLYDVAEYAGVSYQTVSRVVNQASHVSAKTREKVEAAMAELNYIPNRVAQQSAGKQ
L56T,KPVTLYDVAEYAGVSYQTVSRVVNQASHVSAKTREKVEAAMAELNYIPNRVAQQTAGKQ
L56V,KPVTLYDVAEYAGVSYQTVSRVVNQASHVSAKTREKVEAAMAELNYIPNRVAQQVAGKQ
L56W,KPVTLYDVAEYAGVSYQTVSRVVNQASHVSAKTREKVEAAMAELNYIPNRVAQQWAGKQ
L56Y,KPVTLYDVAEYAGVSYQTVSRVVNQASHVSAKTREKVEAAMAELNYIPNRVAQQYAGKQ
A57C,KPVTLYDVAEYAGVSYQTVSRVVNQASHVSAKTREKVEAAMAELNYIPNRVAQQLCGKQ
A57D,KPVTLYDVAEYAGVSYQTVSRVVNQASHVSAKTREKVEAAMAELNYIPNRVAQQLDGKQ
A57E,KPVTLYDVAEYAGVSYQTVSRVVNQASHVSAKTREKVEAAMAELNYIPNRVAQQLEGKQ
A57F,KPVTLYDVAEYAGVSYQTVSRVVNQASHVSAKTREKVEAAMAELNYIPNRVAQQLFGKQ
A57G,KPVTLYDVAEYAGVSYQTVSRVVNQASHVSAKTREKVEAAMAELNYIPNRVAQQLGGKQ
A57H,KPVTLYDVAEYAGVSYQTVSRVVNQASHVSAKTREKVEAAMAELNYIPNRVAQQLHGKQ
A57I,KPVTLYDVAEYAGVSYQTVSRVVNQASHVSAKTREKVEAAMAELNYIPNRVAQQLIGKQ
A57K,KPVTLYDVAEYAGVSYQTVSRVVNQASHVSAKTREKVEAAMAELNYIPNRVAQQLKGKQ
A57L,KPVTLYDVAEYAGVSYQTVSRVVNQASHVSAKTREKVEAAMAELNYIPNRVAQQLLGKQ
A57M,KPVTLYDVAEYAGVSYQTVSRVVNQASHVSAKTREKVEAAMAELNYIPNRVAQQLMGKQ
A57N,KPVTLYDVAEYAGVSYQTVSRVVNQASHVSAKTREKVEAAMAELNYIPNRVAQQLNGKQ
A57P,KPVTLYDVAEYAGVSYQTVSRVVNQASHVSAKTREKVEAAMAELNYIPNRVAQQLPGKQ
A57Q,KPVTLYDVAEYAGVSYQTVSRVVNQASHVSAKTREKVEAAMAELNYIPNRVAQQLQGKQ
A57R,KPVTLYDVAEYAGVSYQTVSRVVNQASHVSAKTREKVEAAMAELNYIPNRVAQQLRGKQ
A57S,KPVTLYDVAEYAGVSYQTVSRVVNQASHVSAKTREKVEAAMAELNYIPNRVAQQLSGKQ
A57T,KPVTLYDVAEYAGVSYQTVSRVVNQASHVSAKTREKVEAAMAELNYIPNRVAQQLTGKQ
A57V,KPVTLYDVAEYAGVSYQTVSRVVNQASHVSAKTREKVEAAMAELNYIPNRVAQQLVGKQ
A57W,KPVTLYDVAEYAGVSYQTVSRVVNQASHVSAKTREKVEAAMAELNYIPNRVAQQLWGKQ
A57Y,KPVTLYDVAEYAGVSYQTVSRVVNQASHVSAKTREKVEAAMAELNYIPNRVAQQLYGKQ
G58A,KPVTLYDVAEYAGVSYQTVSRVVNQASHVSAKTREKVEAAMAELNYIPNRVAQQLAAKQ
G58C,KPVTLYDVAEYAGVSYQTVSRVVNQASHVSAKTREKVEAAMAELNYIPNRVAQQLACKQ
G58D,KPVTLYDVAEYAGVSYQTVSRVVNQASHVSAKTREKVEAAMAELNYIPNRVAQQLADKQ
G58E,KPVTLYDVAEYAGVSYQTVSRVVNQASHVSAKTREKVEAAMAELNYIPNRVAQQLAEKQ
G58F,KPVTLYDVAEYAGVSYQTVSRVVNQASHVSAKTREKVEAAMAELNYIPNRVAQQLAFKQ
G58H,KPVTLYDVAEYAGVSYQTVSRVVNQASHVSAKTREKVEAAMAELNYIPNRVAQQLAHKQ
G58I,KPVTLYDVAEYAGVSYQTVSRVVNQASHVSAKTREKVEAAMAELNYIPNRVAQQLAIKQ
G58K,KPVTLYDVAEYAGVSYQTVSRVVNQASHVSAKTREKVEAAMAELNYIPNRVAQQLAKKQ
G58L,KPVTLYDVAEYAGVSYQTVSRVVNQASHVSAKTREKVEAAMAELNYIPNRVAQQLALKQ
G58M,KPVTLYDVAEYAGVSYQTVSRVVNQASHVSAKTREKVEAAMAELNYIPNRVAQQLAMKQ
G58N,KPVTLYDVAEYAGVSYQTVSRVVNQASHVSAKTREKVEAAMAELNYIPNRVAQQLANKQ
G58P,KPVTLYDVAEYAGVSYQTVSRVVNQASHVSAKTREKVEAAMAELNYIPNRVAQQLAPKQ
G58Q,KPVTLYDVAEYAGVSYQTVSRVVNQASHVSAKTREKVEAAMAELNYIPNRVAQQLAQKQ
G58R,KPVTLYDVAEYAGVSYQTVSRVVNQASHVSAKTREKVEAAMAELNYIPNRVAQQLARKQ
G58S,KPVTLYDVAEYAGVSYQTVSRVVNQASHVSAKTREKVEAAMAELNYIPNRVAQQLASKQ
G58T,KPVTLYDVAEYAGVSYQTVSRVVNQASHVSAKTREKVEAAMAELNYIPNRVAQQLATKQ
G58V,KPVTLYDVAEYAGVSYQTVSRVVNQASHVSAKTREKVEAAMAELNYIPNRVAQQLAVKQ
G58W,KPVTLYDVAEYAGVSYQTVSRVVNQASHVSAKTREKVEAAMAELNYIPNRVAQQLAWKQ
G58Y,KPVTLYDVAEYAGVSYQTVSRVVNQASHVSAKTREKVEAAMAELNYIPNRVAQQLAYKQ
K59A,KPVTLYDVAEYAGVSYQTVSRVVNQASHVSAKTREKVEAAMAELNYIPNRVAQQLAGAQ
K59C,KPVTLYDVAEYAGVSYQTVSRVVNQASHVSAKTREKVEAAMAELNYIPNRVAQQLAGCQ
K59D,KPVTLYDVAEYAGVSYQTVSRVVNQASHVSAKTREKVEAAMAELNYIPNRVAQQLAGDQ
K59E,KPVTLYDVAEYAGVSYQTVSRVVNQASHVSAKTREKVEAAMAELNYIPNRVAQQLAGEQ
K59F,KPVTLYDVAEYAGVSYQTVSRVVNQASHVSAKTREKVEAAMAELNYIPNRVAQQLAGFQ
K59G,KPVTLYDVAEYAGVSYQTVSRVVNQASHVSAKTREKVEAAMAELNYIPNRVAQQLAGGQ
K59H,KPVTLYDVAEYAGVSYQTVSRVVNQASHVSAKTREKVEAAMAELNYIPNRVAQQLAGHQ
K59I,KPVTLYDVAEYAGVSYQTVSRVVNQASHVSAKTREKVEAAMAELNYIPNRVAQQLAGIQ
K59L,KPVTLYDVAEYAGVSYQTVSRVVNQASHVSAKTREKVEAAMAELNYIPNRVAQQLAGLQ
K59M,KPVTLYDVAEYAGVSYQTVSRVVNQASHVSAKTREKVEAAMAELNYIPNRVAQQLAGMQ
K59N,KPVTLYDVAEYAGVSYQTVSRVVNQASHVSAKTREKVEAAMAELNYIPNRVAQQLAGNQ
K59P,KPVTLYDVAEYAGVSYQTVSRVVNQASHVSAKTREKVEAAMAELNYIPNRVAQQLAGPQ
K59Q,KPVTLYDVAEYAGVSYQTVSRVVNQASHVSAKTREKVEAAMAELNYIPNRVAQQLAGQQ
K59R,KPVTLYDVAEYAGVSYQTVSRVVNQASHVSAKTREKVEAAMAELNYIPNRVAQQLAGRQ
K59S,KPVTLYDVAEYAGVSYQTVSRVVNQASHVSAKTREKVEAAMAELNYIPNRVAQQLAGSQ
K59T,KPVTLYDVAEYAGVSYQTVSRVVNQASHVSAKTREKVEAAMAELNYIPNRVAQQLAGTQ
K59V,KPVTLYDVAEYAGVSYQTVSRVVNQASHVSAKTREKVEAAMAELNYIPNRVAQQLAGVQ
K59W,KPVTLYDVAEYAGVSYQTVSRVVNQASHVSAKTREKVEAAMAELNYIPNRVAQQLAGWQ
K59Y,KPVTLYDVAEYAGVSYQTVSRVVNQASHVSAKTREKVEAAMAELNYIPNRVAQQLAGYQ
Q60A,KPVTLYDVAEYAGVSYQTVSRVVNQASHVSAKTREKVEAAMAELNYIPNRVAQQLAGKA
Q60C,KPVTLYDVAEYAGVSYQTVSRVVNQASHVSAKTREKVEAAMAELNYIPNRVAQQLAGKC
Q60D,KPVTLYDVAEYAGVSYQTVSRVVNQASHVSAKTREKVEAAMAELNYIPNRVAQQLAGKD
Q60E,KPVTLYDVAEYAGVSYQTVSRVVNQASHVSAKTREKVEAAMAELNYIPNRVAQQLAGKE
Q60F,KPVTLYDVAEYAGVSYQTVSRVVNQASHVSAKTREKVEAAMAELNYIPNRVAQQLAGKF
Q60G,KPVTLYDVAEYAGVSYQTVSRVVNQASHVSAKTREKVEAAMAELNYIPNRVAQQLAGKG
Q60H,KPVTLYDVAEYAGVSYQTVSRVVNQASHVSAKTREKVEAAMAELNYIPNRVAQQLAGKH
Q60I,KPVTLYDVAEYAGVSYQTVSRVVNQASHVSAKTREKVEAAMAELNYIPNRVAQQLAGKI
Q60K,KPVTLYDVAEYAGVSYQTVSRVVNQASHVSAKTREKVEAAMAELNYIPNRVAQQLAGKK
Q60L,KPVTLYDVAEYAGVSYQTVSRVVNQASHVSAKTREKVEAAMAELNYIPNRVAQQLAGKL
Q60M,KPVTLYDVAEYAGVSYQTVSRVVNQASHVSAKTREKVEAAMAELNYIPNRVAQQLAGKM
Q60N,KPVTLYDVAEYAGVSYQTVSRVVNQASHVSAKTREKVEAAMAELNYIPNRVAQQLAGKN
Q60P,KPVTLYDVAEYAGVSYQTVSRVVNQASHVSAKTREKVEAAMAELNYIPNRVAQQLAGKP
Q60R,KPVTLYDVAEYAGVSYQTVSRVVNQASHVSAKTREKVEAAMAELNYIPNRVAQQLAGKR
Q60S,KPVTLYDVAEYAGVSYQTVSRVVNQASHVSAKTREKVEAAMAELNYIPNRVAQQLAGKS
Q60T,KPVTLYDVAEYAGVSYQTVSRVVNQASHVSAKTREKVEAAMAELNYIPNRVAQQLAGKT
Q60V,KPVTLYDVAEYAGVSYQTVSRVVNQASHVSAKTREKVEAAMAELNYIPNRVAQQLAGKV
Q60W,KPVTLYDVAEYAGVSYQTVSRVVNQASHVSAKTREKVEAAMAELNYIPNRVAQQLAGKW
Q60Y,KPVTLYDVAEYAGVSYQTVSRVVNQASHVSAKTREKVEAAMAELNYIPNRVAQQLAGKY
