Anc593,MRKVTIKDVARRAGVSHQTVSRVLNNSPNVSEETRERVLKAIEELGYRPNAAARSLARGRSLL
Anc594,MRKVTIKDVARRAGVSHQTVSRVLNGSPNVSEETRERVQKAIEELGYRPNAAARSLARRRSLL
Anc595,MRSVTIKDVARRAGVSHQTVSRVLNGHPNVSPETRERVQKAIEELGYRPNAAARSLARRRSLL
Anc596,MRSVTIKDVARRAGVSHQTVSRVLNGHPNVSPETRERVQQAIEELGYRPNAAARSLARRRSLL
Anc597,MRSVTIADVARRAGVSHQTVSRVLNGHPNVSPETRERVQQAIEELGYRPNSAARSLATRRSLL
Anc598,MSSPTIADVARLAGVSHQTVSRVLNGHPNVSPETRERVQQAIEELGYRPNSAARALATRRSLL
Anc599,MSSPTIADVARLAGVSHQTVSRVLNGHPNVRPETRERVQQAIEELGYRPNSAARALATRRSLL
Anc600,MSSPTMADVARLAGVSHQTVSRVLNGHPNVRPETRERVQQAIEELGYRPNSAARALATRRSLL
Anc601,MSSPTMADVARLAGVSHQTVSRVLNGHPNVRPETRERVQQAIEELGYRPNSAARALVTRRSLL
Anc910,MRKVTIKDVARRAGVSVATVSRVLNNSPNVSEETRERVLKAIEELGYRPNAAARSLARGRSLL
Anc911,MRKVTIKDVARRAGVSVATVSRVLNNSPNVSEETRERVLKAIEELGYRPNAAARSLARGRSLL
Anc927,MRKVTIKDVARRAGVSVATVSRVLNNSPNVSEETRERVLKAIEELGYRPNAAARSLARGRSLL
Anc932,MRKVTIKDVAKRAGVSVATVSRVLNNSPNVSEETRERVLKAIEELGYRPNAAARSLKRNRSLL
Anc946,MRKVTIKDVAKRAGVSVSTVSRVLNNSPHVSEETRERVLKAIEELGYRPNAVARSLKRNRSLL
Anc602,MSSPTMADVARLAGVSHQTVSRVLNDHPNVRPETRERVQQAIEELGYRPNSAARALVTRRSLL
Anc603,MSSPTMADVARLAGVSHQTVSRVLNDHPNVRPETRERVQAAIEELGYRRNSAARALVTRRSLL
Anc604,MSSPSMADVARLAGVSHQTVSRVLNDHPSVRPETRERVQAAIEELGYRRNSAARALVTRRSLL
Anc605,MSSPSMADVARLAGVSHQTVSRVLNDHPSVRPETRERVQAAIEELGYRRNSAARALVTRRSLL
Anc606,MSSPSMADVARLAGVSHQTVSRVLNDHPSVRPETRERVLAAIEELGYRRNSAARALVTRRSLL
Anc643,MSSPTMADVARLAGVSHQTVSRVLNDHPNIRPETRERVLAAIEELGYRPNSAARALVTSRSLL
Anc644,MSSPTIRDVARLAGVSHQTVSRVLNDHPNIRPETRERVLAAIEELGYRPNSAARALVTSRSLL
Anc645,MSSPSIRDVARLAGVSHQTVSRVLNDHPSIRPETRERVLAAMEELGYRPNSAARALVTSRSLL
Anc646,MSSVGVRDVAALAGVSRQTVSRVLNDHPNIRPETRERVLAAMEELGYRPNNAARALGTSRSLL
Anc654,MSSPSIRDVARLAGVSHQTVSRVLNDHPSIRPETRERVLAAMEELQYRPNRAARALVTSRSLL
Anc676,MSSPVMADVARLAGVSHQTVSRVLNGHPNVRPETRERVQQAIEELGYRPNSAARALVTRRSLL
Anc677,MSSPVMADVARLAGVSHQTVSRVLNDHPNVRPETRERVLQAIEELGYRPNSAARALVTRRSLL
Anc678,MSSPVMADVARLAGVSHQTVSRVLNDHPNVRPETRERVLAAIEELGYRPNSAARALVTRRSLL
Anc679,MSSPVMADVARLAGVSHQTVSRVLNDHPNVRPETRERVLAAIEELGYRPNSAARALVTRRSLL
Anc680,MSSPVMADVARLAGVSHQTVSRVLNDHPNVRPETRERVLAAIRELGYRPNSAARALVTGRSLL
Anc681,MSSPVMADVARLAGVSHQTVSRVLNDHPNVRPETRERVLAAIRELGYRPNSAARALVTGRSLL
Anc682,MSSPVMADVARLAGVSHQTVSRVLNDHPNVRPETRERVLAAIRELGYRPNSAARALVTGRSLL
Anc698,MSSPVMADVARLAGVSSQTVSRVLNDHPNVRPETRERVLAAMRELGYRPNSAARALVTGRSLL
Anc699,MASPSMADVARLAGVSSQTVSRVANDHPNVDPETRERVLAAMRELGYRPNSAARALATGRSLL
Anc700,MASPSMADVARLAGVSSQTVSRVANGHPNVDPATRERVLAAMRELGYRPNSAARALRTGRSLL
Anc787,MSSPVMADVARLAGVSHQTVSRVVNGHPNVSPETRERVQQAIEELGYRPNSAARALVTGRSLL
Anc789,MESLVMSDVAARAGVSHQTVSRVVNKHPNVAPATRERVQRAIEELGYRPNAAARALVTGSSLL
Anc947,MRKVTIKDVAKRAGVSVSTVSRVLNNSPHVSEETREKVLKAIEELGYRPNAVARSLVRKKSLL
Anc948,MRKVTIKDVAKRAGVSVSTVSRVLNNSPHVSEETREKVLKAIEELGYRPNAVARSLVTKKSLL
Anc949,MRKVTIKDVAKRAGVSVSTVSRVLNNSPHVSEETREKVLKAIEELGYRPNAVARSLVTKKSLL
Anc950,MRKVTIKDIAKRAGVSVSTVSRVLNNSPDVSEETREKVLKAIEELGYRPNAVARSLVTKKSLL
Anc993,MRKATIKDVAKRAGVSVSTVSRVLNNSPHVSEETRERVLKAIEELGYRPNAVARSLKRNRSLL
Anc994,MRKATIKDVAKRAGVSVSTVSRVLNNSPKVSEETRERVLKAIEELGYRPNAVARSLKRNRSLL
Anc995,MRMATIKDVAKLAGVSVSTVSRVLNNSAKVSEETRERVLKAIEELGYRPNAFARSLKRNRSLL
Anc996,MRMATIKDVAKLAGVSVSTVSRVLNGTAKVSEETRERVEKAIEELGYRPNAFARSLKSNRSLL
Anc1018,MRMATIKDVAKLAGVSVATVSRVINGTAKVSEETRERVEKAMEELGYRPNAFARSLASNRSLL
Anc1019,MRMATIKDVAKLAGVSVATVSRVINGTAKVSEETRERVEKAMEELGYRPNAFARSLASNRSLL
Anc1020,MRMATIKDVAELAGVSPATVSRVINGTAKVSEETRERVEKAMEELGYRPNAFARSLASNRSLL
Anc1021,MRMATIKDVSELAGVSQATVSRVINGTAKVSEKTREKVEKAMEELGYRPNAFAQSLASNRSLL
Anc1100,MRMATIKDVAKLAGVSKATVSRVLNGTGKVKEETRERVEQAMEELGYRPNALARSLATNRSLL
Anc583,MPKSKLAEVARLAGVAHITASRAIRGEGYVSEETRERVMEAAAQLNYTPDPVARRMRGDRSLL
Anc584,MPKSKLAEVARLAGVAHITASRAIRGEGYVSEETRERVMEAAAQLNYTPDPVARRMRGDRSLL
Anc585,MPKVTLADVARRAGVSHMTASRALNNKPHVSEETRERVLRAAEELGYVPNRAARKLSGGRSLL
Anc586,MPKPTLAHVAKRAGVSQMTASRALNDRPGVSRETREEVLRIAAEIGYVVNRSAQKLSGGRSLL
Anc587,MQKPTLAHVAKLAGVSQMTASRALNDRPGVSRETREEVLRIAADIGYVVNRSAQKLSGGRSLL
Anc588,MRKVTLADVARRAGVSHMTVSRVLNNKPHVSEETRERVLKAIEELGYVPNAAARSLSGGRSLL
Anc589,MRKVTIADVARRAGVSHATVSRVLNNKPHVSEETRERVLKAIEELGYVPNAAARSLAGGRSLL
Anc590,MRKVTIMDVAREAGVSYATVSRVINNKEHVKSETRERVLKAIEELGYVVNRQARSLAGGRSLL
Anc591,MHKVTIFDVATEAGVSYGTVSRVINNDQHVKAETRERVLKAIEELGYVVNRQARSLAGGKSLL
Anc592,MRKVTIKDVARRAGVSHATVSRVLNNSPNVSEETRERVLKAIEELGYRPNAAARSLARGRSLL
Anc607,MSSPSMSDVARLAGVSHQTVSRVLNDHPSVRPETRERVLAAIAELGYRRNSAARALVTRRSLL
Anc608,MSSPSMADVARLAGVSHQTVSRVLNDHPSVRPATRERVLAAIAELGYRRNSAARALVTRRSLL
Anc609,MSSPSISDVARLAGVSYQTVSRVINDHPSVSPATRERVLAAIAELGYRRNSAARALVTRRSLL
Anc610,MTSPSINDVAQIAGVSYQTVSRVINNSPSVSAATRERVLEAIAEIGYRRNRAATALVTSRSLL
Anc611,MSSPSLKDVARLAGVSYQTVSRVINDHPSVSPATRERVLAAIAELGYRRNSAARALVTRRSLL
Anc612,MPSPSLKDVARLAGVSYQTVSRVINDDPRVSPATRDRVLAVIAELGYRRNSAARALVTRRSLL
Anc613,MSSPSMSDVARLAGVSHQTVSRVLNDHPSVRPETRERVLAAIAELGYRRNSAARALVTRRSLL
Anc614,MSSPAMSDVARLAGVSHQTVSRVLNDHPSVRPETRERVLAAIAELGYRRNSAARALVTRRSLL
Anc615,MSSPAMSDVARLAGVSHQTVSRVLNDHPSVRPETRERVLAAIATLGYRRNSAARALVTRRSLL
Anc616,MSSPAMSDVAALAGVSHQTVSRVLNDHPSVRPETRERVLAAIATLGYRRNSAARALVTRRSLL
Anc617,MESPAMSDVAALAGVSHQTVSRVLNDHPSVRPETRERVLAAIATLGYRRNSAARALVTRRSLL
Anc618,MESPAMSDVAALAGVSHQTVSRVLNDHPSVRPETRERVLAAIATLGYRRNSAARALVTRRSLL
Anc619,MESPAMSDVAALAGVSHQTVSRVLNDHPSVRPETRERVLAAIATLGYRRNSAARALVTRRSLL
Anc620,MESPAMSDVAALAGVSHQTVSRVLNDHPSVRPETRERVLAAIATLGYRRNSAARALVTRRSLL
Anc621,MESPAMSDVAALAGVSHQTVSRVLNDHPSVRPETRDRVLAAIAELGYRRNSAARALVTRRSLL
Anc622,MGSPAMSDVARLAGVSHQTVSRVLNDHPSVRPETRDRVLAAIATLGYRRNSAARALVTRRSLL
Anc623,MSSPAMSDVAALAGVSHQTVSRVLNDHPSVRPETRERVLAAIAELGYRRNSAARALVTRRSLL
Anc624,MSSPAMSDVAALAGVSHQTVSRVLNDHPSVRPETRERVLEAIAELGYRRNSAARALVTRRSLL
Anc625,MSSPAMSDVAALAGVSHQTVSRVLNDHPSVRPETRERVLEAIAELGYRRNSAARALVTRRSLL
Anc626,MSSPAMSDVAALAGVSHQTVSRVLNDHPSVRPATRERVLDAIAELGYRRNSAARALVTRRSLL
Anc627,MSSPAMSDVAAAAGVSHQTVSRVLNDHPNVRPETRERVLEAIAELGYRRNTAARALVTRRSLL
Anc628,MSSPSMADVARLAGVSHQTVSRVLNDHPNVRPETRERVLAAIEQLGYRRNSAARALVTRRSLL
Anc629,MSSPSMADVARLAGVSHQTVSRVLNDSGRVAPETRERVLAAIEQLGYRRNSVARALVTRRSLL
Anc630,MSSPSMADVARLAGVSHQTVSRVVNDTGRVAPETRERVLAAIEQLGYRRNSVARALVTRRSLL
Anc631,MSSPSMADVARLAGVSHQTVSRVLNDPPSVRPETRERVQAAIEELGYRRNSAARALVTRRSLL
Anc632,MLSPSMTDVASRAGVSYQTVSRVLNDPGIVKPETRERVQAAIEELGYTRNRAARALKTTRSLL
Anc633,MLSPSMTDVASRAGVSYQTVSRVLNDPGIVKPETRERVQAAIEELGYTRNRAARALKTTRSLL
Anc634,MASPGMMDVARLAGVSHQTVSRVLNDPESVRPATREKVRAAIDQLGYRRNSAARALVTESSLL
Anc635,MPSPGMVDVARVAGVSHVTVSRVLNGHPSVRPETRARVEAAIQQLGYRRNSVARALKSRRSLL
Anc636,MSSPTMADVARLAGVSHQTVSRVLNDHPNVRPETRERVQAAIEELGYRRNSAARALVTRRSLL
Anc637,MSSPTMADVARLAGVSHQTVSRVLNDHPNVSPKTRERVQQAIAELGYRRNTAARSLVTRRSLL
Anc638,MSSPVMEDVARLAGVSHQTVSRVLNDHPNVSPKTRERVQQAIAELGYRRNTAARSLVTRRSLL
Anc639,MSSPVMEDVARLAGVSHQTVSRVLNNHPNVSAKTRERVEQAIAELGYRRNTAARSLVTRRSLL
Anc640,MRSPVMEDVARLAGVSHQTVSRVLNNHPNVSSKTRERVEQAIAELGYRRNTAARSLVTRRSLL
Anc641,MRSPVMEDVARLAGVSHQTVSRVLNNHPNVSAKTRERVEQAIAELGYRRNTAARSLVTRRSLL
Anc642,MRSPVMEDVARLAGVSHQTVSRVLNNHPNVSAKTRERVEAAIAELGYRRNTAARSLVTRRSLL
Anc647,MSSVGVRDVAALAGVSRQTVSRVLNDHPHIRPETRERVVAAMEELGYRVNNAARALGTSRSLL
Anc648,MSSVGVRDVAALAGVSRQTVSRVLNDHPDVAPETRARVVAAMEELGYRMNNAARALGTRRSLL
Anc649,MSSVGVRDVAAHAGVSTQTVSRVINDHPHIRPETRERVVAAMAELGYRVNNAARALGTSTSLL
Anc650,MNSVGVRDVAAHAGVSTQTVSRVINDHPHIRPETRERVVAAMAELGYRVNNAARALGTSTSLL
Anc651,MESVGVRDVAAHAGVSTQTVSRVINDHPHIRPETRERVLAAMAELGYRVNNAARALGTSTSLL
Anc652,MESVGVRDVAAHAGVSTQTVSRVINDHPHIRPETRERVRAAMAELGYRVNNAARSLGTSTSLL
Anc653,MESVGVRDVAAHAGVSTQTVSRVLNGHPHIRPETRERVLAAIAELGYRVNNAARALGTSTSLL
Anc655,MSSPSIRDVARLAGVSHQTVSRVLNGHPSIRDETRQRVLAAMEELQYRPNRAARALVTSRSLL
Anc656,MSSPSIRDVARLAGVSHQTVSRVLNGHPSIRDETRQRVLAAMEELQYRPNRAARALVTARSLL
Anc657,MSSPNIRDVARLAGVSHQTVSRVINGHPSLREETRQRVLAAMEELQFRPNRAARALVTSRSLL
Anc658,MASPNIRDVARMAGVSHQTVSRVINGHPSLRDETRQRVLAAMEELQFRPNRAARALVTSRSLL
Anc659,MSSPSIRDVARLAGVSHQTVSRVLNDHPSIRPETRERVLAVMEELQYRPNRAARALVTSRSLL
Anc660,MSSPSIRDVARLAGVSHQTVSRVLNDHPSIRPETKERVLAVMEELQYRPNRAARALVTSRSLL
Anc661,MDSPSIRDVARLAGVSHQTVSRVLNDHPSIRPETKERVLAVMEELQYRPNQAARALVTSRSLL
Anc662,MDSPSIRDVARLAGVSHQTVSRVLNDHPSIRPETKERVLAAMEELQYRPNQAARALVTSRSLL
Anc663,MHSPSIRDVARLAGVSHQTVSRVLNDHPSIRPETKERVLAAMEELQYRPNQAARALVTSRSLL
Anc664,MHSPSIRDVARLAGVSHQTVSRVLNDHPSIRPETKQRVLDAMAELQYRPNQAARALVTSRSLL
Anc665,MGSPSIRDVARLAGVSHQTVSRVLNDHPSIRPETKQRVLDAIATLDYRPNQAARALVTSRSLL
Anc666,MDSPSIRDVARLAGVSHQTVSRVLNDHPSIRPETRERVLAVMEELQYRPNQAARALVTSRSLL
Anc667,MDSPNIRDVARLAGVSYQTVSRVLNDSPSIRPETRERVLAVIEELGYRPNQAARALVTSRSLL
Anc668,MDSPNIRDVARLAGVSYQTVSRVLNDSPSIRPETRERVLAVIEELGYRPNQAARALVTSRSLL
Anc669,MDSPNIRDVARLAGVSYQTVSRVLNDSPSIRPETRERVQAVIDELGYRPNQAARALATSRSLL
Anc670,MDSPNIRDVARLAGVSYQTVSRVLNDSPSIRPETRERVLAVIEELGYRPNQAARALVTSRSLL
Anc671,MDSPSIRDVARLAGVSHQTVSRVLNDHPSLRPETRERVLAVMEELQYRPNQAARALVTSRSLL
Anc672,MSSPSIRDVARLAGVSHQTVSRVLNDHPSIREETKERVLAVMEELQYRPNRAARALVTSRSLL
Anc673,MSSPSIRDVARLAGVSHQTVSRVLNDHPSIREETKQRVLDVMEELQYRPNRAARALVTSRSLL
Anc674,MTSPSIRDVARLAGVSHQTVSRVLNDHPSIREETKQRVLDVMEELQYRPNRAARALVTSRSLL
Anc675,MTSPSIRDVARLAGVSHQTVSRVLNDHPSIRAETKERVLDVMEELQYRPNRAARALVTSRSLL
Anc683,MSSPVMADVARLAGVSHQTVSRVLNDHPNVRPETRERVLAAIRELGYRPNSAARALVTGRSLL
Anc697,MSSPVMADVARLAGVSHQTVSRVLNDHPNVRPETRERVLAAIRELGYRPNSAARALVTGRSLL
Anc684,MSSPVMADVARLAGVSHQTVSRVLNDHPNVRPETRERVLAAIRELGYRPNSAARALVTRRSLL
Anc685,MSSPVMADVARLAGVSHQTVSRVLNDHPNVRPETRERVLAAIRELGYRPNSAARALVTRRSLL
Anc686,MSSPVMADVARLAGVSHQTVSRVLNDHPNVRPETRERVLAAIRELGYRPNSAARALVTRRSLL
Anc687,MSSPVMRDVARLAGVSHQTVSRVINEHPNVRAETRERVLEAMRELNYRRNLAARALVTRRSLL
Anc688,MSSPIMRDVAELAGVSHQTVSRVINGHPHVAAETRQRVLEAMRKLNYRRNLAARALVTRRSLL
Anc689,MSSSVMRDVARLAGVSHQTVSRVINEHPNVRAETRERVLEAMRALNYRRNLAARTLATRRSLL
Anc690,MTTPGLRDVARLAGVSHQTVSRVFKDHPRVSPETRERVLAAAAQLDFRPNAAARALATGRSLL
Anc691,MSSPVMADVARLAGVSHMTVSRVLNDHPNVRPETRARVLAAIRELGYRPNSAARALVTGRSLL
Anc692,MSSAVMADVARLAGVSAMTVSRVLNDSPNVRPETRARVLAAVRELGYRPNSAARALVTGRSLL
Anc693,MASAVMEDVAALAGVSAMTVSRVLNTPEKVRPETRARVLAAVRELGYRPNSAARALVTGRSLL
Anc694,MASAVMEDVAALAGVSAMTVSRVLNTPEKVRPETRARVLAAVRELGYRPNFAARALVTGRSLL
Anc695,MSSAVLGDVARLAGVSAMTVSRVLNESPGVRPSTRARVLAAVAELGYRPNSAARALVTGRSLL
Anc696,MASPSLADVAGLAGVSHMTVSRVINGTGPVRPETRARVLAAIEELGYRPNSAARALVTGRSLL
Anc701,MASPSMADVARLAGVSSQTVSRVANGSPNVDPATRERVLAAMRELGYRPNSAARALRTGRSLL
Anc702,MASPSMADVARLAGVSSQTVSRVANGSPNVDPATRERVLAAMRQLGYRPNSAARALRTGRSLL
Anc703,MASPSMADVARLAGVSSQTVSRVSNGSDSVRPETRERVLSAMEQLGYSPNSAARALRYGSSLL
Anc704,MASPSIADVARLAGVSSQTVSRVSNGSDSVRPETRERVLSAMEQLGYSPNHAARALRYGSSLL
Anc705,MASPSIADVARLAGVSSQTVSRVSNGSDSVRPETRERVLSAMEQLGYSPNHAARALRNGSSLL
Anc706,MPSPSIADVARLAGVSAQTVSRVSNGSDSVRPETRERVLEAMEQLGYSPNRAARALRNGSSLL
Anc707,MASPSIADVARLAGVSAQTVSRVSNGSDNVRPSTRERVLRAMEQLGYSPNRAARALRNGSSLL
Anc708,MASPSIADVARLAGVSAQTVSRVANGSQNVSPTTRERVLRAMAELGYSPNRAARALRSGSSLL
Anc709,MASPSIADVARLAGVSAQTVSRVSNGSDNVRPSTRERVLRAMEQLGYSPNRAARALRNGSSLL
Anc710,MPSPSIGDVARLAGVSAQTVSRVSNGSDSVRPETRERVLEAMEQLGYSPNRAARALRNGSSLL
Anc711,MPSPSIGDVARLAGVSAQTVSRVANGSTSVRPETRERVLEAMEQLGYSPNRAARALRSGSSLL
Anc712,MPSPSIGDVARLAGVSAQTVSRVSTGADSVRPETRERVLEAMEQLGYSPNRAARALRNGSSLL
Anc713,MASPSIGDVARLAGVSSQTVSRVSNGSESVRPETRERVLSAMEQLGYSPNHAARALRYGSSLL
Anc714,MDSPSMADVARLAGVSSQTVSRVSNGSDSVRPETRERVLSAMEALGYSPNSAARALRYGSSLL
Anc715,MSSPSMADVARIAGVSAQTVSRVANGSPNVDPATREKVLAAMRAVGYRPNSAARALTTGRSLL
Anc716,MTSPSMADVARLAGVSSQTVSRVANGHSNVDPATRERVLAAMRELGYRPNSAARALKSGRSLL
Anc717,MTSPSMADVARHAGVSSQTVSRVANGHSNVDPATRERVLAAMRELGYRPNSAARALKSGRSLL
Anc718,MTSPSMADVARHAGVSSQTVSRVANGRSNVDPATRERVLAAMRELGYRPNSAARALRSGRSLL
Anc719,MTSPSMADVARHAGVSGQTVSRVANGRSNVDPATRERVLAAMRELGYRPNSAARALRSGRSLL
Anc720,MTSVSMADVARRAGVSGQTVSRVANGRSNVDPATRERVLAAMRELGYRPNSAARALRSGRSLL
Anc721,MTSVSMADVARRAGVSGQTVSRVANGRSNVDAATRERVLAAMRELGYRPNSAARALRSGRSLL
Anc722,MASVSMADVARRAGVSGQTVSRVANGVSNVDEATRERVLAAMRELGYRPNSAARALRSGRSLL
Anc723,MASVSLRDVARRAGVSGQTVSRVANGVSNVSEATRRRVLAAMSELGYRPNVAARALRRGASLL
Anc724,MASVSLRDVARRAGVSGQTVSRVANNVPNVAEATRRRVLAAMSELGYRPNVAARALRRGASLL
Anc725,MTSPSMADVAREAGVSGQTVSRVANGRSNVDPATRERVLAAMRELGYRPNSAARALRSGRSLL
Anc726,MTSPSMADVAREAGVSGQTVSRVANGRSNVDPATRERVLAAMRELGYRPNSAARALRSGRSLL
Anc727,MTSPSMADVAREAGVSGQTVSRVANGRSNVDPATRERVLAAMRKLGYRPNSAARALRSGRSLL
Anc728,MTSPSMADVAREAGVSGQTVSRVANGRSNVDPATRERVLAAMRKLGYRPNSAARALRSGRSLL
Anc729,MTSPSMADVAREAGVSGQTVSRVANGRGNVDPATRERVLAAMRELGYRPNSAARALRSGRSLL
Anc730,MESPSMADVAREAGVSAQTVSRVANGRGTVKPATRERVLAAMQELGYRPNSAARALKSGRSLL
Anc731,MTSPSMADVARHAGVSSQTVSRVANGLSNVDPATRDRVLAAMRELGYRPNRAARALRSGRSLL
Anc732,MTSPSMADVARHAGVSSQTVSRVANGLSNVDPATRDRVLAAMRELGYRPNRAARALRSGRSLL
Anc733,MTSPSMADVARHAGVSSQTVSRVANGLSNVDPATRDRVLASMRELGYRPNRAARALRSGRSLL
Anc734,MASPSMADVARHAGVSMQTVSRVARGLDNVDPATRDRVQAAMRELGYRPNRAARALRSGRSLL
Anc735,MTSPSMADVARHAGVSSQTVSRVANGHTNVDPSTRERVLAAMRELGYRPNSAARALKSGRSLL
Anc736,MTSPSMADVAALAGVSSQTVSRVANGHTNVDPSTRDRVLAAMKEIGYRPNSAARALKSGRSLL
Anc737,MTSPSMADVARHAGVSSQTVSRVANGHTNVDPSTRERVLEAMRELGYRPNSAARALKSGRSLL
Anc738,MTSPSMADVARHAGVSSQTVSRVANGHTNVDPSTRERVLEAMKELGYRPNSAARALKSGRSLL
Anc739,MTSPSMADVARHAGVSSQTVSRVANGHTNVDPSTRERVLEAMRELGYRPNGAARALKSGRSLL
Anc740,MESPSIADVARAAGVSAQTVSRVSNGHTNVEESTRNRVLDAMKELGYRPNGAARALKSGQSLL
Anc741,MTSPSMADVARHAGVSSQTVSRVANGHTNVDPSTRERVLESMRALGYRPNGAARALKSGRSLL
Anc742,MTSASMADVAAHAGVSAQTVSRVANGHTNVDPSTRERVLEAMKELGYRPNSAARALKSGRSLL
Anc743,MTSASIADVAAHAGVSAQTVSRVANGHTNVRPTTRERVLEAMKELGYRPNSAARNLKSGRSLL
Anc744,MTSVSMADVARLAGVSSQTVSRVANGHSGVVPATRERVLAAMRELGYRPNSAARALKRGSSLL
Anc745,MTSVSMADVARRAGVSSQTVSRVANGHAGVVPATRERVLAAMRELGYRPNSAARALKRGSSLL
Anc746,MTSVSMADVARRAGVSTQTVSRVANGHAGVAPATRERVLAAMRELGYRPNSAARALKRGSSLL
Anc747,MSSVSMADVARRAGVSAQTVSRVANGHAGVVPATRERVLKAMNELGYRPNSAARALKLGSSLL
Anc748,MTSVSMADVARLAGVSSQTVSRVSNGHAGVVEATRQQVLAAMRELGYRPNSAARALKRGSSLL
Anc749,MTSVSMADVARLAGVSSQTVSRVSNGHAGVIEATRQQVLAAMRELGYRPNSAARALKRGSSLL
Anc750,MTSVSMADVARLAGVSSQTVSRVSNGHAGVIEATRQQVLAAMRELGYRPNSAARALKRGSSLL
Anc751,MTSVSMADVARLAGVSSQTVSRVSNGHSGVVESTRQQVLAAMRELGYRPNSAARALKRGSSLL
Anc752,MASPSMADVAALAGVSSQTVSRVANDRPNVDPETRERVLAAMRMLGYRPNSAARALATGRSLL
Anc753,MASPSQADVAALAGVSSQTVSRVANDRPNVDPETRERVLAAMRMLGYRPNSAARALATGRSLL
Anc754,MSGPVMADVARLAGVSGQTVSRVLNDHPRVRPETRERVLAAMRELGYRPSSSARSLASGRSLL
Anc755,MSSPAMTDVARLAGVSHQTVSRVLNDHPNVRPQTRERVLAAIEELGYRPNSAARALVTGRSLL
Anc756,MASPAMTDVARLAGVSHQTVSRVLNDHPNVRPQTRERVLAAIRELGYRPNSAARALVTGRSLL
Anc757,MQSPAMTDVARLAGVSHQTVSRVLNDHPNVREQTRERVLAAIEELGYRPNSAARALVTGRSLL
Anc758,MQSPAMTDVARVAGVSAQTVSRVLNDHPNVKEKTRERVLAAVEELGYRRNSAARALVTGRSLL
Anc759,MQSPAMTDVARVAGVSAQTVSRVLSGHPNVKEKTRERVLAAVEELGYRRNSAARALVTGRSLL
Anc760,MQSPGMTDVARVAGVSAQTVSRVLSGHPNVKEKTRERVLAAVEQLGYRRNSAARALSSGRSLL
Anc761,MESPGMTDVARVAGVSAQTVSRVLSGHPNVKPKTRERVLAAVEQLGYRRNSAARALSSGRSLL
Anc762,MESPGMTDVARVAGVSAQTVSRVLSGHPNVKPKTRERVLAAVEQLGYRRNSAARALSSGRSLL
Anc763,MASPAMADVARVAGVSAQTVSRVLSGHPNVNEVTRARVRAAVEETGYRRNSLARALVTGRSLL
Anc764,MRSPAMTDVARLAGVSHQTVSRVLNDHPNVREQTRLRVLAAIEELGYRPNRAARALVTGRSLL
Anc765,MRSPAMTDVARLAGVSHQTVSRVLNDHPNVREQTRLRVRAAIEELGYRPNRAARALVTGRSLL
Anc766,MRSPAMTDVARLAGVSHQTVSRVLNDHPNVREQTRLRVRAAIEELGYRPNRAARALVTGRSLL
Anc767,MRSPSMVDVARLAGVSHQTVSRVLNDHPNVRESTRVRVRTAIEELGYRPNRAARTLVTGRSLL
Anc768,MRSPAMTDVARLAGVSHQTVSRVLNDHPNVREQTRLRVRAAIEELGYRPNRAARALVTGRSLL
Anc769,MSSPVMADVARLAGVSHQTVSRVLNDHPNVRPETRERVLAAIEELGYRPNSAARALVTRRSLL
Anc770,MSSAVMADVARLAGVSHQTVSRVLNDHPSVRPETRERVLAAIEELGYRPNSAARALVTRRSLL
Anc771,MSSATMADVARLAGVSHQTVSRVLNDHPSVRPETRERVLAAIEELGYRPNSAARALVTRRSLL
Anc772,MSSVNMFDVARLAGVSHQTVSRVLNDSAAVKESTRQRVTAAIDELGYRRNMAARALVTRRSLL
Anc773,MSSPVMADVARLAGVSHQTVSRVLNDHPNVRPETRARVLAAIEELGYRRNSAARALVTRRSLL
Anc774,MSSPVMADVARLAGVSHQTVSRVLNDHPNVRPETRARVLAAIEELGYRRNSSARALVTRRSLL
Anc775,MSSPVMADVARLAGVSHQTVSRVLNDHPNVRPETRARVLAAIEELGYRRNSSARALVTRRSLL
Anc776,MSSPVMADVARLAGVSHQTVSRVLNDHPNVRPETRARVLAAIEELGYRRNLSARALVTRRSLL
Anc777,MESPVMADVARLAGVSHQTVSRVLNGHPNVRPETQARVQAAIEELGYHRNSSARALVTRRSLL
Anc778,MTSPTMADVARLAGVSHQTVSRVLSDHPNVREETRARVLRAIEELGYRRNSSARALVTRRSLL
Anc779,MTSPTMADVARLAGVSHQTVSRVLSDHPNVREETRARVLRAIEELGYRRNSSARALVTRRSLL
Anc780,MTSPTMADVARLAGVSHQTVSRVLSDHPNVREETRAQVLRAIEQLGYRRNSSARALVTRRSLL
Anc781,MSSPTMADVARVAGVSHQTVSRVLSDHPNVRAATRAQVTRAIEQLGYRRNSAARALVTRRSLL
Anc782,MSSPTMADVAREAGVSHQTVSRVLSGHPNVRAATRAQVTAAIERLGYRRNSAARALVTRRSLL
Anc783,MQSPVMADVARLAGVSHQTVSRVLNDHPNVRAETRARVLAAIDELGYRRNFTARALVTRRSLL
Anc784,MASAVMSDVARLAGVSHQTVSRVLNDHPNVRPETRERVLRAIEELGYRPNAMARGLVSRRSLL
Anc785,MASAVMSDVARLAGVSHQTVSRVLNDHPNVRPETRERVLRAIEELDYRPNAMARGLVSRRSLL
Anc786,MASAVMTDVARLAGVSHQTVSRVLNDSPQVRPETRERVLRAIEELGYRPNAMARGLVSRRSLL
Anc788,MESLVMSDVAARAGVSHQTVSRVVNGHPNVAPATRERVQRAIEELGYRPNAAARALVTGSSLL
Anc790,MSSPRMVDVARLAGVSQQTVSRVVNGHPNVSPEVRERVQQAIEELGYRPNSAARALVTGRSLL
Anc791,MPSARMVDVARLAGVSQQTVSRVVNGHPNVSPEIRERVEQAIEQLRYRRNSAARALATSRSLL
Anc792,MSSARMVDVARLAGVSQQTVSRVVNGHPNVSPEIRERVEQAIEQLRYRRNSAARALATSRSLL
Anc793,MTSARMVDVARLAGVSQQTVSRVVNGHSNVSPEIRDRVEQAIAQLRYRRNSAARALATSRSLL
Anc794,MSSPRMVDVARLAGVSQQTVSRVVNGAPNVSPEIRERVEQAIEQLRYRRNTAAAALASSRSLL
Anc795,MSSPRMVDVARLAGVSQQTVSRVVNGAPNVSPEIRERVEQAIEQLRYRRNTAAAALASNRSLL
Anc796,MPSARMVDVARLAGVSQQTVSRVVNGSPNVSPEIRERVERAIEQLRYRRNPAARALATSRSLL
Anc797,MPSARMVDVARLAGVSQQTVSRVVNGSPNVSPEIRERVEAAIEQLRYRRNPAARALATSRSLL
Anc798,MPSARMVDVAMLAGVSQQTVSRVVNGSSNVSPDMRERVEAAIERLRYRRNPAARALATSRSLL
Anc799,MSSPRMVDVARLAGVSQKTVSRVVNGEPHVSPEVRERVQQAIEELGYRPNSAARALVTGRSLL
Anc800,MSSPRMVDVARLAGVSQKTVSRVVNGEPHVSPEVRERVQQAAEELGYRPNSAARALVTGRSLL
Anc801,MSSPRMVDVARLAGVSQKTVSRVVNGEPYVSPEVRERVLEAAEELGYRPNSAARALVTGRSLL
Anc802,MSSPRSVDVARLAGVSQKTVSRVFNGEQYVSADVRRRVLEAAEELGYRPNSAARALASGRSLL
Anc803,MASPRSVDVARLAGVSQKTVSRVFNGEQYVSADVRRRVLEAAEELGYRPNNAARALASGRSLL
Anc804,MASPRSVDVARLAGVSQKTVSRVFNGEQYVSADVRRRVLEAAEELGYRPNNAARALASGRSLL
Anc805,MSSPGMVDVARLAGVSQKTVSRVVNGEPYVSPEVRERVLQAARELGYRPNTAARALITGRSLL
Anc806,MSSPGMTDVARLAGVSQKTVSRVVNGEPYVSPEVRERVLQAARELGYRPNTAARALITGRSLL
Anc807,MSSPGMTDVARAAGVSQKTVSRVVNGEPHVSPEVRERVLRAVRELGYRPNTAARALITGRSLL
Anc808,MSSPSMVDVARHAGVSQKTVSRVVNGEPHVSPEVRERVQQAIEELGFRPNSAARALVTGRSLL
Anc809,MSSVSMVDVARHAGVSQKTVSRVVNGEPHVSPEVRERVQQAIEELGFRPNSAARALVTQRSLL
Anc810,MTSVSMMDVARHAGVSQKTVSRVVNGEPHVSPEVRARVQQAIEELGFRPNAAARALVTQRSLL
Anc811,MTSVSMMDVARHAGVSQKTVSRVVNGEPHVSPAIRARVQEAIAELGFRPNAAARALATQRSLL
Anc812,MTSVSMMDVAAHAGVSQKTVSRVVNDEPHVSPAIRARVQAAIAELGFRPNAAARALKGQRSLL
Anc813,MTSVSMMDVAAHAGVSQKTVSRVVNDEPHVTEAIRAKVQAAIAELGFRPNAAARSLKGQRSLL
Anc814,MRSPSMVDVARHAGVSQKTVSRVVNGEPNVSPEVRERVLEAIDELGFRPNSAARALVTNRSLL
Anc815,MSSPTMADVARLAGVSHQTVSRVINGSPNVRPETRERVQQAIEELGYRPNSAARALATRRSLL
Anc816,MSSPVMADVARLAGVSHQTVSRVINGSPNIRPETRERVQQAIEQLGYRPNTAARALVTRRSLL
Anc817,MTSPVMADVARLAGVSHQTVSRVINGAPNLRPETRERVQQAIEQLGYRPNTAARALVTRRSLL
Anc818,MTSPVMADVARLAGVSLQTVSRVVNGAPHLRPATRERVEEAIEQLGYRPNVAARALVTKRSLL
Anc819,MTSPVMADVARLAGVSHQTVSRVINGQTNLRPETRERVQQAIDQLGYRPNTAARALVTRRSLL
Anc820,MRSPVMADVARLAGVSHQTVSRVINGSPNIRPETRERVQQAIEQLGYRPNTAARALVTRRSLL
Anc821,MRSPVMADVARLAGVSHQTVSRVINGSPNIRPETRERVEQAIEQLGYRPNTAARALVTRRSLL
Anc822,MRSPVMADVARLAGVSHQTVSRVINGSPNIRPATRERVEQAIAQLGYRPNTAARALVTRRSLL
Anc823,MKSPVMADVARLAGVSHQTVSRVVNGSPNIRPATRDRVEQAIKELGYRPNTAARALVTRRSLL
Anc824,MRSPVMADVARLAGVSHQTVSRVINGSPNIRPETRERVQQAIERLGYRPNTAARALVRGRSLL
Anc825,MRSPVMADVARLAGVSHQTVSRVINGSPSIRPETRERVQQAIERLGYRPNTAARALVRGRSLL
Anc826,MDSPVMADVARLAGVSHQTVSRVINGSPSIRPETRRRVEQAIERLGYRPNTAARALVRGRSLL
Anc827,MRSPVMQDVARLAGVSHQTVSRVINGASSIRPETRERVQQAIERLGYRPNTAARALVRGRSLL
Anc828,MRSPVMADVARLAGVSHQTVSRVINGSPNIRPETRERVQQAIERLGYRPNTAARALVRGRSLL
Anc829,MSSPTMADVARLAGVSHQTVSRVINGSPNVRPETRERVLQAIEELGYRRNSAARALATRRSLL
Anc830,MSSPTMADVAALAGVSHQTVSRVINGSPNVRPETRERVLQAIEELGYRRNSAARLLATRRSLL
Anc831,MSSPSMADVAALAGVSHQTVSRVLNDSPLVREETRERVLAAIEELGYRRNSAARLLATNRSLL
Anc832,MESPSMADVAALAGVSHQTVSRVLNDSPLVREETRERVQAAIEELGYRRNSAARLLATNRSLL
Anc833,MTSPTMADVAQRAGVSHQTVSRVINGAPSVRPETRDRVLQAIEELGYRRNRAARLLASRRSLL
Anc834,MPSPSLQDVARVAGVSHQTVSRVINGSPSVAPATRDRVLEAIHELGYRRNSAARALATRRSLL
Anc835,MSSPTIYDVARLAGVSHQTVSRVLNGHPNVRPATRERVQQAIEELNYRPNSAARALATRRSLL
Anc836,MSSPTIFDVARLAGVSHQTVSRVLNGHPNVRPATRERVEQAIEELNYRPSSAARALATRRSLL
Anc837,MAAPTIFDVARLAGVSHQTVSRVLNDLPNVRPATRERVEQAIAELNYVPSPAARALATRRSLL
Anc838,MAAATIFDVARLAGVSHQTVSRVLNDLPNVRPATRERVEQAIAQLRYVPSPAARALVTRRSLL
Anc839,MTAATIFDVARLAGVSHQTVSRVLNDLPNVRPATRERVEQAITQLRYVPSPAARALVTRRSLL
Anc840,MTAATIFDVARLAGVSHQTVSRVLNDLPNVRPATRERVEQAIKQLRYVPSPAARALVTRRSLL
Anc841,MTAATIFDVARLAGVSHQTVSRVLNDLPNVRPATRERVEQAIKQLRYVPSPAARALVTRRSLL
Anc842,MEAANIFDVARLAGVSHQTVSRVLNDLPNVRPATRERVEQAIKQLRYTPSPAARALVTRRSLL
Anc843,MDAANIFDVARLAGVSHQTVSRVLNDLPNVRPATRERVEQAIAQLRYSPSPAARALVTRRSLL
Anc844,MTAATIFDVARLAGVSHQTVSRVLNDLPNVRPATRARVEEAIKQLRYVPSPAARALVTRRSLL
Anc845,MAAPTMFDVARLAGVSHQTVSRVLNDLPGVRAATRERVEQAMAELNYVPSPAARALASRRSLL
Anc846,MSSPTIFDVARLAGVSHQTVSRVVNGDPNVRPATRERVEQAIEELNYRPSAAARALASRRSLL
Anc847,MSSPTIFDVASAAGVSHQTVSRVVNGDPSVRPATRERVDTAIDELNYRPSAAARALASRRSLL
Anc848,MSSPTIYDVARLAGVSHQTVSRVLNGHPNIRPATRERVEQAIEELNYRPNSAARALATRRSLL
Anc849,MSSPSIYDVARLAGVSHQTVSRVLNGHPNIRPSTRERVEQAIEELNYRPNSAARALATRRSLL
Anc850,MSSPSIYDVARLAGVSHMTVSRVLNGHPNIRPSTRERVLQAIEELNYRPNSAARALATRRSLL
Anc851,MSSPSIYDVARLAGVSHMTVSRVLNGHPNIRPSTRERVLQAIEELNYTPSSIARALATRRSLL
Anc852,MSSPSIYDVARLAGVSHMTVSRVLNGHPNIRPSTRERVLQAIEEMNYTPSSIARALATRRSLL
Anc853,MSSPSIYDVARLAGVSHMTVSRVLNDHPNIRPSTRERVLQAIEEMNYTPSSIARALATRRSLL
Anc854,MTSPSIYDVARLAGVSHMTVSRVLNDHPNIRPSTRERVLKAIEETNYTPSSIARALATRRSLL
Anc855,MSSPSIYDVARLAGVSHMTVSRVLNDHPNIRESTRERVLQAIDEMNYTPSSIARALATRRSLL
Anc856,MSSPSIYDVARLAGVSHMTVSRVLNDHPNIREATRERVLQAIEEMNYTPSSIARALATRRSLL
Anc857,MSSPSIYDVARLAGVSHMTVSRVINDHPNIREATRTRVLQAIEEMNYTPSSIARALATRRSLL
Anc858,MSSPGIRQVASLAGVSHMTVSRVLNGHPNIRPSTRQRVLEVIEELNYRPNSAARALATQRSLL
Anc859,MSSPGIRQVASLAGVSHMTVSRVLNGHPNIKPSTRQRVLEVIEELNYRPNSAARALATQRSLL
Anc860,MASPGIRQVADLAGVSHMTVSRVLNGHPNIKPSTRQRVLEVIEELDYRPNSAARALATQRSLL
Anc861,MSSPNIRQVASLAGVSHMTVSRVLNGHPNIKPSTRQRVLEVIEELNYRPNSAARALATQRSLL
Anc862,MESPTIYDVARLAGVSHQTVSRFLKGHEGIRPATRERVEQALDELNYRPNLAARALRSRRSLL
Anc863,MESATIYDVARMAGVSHQTVSRFLKGFEGIRPATRERVEQALDELNYRPNLAARSLRSRRSLL
Anc864,MESATIYDVARMAGVSHQTVSRFLKGFEGIRPATRERVEAALDELDYRPNLTARSLRSRRSLL
Anc865,MESATIYDVARMAGVSHQTVSRFLKGFEGIRPATRERVEQALDELDYRPNLTARSLKSGRSLL
Anc866,MESATIYDVARMAGVSHQTVSRFLKGYQGIRPATRERVTEALDELDYRPNLTARSLKSGRSLL
Anc867,MSSPSIADVARLAGVSHQTVSRVINGHPNVSPATRERVQQAIEELGYRPNSAARALASRRSLL
Anc868,MNSVSLADVARHAGVSTNTVSRVVRGDPEVSESTRARITKLVEELGYRPNYAARALAAKRSLL
Anc869,MSSPSIFEVAKLAGVSHQTVSRVINNSPNVSEATRAKVQHAIAELGYHPSNSARALASRRSLL
Anc870,MFSVTITDVARRAGVSHQTVSRVINEHPNVAPSTREKVLRAIEELDYQPNQAARSLATQRSLL
Anc871,MRSVTIKDVARRAGVSHQTVSRVLNGHPNVSPETRERVQQAIEELGYQPNALARSLARRRSLL
Anc872,MRSVTIKDVARLAGVSHQTVSRVLNGSPNVSPKTRERVQQAIEELGYQPNRLARSLARRRSLL
Anc873,MRPVTLEDVARLAGVSHQTVSRVLNNSPHVSPKTREKVEQAIEELGYVPNRLAQSLARRRSLL
Anc874,MKPVTLEDVARLAGVSHQTVSRVLNNSPHVSEKTREKVEQAIKELGYVPNRLAQQLARKRSLL
Anc875,MKPVTLDDVARHAGVSYQTVSRVLNNSPHVSEKTREKVEQAIAELNYVPNRVAQQLAGKQSLL
Anc876,MKPVTLDDVARHAGVSYQTVSRVLNHSPHVSEKTREKVEQAIAELNYVPNRVAQQLAGKQSLL
Anc877,MKPVTLDDVARHAGVSYQTVSRVLNHSPHVSEKTREKVEQAMAELNYVPNRVAQQLAGKQSLL
Anc878,MKPVTLDDVARHAGVSYQTVSRVLNHSPHVSEKTREKVEQAMAELNYVPNRVAQQLAGKQSLL
Anc879,MKPVTLNDVARHAGVSYQTVSRVLNQAPHVSEKTREKVEQAMAELNYVPNRVAQQLAGKQSLL
Anc880,MKPVTLNDVARHAGVSYQTVSRVLNQAPHVSERTREKVEQAMAELNYVPNRVAQQLAGKQSLL
Anc881,MKPVTLNDVAAYAGVSYQTVSRVLNQAPHVSDRTREKVEQAMAALNYVPNRVAQQLAGKSSLL
Anc882,MKPITLYDVARHAGVSYQTVSRVINQAAHVSTRTREKVEQAMAELHYVPNRVAQQLAGKQSLL
Anc883,MKPVTLNDVARHAGVSYQTVSRVLNQAAHVSEKTREKVEQAMAELNYVPNRVAQQLAGKQSLL
Anc884,MKPVTLNDVAEHAGVSYQTVSRVLNQAAHVSEKTREKVEQAMAELNYVPNRVAQQLAGKQSLL
Anc885,MKPVTLYDVAEHAGVSYQTVSRVINQASHVSEKTREKVESAMAALNYVPNRVAQQLAGKQSLL
P03023,MKPVTLYDVAEYAGVSYQTVSRVVNQASHVSAKTREKVEAAMAELNYIPNRVAQQLAGKQSLL
Anc887,MRPVTLDDVARAAGVSYQTVSRVLNHSQQVSPKTRQKVEAAMQQLNYVPNRVAQQLAGKQSLL
Anc888,MRPVTLDDVARAAGVSYQTVSRVLNHSQQVSPKTRQKVEAAMQQLNYVPNRVAQQLAGKHSLL
Anc889,MRPVTLDDVARAAGVSYQTVSRVLNHSQQVSPKTRQKVEAAMQALNYVPNRVAQQLAGKHSLL
Anc890,MKPATLDDVARHAGVSYQTVSRVLNNSAHVSEKTREKVEQAIAELNYVPNRVAQQLAGKQSLL
Anc891,MLPATLEDVARHAGVSYQTVSRVLNNSANVSEKTRQKVEQAIAELKYVPNRVAQQLVGKQSLL
Anc892,MKPATLDDVARQAGVSYQTVSRVLNNSAHVSEKTREKVEQAIATLNYVPNRVAQQLAGKQSLL
Anc893,MRPATLDDVARQAGVSQQTVSRVLNNPAQVSARTREKVLQAMSTLNYVPNRSAQLLAGKTSLL
Anc894,MRPATLDDVARQAGVSQQTVSRVLNNPAQVSARTREKVLQAMSTLHYVPNRSAQLLAGKTSLL
Anc895,MRPATLEDVARQAGVSQQTVSRVLNNPAIVSARTREKVLDAMSTLNYVPNRSAQLLAGKTSLL
Anc896,MFPVTFKDVAKLAGVSTQTVSRVTNGSENVAEKTRNKVNKAIKKLGYVPNKGAQMLSRARSLL
Anc897,MFPVTFKDVAKLAGVSTQTVSRVTNGSENVAEKTRNKVNKAIKKLGYVPNKGAQMLSRARSLL
Anc898,MRPVTLEDVARLAGVSHQTVSRVVNNYPHVSAKTREKVEQAIRELGYVPNRLAQSLARQRSLL
Anc899,MRSVTIKDVARHAGVSAQTVSRVLNGHPSVSPETRERVQRAIEELGYQPNALARSLVRRRSLL
Anc900,MRSVTIKQVARHAGVSTQTVSRVINNHPSVSPETRERVQKVIEELGYQPNALARSLVRRRSLL
Anc901,MHSPTIKQVARAAGVSTQTVSRVINNRPDVSPETRKRVQEVIDELGYQPSALARSLIRQRSLL
Anc902,MTSPTIKEVARAAGVSTQTVSRVINNRPDVSPETRKRVQEIIDELGYQPSALARSLIRQRSLL
Anc903,MRSVTIVDVARHAGVSAGTVSNVLTGKRPVSPATRERVLRAIEELGYQPNLLARSLVNRRSLL
Anc904,MRYVSLKDVAERAGVSFQTASKVLNGHSRVSPSTRERILRAAAELGYVPNAMARGLVRRASLL
Anc905,MRKPTIKDVARRAGVSHQTVSRVLNNSPNVSEETRERVLKAIEELGYRPNAQARSLARGRSLL
Anc906,MRKPTIKDVARRAGVSHKTVSRVLNNSPNVSEDTRERVEKAIEELGYRPNLQARSLARGRSLL
Anc907,MRKPTITDVAARAGVSIRTVSRVLNNSPRVSDDTRERIQSAIDALNFRPSLRARALAKGRSLL
Anc908,MRKPTIKDVARRAGVSQKTVSRVLNNSPNVSEDTRERVEAAIEALGYRPNLQARSLARGRSLL
Anc909,MRKPTIKDVARLAGVSQKTVSRVLNNSPNVSEDTRERVEAAIEALNYRPNLQARSLAGGRSLL
Anc912,MDKVSIFDVAKKSGLSVVTVSRVLNNSPSVREKNRQKVLQAMKELDYRPNAAARSLARGKSLL
Anc913,MDKVSIFDVAKKSGLSVVTVSRVLNNSPSVREKNRQKVLQAMKELDYRPNAAARSLARGKSLL
Anc914,MDKVSIFDVAKKSGLSVVTVSRVLNNSPSVREKNRQKVLQAMKELDYRPNAAARSLARGKSLL
Anc915,MDKVSIFDVAKKSGLSVVTVSRVLNNSPSVREKNRQKVLQAIKELDYRPNSAARSLARGKSLL
Anc916,MDKVSIFDVAKKSGVSVVTVSRVLNNSPTVREKNRQKVLQAIKELDYRPNSAARSLARGKSLL
Anc917,MDKISILDVVEKSGVSLVTVSRVLNNSPTVREENRQKVLQAIKELDYRPNSAARSLARGTSLL
Anc918,MDKVSIFDVAKKSGLSVVTVSRVLNNSPSVREKNRQKVLQAMKELDYQPNAAARSLARGKSLL
Anc919,MDKVSIFDVAKKSGLSVVTVSRVLNHSPSVREKNREKVLQAMKELDYQPNAAARSLARGKSLL
Anc920,MDKVSIFDVAKKSGLSVVTVSRVLNHSPSVREKNREKVLQVMKELDYQPNAAARSLARGKSLL
Anc921,MDKVSIFDVAKKSGLSVVTVSRVLNHSTSVREKNREKVLQAMKDLDYQPNAAARSLARGKSLL
Anc922,MDKVSIFDVAKKSGLSVVTVSRVLNNSPSVREKNRQKVLQAMKELDYHPNAAARSLARGKSLL
Anc923,MDKVSIFDVAKKSGLSVVTVSRVLNNAPTVREKNRQKVLQAMKELDYHPNAAARSLAKGKSLL
Anc924,MDKVSIFDVAKKSGLSVVTVSRVLNGSPSVREKNRQKVLQAMKELDYRPNAAARSLARGKSLL
Anc925,MEKPSIFDVAKKSGLSVVTVSRVLNGSGNVREKNRLKVLSAMKELDYRPNAAARSLARGKSLL
Anc926,MEKVSIFDVAKKSGLSVVTVSRVLNGSPSVREKNRQKVLEAIKELDYRPNAAARSLASGKSLL
Anc928,MRKATIKDVARRAGVSVATVSRVLNNSPNVSEETRERVLKAIEELGYRPNAHARSLARGRSLL
Anc929,MPKATLKDVAREAGVSVATVSRVLNNSLELPEETRERIEEAIEELDYRPNAHARRLSRGRSLL
Anc930,MPKATLNDVAEEAGVSPTAVSRYLNNRIELPQATRDRIDAAIAKLDYRPNLLARRLSTGKSLL
Anc931,MRKATIKDVARRAGVSVATVSRVLNNSPPVSEETRERVLKAIEELGYVPNAHARSLARGRSLL
Anc933,MRKVTIKDVAKRAGVSVATVSRVLNNSPNVSEETRERVLEAVEELGYRPNAAARSLRRNRSLL
Anc934,MRKATIKDVAKLAGVSTATVSRVLRNPDNVSEETRERVLEAVEELGYRPNALARSLRRNESLL
Anc935,MRKATIKDVAKLAGVSTATVSRALQNPDKVSEETRKKVLEAVEELGYRPNALARSLRRNESLL
Anc936,MRKATMKDVAQLAGVSTATVSRALMNPEKVSASTRKKVEQAVMDVGYSPNSLARNLRRNESLL
Anc937,MCKATMKDVAEMAGVSTATVSRALMNPEKVSASTRQKVEQAVIDVGYSPHSLARNLKRNESLL
Anc938,MKKANIKEVAELAGVSTATVSRALKNPDKVSAETRKKVLEAVEKLGYRPNALARSFRRQESLL
Anc939,MRSAKIKDVAKLAGVSTATVSRVLRNPDNVKEETKEKVLEAIEELNYQPNVLARHLRRMESLL
Anc940,MRSAKIKDVAKLANVSTATVSRVLRNPDNVREETKEKVLEAIEELNYQPNVLARHLRRMESLL
Anc941,MRSVKISDVAKLANVSTATVSRVLSNPENVREETREKVLEAIEELNYQPNILARQLRRMESLL
Anc942,MKSVKIADVAKMANVSTATVSRVLSNPETVREETTEKVLEAIEELNYQPNILARQLRRMESLL
Anc943,MKSVKMSDVAKLANVSTATVSRVLSNPENVREETREKVLEAIEELNYQPNIIARQFRKMESLL
Anc944,MRKVTIKDVAKRAGVSVATVSRVLNNSPNVSEETRERVLEAVEELGYRPNAAARSLRRNRSLL
Anc945,MRKVTIKDVAKRAGVSVATVSRALNNSPNVSEETRERVLEAVEELGYRPNAAARSLRRNRSLL
Anc951,MRKVTIKDIAKKAGVSVSTVSRVLNNSPDVSEETREKILKIIEELGYRPNAVARGLVTKKSLL
Anc952,MRKVTIKDIAKKAGVSVSTVSRVLNNKPDVSEETREKILKIIEELGYRPNAVARGLVTKKSLL
Anc953,MRKVTIKDIAKKAGVSVSTVSRVLNNKPDVSEETREKILKIIEELGYVPNAVARGLVTKKSLL
Anc954,MRKVTIKDIAKLAGVSVTTVSRVINNKPGVSEETREKILKIIEELGYVPNAIARGLVTKKSLL
Anc955,MKKVTIKDIAKLAGVSVTTVSRVINNKPGVSEETREKILKIIEEHNYVPNSIARGLVTKKSLL
Anc956,MKKVTIKDIAKLAGVSVTTVSRVINNKPGVSEETREKILKIIEEHNYVPNSIARGLVTKKSLL
Anc957,MKKLTIKDIAKLAGVSVTTVSRVINNKPGVSEETREKILKIIEEYNYVPNSVARGLVTKKSLL
Anc958,MKKLTIKDIAKLAGVSVTTVSRVINNKPGVSEETREKVLKIIEEYNYVPNSVARNLVTKKSLL
Anc959,MKKLTIKDIAKMAGVGVSTVSRVINNHPDVKEETREKVLQIIEQYNYIPNNSARNLKRNTSLL
Anc960,MKRVTIKDIAKEANVSIATVSRVINNKEGVSKETREKILKIMKKHNYVPSSLARGMVTKKSLL
Anc961,MRKVTIKDIAKKAGVSVSTVSRVLNNKPDVSEKTREKILKIIEELGYRPNAVARGLVTKKSLL
Anc962,MRKVTIKDIAKRAGVSVSTVSRVLNNKPDVSEKTREKIQKIIEELGYRPNAIARGLVTKKSLL
Anc963,MRTVTIKDIAKRAGVSYSTVSRALNNRPEVSEKTRREIQKLAEEMGYRPNAIARGLVTRKSLL
Anc964,MRKVTIKDIAKKAGVSVTTVSRVLNNKPDVSEKTKEKILKIINELGYNPNGVARGLVLKKSLL
Anc965,MRKVTIKDIAKKAGVSVTTVSRVLNNKPDVSDKTKEKILKIINELGYNPNGVARGLVLKKSLL
Anc966,MKKVTIYDIAKKAGYSISTVSKVLNNSPDVSEKTKKKILEAIEELGYLPNSSARTLTTKKSLL
Anc967,MKKVTIYDIAKKTGYSITTVSKVLNNYSDVSEKTKKKILEAVEEMGYLPNSHARTLTTKKSLL
Anc968,MKKTTIYDIAKKTGYSITTVSKVLNNYSDVSEKTKKKILEAVDEMGYYPNSHARTLTTKKSLL
Anc969,MKKTTIYDIAKKTGFSITTVSKVLNNYSDVSEKTKKKILEAVDEMGYYPNSHARTLTTKKSLL
Anc970,MKKTTIYDIAKKTGFSITTVSRALNNYSDVSEKTKKKILEAVDEMGYYPNSIARTLTTKKSLL
Anc971,MKKTTIYDIAKKTGFSITTVSRALNNYSDVSEKTKKLILEAVDEMGYYPNSIARTLTTKKSLL
Anc972,MKKVTIYDIAKKTGYSVTTVSKVLNNYSDVSEKTKKKILEAVEEMGYLPNSHARTLTTKKSLL
Anc973,MKKVTIYDIAKKTGYSSTTVSKVLNNYSDVSEKTKKKILEAAEEMGYLPNSHARTLTTKKSLL
Anc974,MKKVTIYDVAKKTGFSSTTVSKALNNYSDVSEKTKKKILEAAAEMGYLPNSHAQSLSTKKSLL
Anc975,MKKVTIYDVAKKTGFSSTTVSKALNNYSDVSEKTKQKILEAAAEMGYLPNSHAQSLSTKKSLL
Anc976,MKKVTIYDVAKKTGVSSTTVSKALNNYSDVSEKTKQKILEAAAEMGYLPNSHAQSLSTKKSLL
Anc977,MKKVTIYDIAKKTGYSVTTVSKVLNNYSDVSEKTKKAILEAVEEMGYLPNSHARTLTTKKSLL
Anc978,MKKATIYDIAKKAGYSISTVSKVLNNSPNVSDKAKKKVLEAIEQLGYLPNSSARTLATKKSLL
Anc979,MRKVTIKDVAKRAGVSVSTVSRVINNSPHVSEETREKVLKAIEELGYRPNAVARSLVTKKSLL
Anc980,MRKVTIKDVAKQAGVSVSTVSRVINNSPHVSEETREKVLKAIEELGYRPNAVARSLATKKSLL
Anc981,MRKVTIKDVAKQAGVSVATVSRVINNSPHVSEETREKVLKAIEELGYRPNAVARSLATKKSLL
Anc982,MKKVTISDVAKRSGLSKSTVSRVINNHPYVSEEKRELVLKAMDELGYTPNPSARRLRGQLSLL
Anc983,MRKVTIKDVAKKAGVSISTVSRVLNNSGHVSEETREKVLKAIEELNYQPNMVASALTKKRSLL
Anc984,MRKVTIYDVAKKAGVSISTVSRVLNNTGRISEKTRKKVLRVMEELNYQPNVVASALTGKRSLL
Anc985,MRKVTIYDVAKEAGVSISTVSRVINNTGRISEKTRKKVLRVMEELNYQPNVVASALTGKRSLL
Anc986,MRKVTIYDVAKEAGVSIATVSKVINNTGRISEKTRKKVLRIMEELNYQPNVVASALTGKRSLL
Anc987,MRKATIYDVAKEAGVSIATVSKVINNTGRISEETRKKVLRIMEELNYQPSVVASALTGKRSLL
Anc988,MRKATIYDVAKEAGVSIATVSKVINQTGRISEETRKKVLRIMEELNYQPSVVASALTGKRSLL
Anc989,MKKATIYDVAREAGVSIATVSKVINGKGKISEERRKEILEIMERLNYQPSVIASALTGKRSLL
Anc990,MKKATIYDVAREAGVSIATVSQVINGKGKISEERRTEILKIMERLNYQPSVIASALTGKRSLL
Anc991,MKKATIYDVAREAGVSIATVSKVINGKGKISEERRKEILEIMERLNYQPSVIASALTGKRSLL
Anc992,MKKVTIYDVAKEANVSIATVSKVINNTGRISEKTRQKVHRIMEELNYQPNILASALTGKQSLL
Anc997,MRMATIHDVAKLAGVSPSTVSRILNGTAKVSEEKRQAVEQAIEELGYRPNVMAQSLKSNRSLL
Anc998,MRMATIHDVARLAGVSPSTVSRILNGTAKVSEDKRQAVEQAIEELNFRPNVMAQSLKSGRSLL
Anc999,MRIATLHDVARLAGVSPSTVSRILNGTAKVSDDKRQAVEQAIEQLNFKPNVMAQSLKSGRSLL
Anc1000,MRIVTLHDVARLAGVSPSTVSRILNGTAKVSPDKRQAVEQAIEQLNFKPNVMARSLKSGRSLL
Anc1001,MRIVTLEDVARLAGVSPSTVSRILNGTAKVSPDKRQAVEQAIEQLNFRPNVLARGLASGRSLL
Anc1002,MRIVTLEDVARAAGVSPSTVSRILNGTAKVSPDKRQAVEQAIAQLNYRPNVLARGLASGRSLL
Anc1003,MRIVTLEDVARAAGVSPSTVSRILNGTAKVSPDKRQAVEQAIAQLNYQPNVLARGLASGRSLL
Anc1004,MTIVTLEDVARAAGVSPSTVSRILNGTANVSPDKREAVEQAIAQLNYQPNVLARGLASGRSLL
Anc1005,MTIVTLEDVARAAGVSVSTVSRILNGTANVSPDKREAVEQAIAQLNYQPNVLARGLASGRSLL
Anc1006,MTIVTLEEVARAAGVSVSTVSRILNGTANVSPDKREAVEQAVAQLNYQPNVLARGLASGRSLL
Anc1007,MTIVTLEQVARAAGVSVSTVSRILNGTANVSPDKREAVEQAVAQLNYQPNVLARGLASGRSLL
Anc1008,MTIVTLEDVARAAGVSVSTVSRVLNGTANVSPDKREAVMQAAAQLGYQPNVLARGLASGRSLL
Anc1009,MNIVTIKDIARAAGVSVSTVSRVLNGTATVSPDKREAVLEAAAQLGYQPNVLARGLASGRSLL
Anc1010,MTIITLEDVARAAGVSVSTASRVLSGTANVSPEKREAVMRAAEQLGYQPNAIARGLASGRSLL
Anc1011,MKIVTLEQVAELAGVSPSTVSRILNGTAKVSPTKRQAVEAAIAQLGFRPNPVARGLAGGRSLL
Anc1012,MRIVTLHDVARLAGVSPSTVSRILNGTARVAPDKRQAVEQAIERLNFKPNLFARSLKTGTSLL
Anc1013,MRIVTLLDVARAAGVSPSTVSRILNGTARVAPDKRQAVETAISRLNFKPNLFARSLKTGTSLL
Anc1014,MRIATLHDVARLAGVSPSTVSRILNGTAKVSDDKRQAVEQAIEQLNFKPNVMAQSLKSGRSLL
Anc1015,MRIATLTDVARQAGVSPSTVSRILNGTAKVSDDKRQAVQAAIEQLNFAPNQMAQSLKHGRSLL
Anc1016,MKMATIYDVAKLAGVSPSTVSRFLNRTSYVSEDKSQAIEKAIEELGYKPNAQAQQSKSRRSLL
Anc1017,MKMATVYDVAKLAGVSPSTVSRFLNRTSHVSDSKSQRIEKAIKELGYKPNFQMQQSKNRRSLL
Anc1022,MRMATIKDVSELAGVSQATVSRVINGTSKVSEKTREKVEKAIEELGYKPNAFAQALASNRSLL
Anc1023,MRMATIKDVSELAGVSQATVSRVINGTSRVSHDKKLKVEKAIKELGYKPNAFAQALASSRSLL
Anc1024,MRMATIKDVSELAGVSQATVSRVINGTSRVSHDKKLKVEKAIKELGYKPNSIAQALASSRSLL
Anc1025,MRMITIKEVSELAKVSQATVSRVINGHSSVKEKNRQKVKKAIEELGYKPNAFAQALASNRSLL
Anc1026,MRMITIKEVSELAKVSQATVSRVINGHSSVKEKNRQKVYEAIEELGYKPNAFAQALASNRSLL
Anc1027,MRMITIKEVSELAKVSQATVSRVLNGHSSVKEKNRQKVYEAIEELGYKPNAFAQALASNRSLL
Anc1028,MRMITIKEVAELAKVSQATVSRTLNGHSSVKEKNRQKVYEAIEELGYKPNAFAQALASNRSLL
Anc1029,MRMITIKEVAELAKVSQATVSRTLNGHSSVKEKNRQKVFDAIEELGYQPNAFAQALASNRSLL
Anc1030,MRMATIKQVSELAGVSLATVSRVINGTAKVSEKTREKVLDAMEELGYRPNAIAQSLASNRSLL
Anc1031,MRMATIYQVSELAGVSLATVSRVMNGNAKVSEKTREKVLDAMEELGYRPNAIAQSLASNRSLL
Anc1032,MRMATIYQVSELAGVSLATVSRVMNGNAKVSEKTKEKVLDAMEELGYRPNAIAQSLASNRSLL
Anc1033,MRMATIYQVSELAGVSLATVSRVMNGNAKVSEKTKEKVLDAMEELGYRPNAIAQSLASNRSLL
Anc1034,MRMATIYQVSEAAGVSLATVSRVMNGNAKVSEKTKEKVLDAMEELGYKPNAIAQSLASNRSLL
Anc1035,MRMATIYEVSKAAGVSLATVSRVMNGNAKVSEKTKEKVLDAMDELGYKPNAIAQSLASNRSLL
Anc1036,MRMATIYQVSELAGVSLATVSRVMNGNTKVSEKTREKVLDAMEELGYRPNAIAQSLASNRSLL
Anc1037,MRMATIYQVSELAGVSLATVSRVMNGNTKVSDKTREKVLDAMQELGYRPNAIAQSLASNRSLL
Anc1038,MRMATIYQVSELAGVSLATVSRVMNGNTKVSDKTRKKVLDAMQELGYRPNAIAQSLASNRSLL
Anc1039,MRMATIYQVSELAGVSLATVSRVMNGNTRVSDKTRKKVLDAMQELGYRPNMIAQSLASNRSLL
Anc1040,MRMATIYQVSELAGVSLATVSRVMNNNTKVSEKTRKKVLDAMEELGYRPNSIAQSLASNRSLL
Anc1041,MRMATIYQVSELAGVSLATVSRVMNNNTKVSEKTRKKVLDAMEELGYRPNSIAQSLASNRSLL
Anc1042,MRMATIYEVSELAGVSLATVSRVMNNNTKVSEKTRKKVLDAMEELGYRPNSIAQSLASNRSLL
Anc1043,MRMATIYDVSVLAGVSLATVSRVMNNNTKVSEKTRKKVLDAMEELGYRPNSIAQSLASNRSLL
Anc1044,MRMATIYDVSVLAGVSLATVSRVMNNNTKVSEKTRKKVLDAMEQLGYRPNSIAQSLASNRSLL
Anc1045,MRMATIYDVSVLAGVSLATVSRVMNNNTKVSEKTKKKVLDAMEQLGYRPNSIAQSLASNRSLL
Anc1046,MRMATIYDVSVLAGVSLATVSRVMNKNTNVSEKTKKKVLDAMEQLGYRPNSIAQSLASNRSLL
Anc1047,MRMATIYQVSELAGVSLATVSRVMNNNTKVSESTRKKVLAAMEELGYRPNSIAQSLASNRSLL
Anc1048,MRMATIYEVSKLAGVSLATVSRVMNNNTPVRESTRKKVLAAMEELGYRPNSIAQSLASNRSLL
Anc1049,MRMATIYEVSKLAGVSLATVSRVMNNNTPVRESTRKKVLAAMEELGYRPNSIAQSLASNRSLL
Anc1050,MRMATIYQVSELAGVSLATVSRVMNNNTKVSEKTRKKVLDAMEELGYRPNSIAQSLASNRSLL
Anc1051,MRMATIYDVSVLAGVSLATVSRVMNKNTKVSEKTRKKVLDAMEELGYRPNSIAQSLASNRSLL
Anc1052,MRMATIYQVSELAGVSLATVSRVMNNNTRVSEKTRKKVLEAMEELNYRPNSIAQSLASNRSLL
Anc1053,MRMATIYQVSELAGVSLATVSRVMNNNTRVSEKTRKKVLEAMEELNYRPNSIAQSLASNRSLL
Anc1054,MRMVTIKQVSELAGVSSATVSRVINNTGTVKEKTREQVLDAMEELGYRHNVIAASLASNKSLL
Anc1055,MRMATIKDVAKLAGVSVATVSRVINNTAKVSPETRERVEKAMEELGYRPNAFARALVSQRSLL
Anc1056,MRMATIKDVAKLAGVSVATVSRVINNSAKVSPATRERVEKAMEELGYRPNANARALVSQSSLL
Anc1057,MRVATIKDVAKLAGVSTATVSRVINNSAKVSPATRERVEKAMEELGYRPNANARALVSQSSLL
Anc1058,MRVATIKDVAQLAGVSTATVSRVINNSAYVEPATRERVEKAMRELNYRRNAAATALASRSSLL
Anc1059,MRVATIKDVAQLAGVSTATVSRVINNSAYVEPATRERVEKAMRELNYRRNAAATALAKRSSLL
Anc1060,MDVATIKDVAQLAGVSTATVSRVINNTAYVEPATRERVEKAMRELNYRRNAAATALAKRSSLL
Anc1061,MHVATMKEVAHLAGVSTATVSRVINNTTYVEPGTRERVEKAMRELNYRRNLAATALAKRSSLL
Anc1062,MRVATIKDVAKAAGVSTATVSRVINKSTNVLPATVQKVEEAMAQLGYQIKDNRRLTINQASLL
Anc1063,MRMATIKDVAKLAGVSVATVSRVINNSPKVSEATRERVQKAMEELGYRPNANARALVSQSSLL
Anc1064,MRMATIKDVAKLAGVSVATVSRVINNSPKVSEATREAVQKAMEELGYRPNANARALVSQSSLL
Anc1065,MRMATIKDVAKLAGVSVATVSRVINNSPKASEASREAVQKAMEELGYRPNANARALVSQSSLL
Anc1066,MRMATIKDVAKLAGVSVATVSRVINNSPKASEASVEAVQKAMKELGYRPNANARALVSQSSLL
Anc1067,MRMATIKDVAKEAGVSVATVSRVINNSPKASQASVEAVTKAMKKLGYRPNANARALVSQSSLL
Anc1068,MRMATIKDVAKEAGVSVATVSRVINKSPKASQASIESVTKAMKKLGYRPNANARALVSQSSLL
Anc1069,MPMATIKDVAKEAGVSVATVSRVINKSPKASQAAIESVTQAMKKLGYRPNANARALVSQSSLL
Anc1070,MPMATIKDVAKEAGVSVATVSRVINKSPKASQAAIESVTQAMKKLGYRPNANARALVSQSSLL
Anc1071,MPMATIKDVAKEAGVSVATVSRVINKSPKASEAAIKAVTQAMKKLGYRPNANARALVSQSSLL
Anc1072,MPMATIKDVAKEAGVSVATVSRVINKSPKTSEAAIKAVTQAMKKLGYRPNANARALVSKSSLL
Anc1073,MPAANIRDVAKEANVSVATVSRVINKLPHTSETAIKAVNEAMKKLGYRPNANARALASKSSLL
Anc1074,MPMATIKDVAKEAGVSVATVSRVINKSPKASKAAIESVTSAMKKLGYRPNANARALVSKSSLL
Anc1075,MPAATIKDVAKEAGVSVATVSRVVNKSPKASKAAIESVSSAMKKLGYRPNANARALVSKSSLL
Anc1076,MRMATIKDVAKEAGVSVATVSRVINKSPKASQASIESVTKAMKKLGYRPNAAARALVSQSSLL
Anc1077,MRMATIKDVAKEAGVSVATVSRVINKSPKASQASIESVTKAMKKLGYRPNAAARALVSQSSLL
Anc1078,MRMATIKDVAKEAGVSVATVSRVINKSPKASQASIESVTKAMKKLGYRPNAAARALVSQSSLL
Anc1079,MRMATIKDVAKEAGVSVATVSRVINKSPKASQASIESVTKAMKKLGYRPNAAARALVSQSSLL
Anc1080,MRMATIKDVAKEAGVSVATVSRVINKSPKASQASIESVTKAMKKLGYRPNAAARALVSQSSLL
Anc1081,MRMATIKDVAKEAGVSVATVSRVINNSPKASQASVEAVTKAMKKLGYRPNANARALVSQSSLL
Anc1082,MRKATIKDVAKLAGVSVATVSRVINNSPKVSEATREAVQKAMEELGYRPNANARALASQSSLL
Anc1083,MRKATIRDVARLAGVSVATVSRVINNSPSVSEATRTAVQKAMEELGYRPNANAQALASQSSLL
Anc1084,MRAITIRDVARLAGVSVATVSRVLNNSAAVSPATRTAVLKAVEELGYRPNANAQALASQSSLL
Anc1085,MRAITIRDVARLAGVSVATVSRVLNNSAAVSPATRTRVLKAVEQLGYRPNANAQALANQSSLL
Anc1086,MRKATIKDVAKLAGVSVATVSRVINNSPKVSEATREAVQKAMEELGYRPNANARALASQSSLL
Anc1087,MRKATIKDVARLAGVSVATVSRVINNSPKVSEATRVAVQKAMEQLNYHPNANARALAQQSSLL
Anc1088,MRKATIKDVARLAGVSVATVSRVINHSPKASEASRVAVAKAMEQLNYHPNANARALAQQSSLL
Anc1089,MRAATIKDVAKHAGVSVATVSRVLNGSPKVSEATREAVQKAMEELGYRPNANARTLASKSSLL
Anc1090,MRMATIKDIARAAGVSVATVSRVINNGPKVGEKTRERVKKIMEELGYRPNANARALVTQKSLL
Anc1091,MRMATIKDIARAAGVSVATVSRVINNGPKVGDKTRERVKKIMEELGYRPNANARALVTQKSLL
Anc1092,MRMATIKDIAKAAGVSPATVSRVINNGPKVGDKTRERVKKIMDEMGYRPNANARALVTQKSLL
Anc1093,MRMATIKDIAKAAGVSPATVSRVINNGPKVGDKTRERVKKIMDEMGYRPNANARALVTQKSLL
Anc1094,MRMATIKDIANAAGVSLATVSRVINNGPKVGDATRERVKKIMDEMGYRPNANARALVTQRSLL
Anc1095,MRMVTIKDIARVAGVSVATVSRVINNGGKVGDKCRERVKKIIEELGYRPNANARALVSQKSLL
Anc1096,MRVVTIKDVARVAGVSIATVSRVIHNGGKVGDQCRARVKKIIEELGYRPNSNARALVSRSSLL
Anc1097,MRVVTIKDVARVAGVSIATVSRVIHNGGKVGEQCRARVKKVIEELGYRPNSNARALVSRSSLL
Anc1098,MRMSTIKDIARAAGVSVATVSRVVNNGPKVGEKTKEKVQKIMAELGYRPNANARALVTQKSLL
Anc1099,MRMSTIKDIARAAGVSVATVSRVVNNGPKVGEKTKEKVQKIMAELGYRPNANARALVTQKSLL
Anc1101,MRMATIKDVAELAGVSRATVSRVINGTGKVKEETREKVEQAMAELGYRPNPLARSLATSSSLL
Anc1102,MGMVTLEDVAAYAGVSRATVSRVVNGDSKVKAATREKVEQAIAELGYSPNPAARALASSQSLL
Anc1103,MGMVTLEDVAAYAGVSRATVSRVVNGDSKVKAATREKVEQAIAELGYSPNPAARALASSQSLL
Anc1104,MGMVTLEDVAAHAGVSRATVSRVVNGDSKVKSQTRAKVEAAIAELGYSPNPAARALASSQSLL
Anc1105,MGMVTLEDVAAYAGVSRATVSRVVNGDSKVKAATREKVEQAIAELGYSPNPAARALASSQSLL
Anc1106,MGMVTLEDVAAHAGVSRATVSRVVNGDSNVKAATREKVEQAIAELGYSPNPAARALASSQSLL
Anc1107,MGMATIKDVAELAGVSRATVSRVINGTGKVKEETREKVEQAMAELNYRPNPLARSLATSSSLL
Anc1108,MGMATIKDVAELAGVSRATVSRVLNGTGQVKEATRDRVHAAMKELNYRPNPLARSLATSSSLL
Anc1109,MGMARIKDVAELAGVNRSTVSRIINGEGKFKEETRRKVEQAMAELNYRPSAIARSLATSSSLL
Anc1110,MGMARIKDVAELAGVNRSTVSRIINGEGKFREETRRKVEQAMAELNYRPSAIARSLATASSLL
Anc1111,MGMASIKDVAALAGVHRSTVSRIINGEGTFRADTRRKVEQAMAELNYRPSAIARSLATASSLL
Anc1112,MGMARIKDVAELAGVNRSTVSRIINGEGKFKEETRRKVEQAMAELNYRPSAIARSLATSSSLL
Anc1113,MLMATINDVAKLAGVSKATVSRVLNGTGQVKEETRERVFQAMEELGYRPNALARSLATNKSLL
Anc1114,MLMATMLDVAKRAGVSKATVSRVLNGTGQVKESTRDRVFQAMEELGYRPNLLARSLATNKSLL
Anc1115,MIMATMLDVAKKAGVSKATVSRVLSGNGYVSEETRDRVFQAIEETGYRPNLLARNLATNKSLL
Anc1116,MIMATMLDVAKKAGVSKATVSRVLSGNGYVSETTRDRVFQAIEETGYRPNLLARNLATNKSLL
Anc1117,MIMATMLEVAKKAGVSKATVSRVLSGNGYVSQATRDRVFQAIEETGYRPNLLARNLATNKSLL
Anc1118,MIMATMLEVAKKAGVSKATVSRVLSGNGYVSQATRDRVFQAIEETGYRPNLLARNLATKKSLL
Anc1119,MIMATMLDVAKKAGVSKATVSRVLSGNGYVSKTTRDRVFQAIEEIGYRPNLLARNLATSKSLL
Anc1120,MLMVTILDVARKAGVSKATVSRALSGKVFVSEEVKARIFQAIEETGYRPNLLARNLATNKSLL
Anc1121,MLMVTMLDVAKRAGVSKATVSRVLNGTGQVKQSTRDAVFKAMEELGYRPNLLARSLANRRSLL
Anc1122,MLMVTMLDVAKRAGVSKATVSRVLNGTGQVKQSTRDAVFRAMEELGYRPNLLARSLANRTSLL
Anc1123,MLMATINDVCKLAGVSKATVSRVLNGTGQVKEETREAVFQAMETLGYKPNALARALATNKSLL
Anc1124,MLMATINDVCKLAGVSKATVSRVLNGTGQVKEETREAVFEAMETLGYKPNALAQALATNTSLL
Anc1125,MLMATINDVCKAAGVSKATVSRVLNGTGQVKEQTREAVLEAMQTLGYQPNALAQALATNTSLL
Anc1126,MLMATINDVCKAAGVSKATVSRVLNGSGQVKEQTRQAVLEAMKSLGYQPNALAQALATNTSLL
Anc1127,MLMATINDVCKAAGVSKATVSRVINGSGQVKEQTRQRVLETMKSLGYQPNVLAQALATNTSLL
Anc1128,MLMATINDVCKAAGVSKATVSRVLNGTGQVKAQTREAVLAAMQTLGYQPNALAQALATNTSLL
Anc1129,MLMATINDVCKLAGVSKATVSRVLNGTGQVKAQTREAVLAAMQQLGYQPNSLAQALATNTSLL
Anc1130,MRMATIKDVAKLAGVSVSTVSYVLNNSSKVSEETRERVLKAIEELNYRPNAFARSLKKNRSLL
Anc1131,MRMATIKDVAKLAGVSISTVSYVLNNSGKISEETRQKVLRAIEELNYVPNTFARSLKKQKSLL
Anc1132,MRMATIKDVAKLAGVAVSTASYALNNSSKVSAETKSRVLKAARELNYRKNGFASDLKKDRSLL
Anc1133,MRKATIKDVAKRAGVSVSTVSRVINNSPFVSEETRERVLKAIEELGYRPNAVARSLKRNRSLL
Anc1134,MRKATIKDVAKRAGVSVTTVSHVINNTRFVSEETRERVLKAIEELGYRPNAVARSLKRNQSLL
Anc1135,MRKATIKDVAKRAGVSVTTVSHVINNTRFVSEETRERVLAAIEELGYVPSAVARSLKSNQSLL
Anc1136,MRKATIKDVARRAGVSVTTVSHVINNTRFVSEETRERVEAAIRELGYVPSAVARSLKSNSSLL
Anc1137,MRKATIKDVAARAGVSFTTVSHVINNTRPVSAETRKRVEAAIRELNYVPSAVARSLKARSSLL
Anc1138,MRKATIKDVAARAGVSYTTVSHVINNTRPVSAETRRKVEAAIRELDYVPSAVARSLKARSSLL
Anc1139,MRKATIKDVAARAGVSYTTVSHVINNTRPVSAETRAKVEAAIRELDYVPSAVARSLKARSSLL
Anc1140,MRKATIKDVAARAGISYTTVSHVINNTRPVSAETRRKVEAAIAELDYVPSAVARSLKARSSLL
Anc1141,MRKATIKDVAARAGISYTTVSHVVNNTRPVSAEVRRKVEAAIAELDYVPSAVARSLKARSSLL
Anc1142,MRKATIKDVAARAGISYTTVSHVVNNTRPVSEEVRRKVEAAIAELDYVPSAVARSLKARSSLL
Anc1143,MRKATIKDVARRAGVSVTTVSHVINDTRFVSEETRERVEAAIRELGYVPSAVARSLKSNSSLL
Anc1144,MRKATIKDVARRAGVSVTTVSHVVNDTRFVSEKSRERVETAIRELGYVPSAVARSLKSNSSLL
Anc1145,MLKATIKDVARRAGVSTTTVSHVINKTRFVSEETRERVMSAIEELNYAPSAVARSLKVNQSLL
Anc1146,MLKATIKDVARRAGVSTTTVSHVINKTRFVAEETRERVMSAIKELNYAPSAVARSLKVNQSLL
Anc1147,MIKATIKDVARMAGVSTTTVSHVINKTRFVAEETRERVLAAIKELNYAPSAVARSLKVNTSLL
Anc1148,MIKATIKDVAKMAGVSTTTVSHVINKTRFVAEETKEAVWAAIKELNYSPSAVARSLKVNTSLL
Anc1149,MIKATIKDVAKMAGVSTTTVSHVINKTRFVAKETKEAVWNAIKTLNYSPSAVARSLKVNTSLL
Anc1150,MLKATIKDVARLAGVSTSTVSHVINKTRFVSEEIRERVMSAVEELNYAPSALARSLKVNQSLL
Anc1151,MLKATIKDVARLAGVSTSTVSHVINKTRFVSEEISERVMSAVEELNYAPSALARSLKVNQSLL
Anc1152,MLKATIKDVARLAGVSTSTVSHVINKTRFVSEEIRERVMSAVEELNYAPSALARSLKVNQSLL
Anc1153,MLKATMKDVARLAGVSTSTVSHVINNTRFVSEEIRERVMSAVAELNYAPSALARSLKVNQSLL
Anc1154,MLKATMKDVARLAGVSTSTVSHVINNTRFVSEEIRERVMSAVAELNYAPSALARSLKINQSLL
Anc1155,MLKATMKDVARLAGVSTSTVSHVINNNRFVSEGVREKVNSAIAELNYAPSALARSLKINQSLL
Anc1156,MLKATMKDVARLAGVSTSTVSHVINNNRFVSESVREKVNSAIAELNYAPSALARSLKINQSLL
Anc1157,MLKATMKDVARLAGVSTSTVSHVINNNRFVSESVREKVNSAIAELNYAPSALARSLKANQSLL
Anc1158,MLKATMKDVARLAGVSTSTVSHVINNNRFVSEGVREKVNSAIAELNYAPSALARSLKINQSLL
Anc1159,MLKATMKDIARLAQVSTSTVSHVINNTRFVSEEIRERVMSVVKELNYTPSALARSLKVKQSLL
Anc886,MKPVTLYDVAEYAGVSYQTVSRVVNQASHVSAKTREKVEAAMAELNYIPNRVAQQLAGKQSLL
A0A1V3IX86,MATMKDIARLAKVSTSTVSHVINGSRFVSEEIREKVMSVVAELNYTPSAVARSLKVKESLL
A0A0F5EQY1,MATMKDIARIAQVSTSTVSHVINNTGYVSEAMRERIMKVVKELNYRPSALARSLKIKQSLL
A0A077MSU0,MATMKDVARLAGVSTSTVSYVINDNRYVSERVKKKVNAAIDELNYAPSALARSLKIKQSLL
C4LAK1,MATMKDVARLAGVSTSTVSHVVNNTRFVSDEIRERILKAVAELNYSPSALARSLKLNQSLL
A0A1K3L4M6,MLRATMKDVARLAGVSTSTVSHVINNNRFVSDGVRKKVNDAIAELNYAPSALARSLKMNRSLL
A0A0G3CW57,MATMKDVARLAGVSTSTVSHVINNNRFVSQPVRDKILSAVAELNYSPSAVARSLKAKESLL
A0A242NIW0,MATMKDVANLAKVSTSTVSHVINNDRYVSPTVREKVELAINQLNYTPCAIARSLKSNKSLL
A0A1B3JJR0,MIFATIKDVAKMAGVSTTTVSHVINKTRFVAKETKEAVQHAIKTLKYSPSAVARSLKVNTSLL
A0A0J5P2M5,MATIKDVAKLAGVSTTTVSHVINQTRFVSQETTKAVWNAVTALNYSPSAVARSLKINTSLL
U4EBX8,MATMKDIARLAGVSTSTVSHVINKTRFVSEEISERVNNAAKELNYYAPSAIARSLKLNRSLL
V9ZZE6,MANIKEVAARAGVSTTTVSHVINETRFVAEETRERVFSAMRDLNYAPSLVARSLKVKESLL
A0A1B8HQH7,MATIKDVAKRSGVSTTTVSHVINNTRFVAEETKAAVWAAIKELHYSPSAVARSLKVNNSLL
A0A066RR29,MATIKDVARMAGVSTTTVSHVINKTRFVAEATQKKVLAAVEELNYAPSAVARSLKCNTSLL
A0A0J1HGF6,MATIKDVAKYAGVSTSTVSHVLNKTRFVSEDISVRVMAAVEELNYAPSALARSLKVNHSLL
A0A059IAA2,MCSSTMKDVARLAGVSTSTVSHVINNNRFVSEGVREKVEQAIRHLNYAPSALARSLKINQSLL
A0A1W1UHL0,MSTVTLAQVARAAGVSASTVSRILNGTAKVSAEKREAVERTLAQLNYQPNVLARSLASGKSLL
A0A0Q7ASG2,MDKVTLEQVAELAGVSPSTVSRILNGTAAVSEAKKDAVQAAIRDLGFRPNPVARGLAGGKSLL
A0A0N0JCM4,MKRTTLHDVARLAGVSPSTVSRILNGTARVAADKRQAVEQAIERLRFKPNLSARSLRNGSSLL
A0A1M7RR64,MATIKDVAKRAGVSISTVSYVLNNTGKISEETRQKVLRAIEELNYVPNKFAKHLKKQQSLL
M5TBB3,MNDITIKDIAERANVSKSTVSRVLNDLAIVNPKTRETVLEAVESLGYQANVFARGLASGRSLL
S9PAM8,MRGVTLEDVARRAGVSPSTVSRILNGTARVRESKRRAVERAIAELQYQPNVIARGLARGHSLL
L0A0F6,MATVTLEQVALASGVSVSTVSRILNGSANVSPNKRAAVEQAVAQLDYKPNVLARGLARGRSLL
A0A1H6YBA6,MPPLTLEDVAKVAGVSVSTASRVLSGTANVRPAKRDAVMRAAEQLGYRPNAIARGLASGRSLL
A0A221SZ12,MPSITLEDVARAAGVSLSTASRVLSGTAKVSAERHAAVMRAATELGYQPNAIARSLASGRSLL
C1D2X2,MRNVTIKDIARAADVSISTVSRTLNGSSTVAPDKQQRVLEAAARLGYEPNAAAQGLVRGRSLL
A0A1H4GSL5,MQGVTLEEIARAAGVSPSTVSRILNGTARVMPAKQRAVEQAIARFNYRPNVLARSLASGKSLL
A0A1W1UCG5,MRSVTINEVAREAGVSISTVSRAMNGTAFVAEDKRRAVEAALERLGFQPNHLARTLTSGRSLL
A0A1F8VUX3,MSPVTLIDVARAAGVSASTVSRILNGTAKVAPEKREAVEAAIRRLNFKPNLFARSLKTGISLL
A0A1M5QGZ9,MSTLIDVARQAGVSPSTVSRILNGTAKVSDDKRQAVLAAIEQMNFAPNQMAQALKKGRSLL
A0A1U7P1P7,MVTVTLMHVAREAGVSPSTVSRILNGTANVTPDKRERVEAVIQRLNFTPNVQAQALANGRSLL
A0A0Q7WB73,MRNATLTDVARRAGVSPSTVSRILNGTAKVADDKRQAVQAAISELNFAPNQMAQSLKHGRSLL
A0A1M7Q1L8,MRVVTLQMVADLAGVSSSTVSRILNGSAKVSPTKQQAVDAAIATLGFMPNPVARGLAGGRSLL
A0A085EQI2,MCMATVHEVARVAGVSAATVSRLLNGTAKVSDDKRQAIEQAIERLNYKPNVLAQNLKTGSSLL
A0A1M7N8F1,MTVVTLLDVAREAGVSPSTVSRILNGTARVTSDKRQAVETAISKLDFKPNLFARSLKTGTSLL
A0A0B5IGS7,MVITTVYDIARVAGVSASTVSRILTGSAKVAEEKRIAVEQAIKELDFRPNLMAQSLKSGQSLL
U4E003,MESATVYDVAKRAGVSVSTVSRFLNRSSYVSESKSLRIEEALKSTGYKPNFQINLGENRRSLL
A0A1H5SEP9,MKKTTIYDVAKLASVSPSTVSRYLNRTSFIAKDKVDAIERAIFELGFKPKERKAQPKTKRSLL
A0A1H1LAX5,MAGPSITDVAQVAGVSYQTVSRVITGSPSVSSATRARVLEAIAEVGYRRNKAATALVTNRSLL
A0JW80,MGTPTINDVAQIAGVSFGTVSRVLNNAPDVSASTRERVLQIVKDIGYRRNRAATALVTSRSLL
A0A193KA50,MATIKDVSELAGVSQATVSRVVNGTTRVSHTKKLKVEKAIRELGYKLSAFGRTPSNTRSLL
E8LUB2,MATIKDVSEYAGVSKATVSRVINGTSRVSPDKKSKVEQAIEVLGYRPNTIAQALASSKSLL
A0A090T7F3,MRIATIKDVSELAGVSQATVSRVINGTSRVSHDKKLKVEKAIKELAYKPNSIAQALAFSRSLL
A0A1X0WDM9,MSCATMKDVAEMAGVSTATVSRALMNPEKVSASTRQRVEQAVIAVGYSPHSLSRNLKRNESLL
W3YGY5,MKKATMKDVANAAGVSTATVSRTLMNPEKVSLQTRQKVEQAVLDVGYYPHNLARSYKRNESLL
A0A1C3EGN1,MATMKDVAQLAGVSTATVSRALMNPEKVSASTRKKVEQAVMDAGYSPNSLARNLRRNESLL
C6DD30,MKPITLNDVAEYAGVSYQTVSRVLNQAPHVSSRTRTKVEEAMAALNYTPNRVAQQLAGKTSLL
A0A127L6S5,MGSITLYDVASLAGVSYQTVSRVINDAAHVSARTREKVLAAMAELHYVPNRGAQQLAGKRSLL
E0SHJ3,MKPVTLNDVAAYAGVSYQTVSRVLNQAPHVSDRTREKVEQAMAALHYIPNRVAQQLARRSSLL
A0A087KYI5,MSVTLNDVADYAGVSYQTVSRVLNRAEHVSGKTRAKVEQAMAALNYVPNRVAQQLAGKQSSLL
I0QQ91,MKPVTLEDVARHAGVSYQTVSRVLNQAAQVAEKTRIRVEAAMNELNYVPNRMAQQLAGKQSLL
A0A0E1CSG8,MTSVTLYDVAEYAGVSYQTVSRVVNQASHVSAKTREKVEAAMAQLNYIPNRVAQQLAGKQSLL
A0A0G4JQF3,MKSITLYDVAEHAGVSYQTVSRVINQASHVSEKTRLKVESAMAALNYVPNRVAQQLAGKLSLL
A0A0A8VEL0,MIIVTIDDVARYAGVSYQTVSRVLNCSPKVSEKTRTKIEKAIAALHYVPNRVAQQLAGKSSLL
A0A0J8VTB2,MKAITLYDVARHAGVSYQTVSRVINQAEHVSTRTREKVEQAMAQLHYVPNRVAQQLAGKPSLL
G8LIM0,MVATLEDVARHAGVSYQTVSRVLNKSANVSEATRHKVEKSIELLRYVPNRLAQQLVGKQSLL
K9DEA6,MSNPTISDVADRAGVSIRTVSRVLNNSPRVSDDTRERIEQAIAALNFRPSLRARALAKGRSLL
A0A246BHK8,MRTVTLADVAALAGVSQQTVSRVVNNLPNVSARTRTRVTQAAAQLDYVPNRLATSLARQRSLL
A7NGP9,MRRSTIREVASRAGVSYQTVSRVINNSPDVADATREHVLRVIAELDYHPNAQAVSLSRNRSLL
A0A1W1UL06,MTRATLEDVARLAGVSHITVSRVVNNYAHISLKTREKVEAAIRELGYVPNRLAQGLARHRSLL
A0A1H2FH35,MTNVSLADVARHAGVSANTVSRVVRGDPEVADSTRANITALLHEMGYRPNYAARALAGKRSLL
D8MUA6,MRSVTLDDVAAAAGVSYQTVSRVLNHSASVAEKTRLKVEAAMVALNYVPNRVAQQLAGKHSLL
A0A0J8YPA1,MRSVTLEDVARAAGVSYQTVSRVLNHSQQVSGKTRQRVEAAMQALNYVPNRVAQQLAGKNSLL
A0A0U5L282,MRSVTLDDVARAAGVSYQTVSRVLNRSQQVAPDTRQRVEAAMRQLNYVPNRVAQQLAGKTSLL
A0A0F3M1C7,MRSVTLDDVAALAGVSYQTVSRVLNHSVQVSPRTRAKVEAAMQQLNYVPNRVAQQLAGKASLL
A0A0U1HS86,MKSATLDDVALQAGVSYQTVSRVLNHAPHVSPKTRNKVELAMAELNYVPNRVAQQLAGKHSLL
A0A193KAD4,MIFVTFKDVAKLAGVSTQTVSRVTNGSENVAEKTRNKVNKAIKQLGYVPNKGAQMLSRARSLL
A0A0T7E980,MGVVTFKDVAKLAGVSTQTVSRVTNGSQDVAESTRNKVNAAIKKLGYVPNKGAQMLSRSKSLL
E4NJL7,MTEPVMADVAKLAGVSHQTVSRVLNGAPHVRPGTRERVLAAIRELDYRPNSAARALVTRRSLL
A0A0A0BXP1,MDKANIFDVARLAGVSHQTVSRVLNDLPNVRPATRERVEHAIAQLRYSPSPAARSLVSRRSLL
A0A1H1W8H1,MTLPVMADVARLAGVSLQTVSRVVNGAPQLRPSTRERVEEAIRQLGYRPNVAARALVTKRSLL
K0UUF5,MFDVARLAGVSHQTVSRVLNGSDAVKESTRQRVTEAIDQLGYRRNMAARALVTRRSLL
H0K1T0,MRNAVMADVARLAGVSQQTVSRVLNHHPSVSPGTRTRVLAAIEELGYRPNSAARALASKRSLL
A0A1Q5PX92,MADVAQLAGVSAQTVSRVANASRHVSPTTRARVQRAMAELGYSPNRAARALRSGHSLL
A0A1R1IAY1,MGGVGVRDVATLAGVSRQTVSRVLNNNPDVAEATKARVVRAMEELGYRMNNAARALGTRRSLL
A0A1H3TDU9,MAPLAMSDVAARAGVSHQTVSRVINRHPNVAVATRARVLAAIAELGYRPNGAARALATGSSLL
A0A0P7CBU0,MASPALTDVARLVGVSHQTVSRVVNNHPGVRPRTRERVLAGMRELGYRPNPAARALATGRSLL
A0A1I1GU41,MPRASINDVARLAGVSGQTVSRVAHGSTSVRPETRAKVLAAMERLGYAPNHAARALRAGESLL
A0A259PLQ7,MAGASIADVARLAGVAPITVSRVANGSDAVRAATRERVQSAMAMLGYAPNTAARALRNGSSLL
A0A1H3M597,MEGLVMSDVAARAGVSHQTVSRVVNKHPHVATATRERVQRAIEELGYRPNAAARALVTGSSLL
A0A1H0PDG2,MTDLVMSDVAARAGVSHQTVSRVVNGHPNVAPVTRSRVQRAIEELGYRPNAAARALVTGSSLL
A9GMR9,MDKAVMVDVAKLAGVSYQTVSRVLHDSPHVRRDTRERVLDAIRQLDYRPSSVAQALVTGRSLL
C7Q3C1,MSGPTMADVALVAGVSHQTVSRVLNDQPNVRAETRARVVDAIRELGYRPNSAARQLVTRRSLL
C7PZQ1,MNVPVMADVARVAGVSQQTVSRVLNDRPNVRPATRDRVLGAIRELGYRPNAAARTLVTRRSLL
F4FCZ3,MNSSIMRDVAELAGVSAQTVSRVINGHPYVADHTRQRVLDAMRRLDYRLNPAARALVTRRSLL
A0A1C5ARW6,MVNPSMRDVAELAGVSYQTVSRVINRRPHVAAATRQRVLEAMQKLHYRRNLLARALVTRRSLL
A0A1C5IA62,MTGAVMSDVARLAGVSHQTVSRVLNNHPSVRQETRERVLRAVHQLNYRPNALARGLAGRRSLL
A0A1H2H9P2,MGAPVMADVARIAGVSHQTVSRVLNHHPNVRPATRDRVLAAIEELGYRRNLSARALVTRRSLL
A0A0M8YDU3,MADVARLAGVSHQTVSRVVNGHPNVRAETTARVQRAIDELGYHRNSTARALVTRRSLL
A0A1I7BBG4,MLGAVMADVARLAGVSAQTVSRVLNDHPHVAEETRTRVHAAMEKLGYRRNLTVRALVTRRSLL
A0A0T9LVU6,MTPPGLRDVARLAGVSHQTVSRVFKNHPMVSPKTRDRVLAAAAQLDFRPNAAARALATGRSLL
C7PZR2,MTPGLRDVAELAGVSHQTVSRVFKDHPRVSAETRAKVLAAAAQLDFRPNAIARALATGSSLL
A0A1I2DH06,MTSSVMRDVAKLAGVSHQTVSRVINEHPNVRAETRERVLAAMRSLNYRRNLAARTLATRESLL
A0A1M7RMN3,MAPTIMRDVARLAGVSHQTVSRVLNEHPSVREETRARVLEAMRALNYRRNLAARTLATRRSLL
A0A0M8W6D7,MRSPVMDDVARLAGVSKQTVSRVLNDNPAVRAETRESVLEAMRSLGYRPSRSARSLASGRSLL
A0A1V4EIM5,MTPIVLGDVAALAGVSAMTVSRVLNSPQKVRPETRARVLAAVRELGYLPNFAARVLATGRSLL
A0A1I1AJ09,MAMPSIEDVARLAGVSAQTVSRVANGATVVRPVTRDRVLEAMAQLGYSPNRVARALRSGRSLL
A0A1G8DQI9,MTRARMVDVARLAGVSQQTVSRVVNGHSNVSPDIRDRVEAAMVQLRYRRNSAARALATSRSLL
A0A1X7PHZ2,MRPARMVDVARLAGVSQQTVSRVVNGSHNVTPEIRERVERAIGQLRYRRNPAARALAGRRSLL
A0A239N9J1,MQHAVMEDVAERAGVSAMTVSRVLNTPDKVRPDTRARVLDAVRALGYRPNFAARSLVTGRSLL
A0A1I6IRI3,MASAGVRDVAALAGVSRQTVSRVLNEHPQIKESTRRRVMDAIAELQYTPNFAARALGTRRSLL
A0A0Q6J4J1,MTRPAMTDVARLAGVSHQTVSRVINGHPNVTEATRTKVEQAIAELGYRPNTAARALVTGRSLL
D7BTY1,MPSAVLGDVARLAQVSVMTVSRVLNESPGVKASTRARVLAAVAELGYRPNSAARTLVTGMSLL
A0A1K1SIY8,MVAPSLTDVAGVAGVSHMTVSRVINGTGPVRPETRARVLAAIEELGYRPNSAARALVTGRSLL
A4FHU2,MRRPSLADVAALAGVSHMTVSRVVNGAGPVRADTRRRVLDAIDHLGYRPNSLARGLATGRSLL
A0A1M4EBQ8,MTLPVMADVARLAGVSHMTVSRVLNGHPRVRAETRARVLHAVDVLGYRRNLTARALVTRRSLL
A0A1I5L4N2,MAAEVMEDVAAMAGVSAMTVSRVLNTPEKVRPQTRARVMAAVQALDYRPNSAARVLATGRSLL
A0A0D6HF30,MRRPVMADVARLAGVSHQTVSRVINGSPSIRPATRRRVEDAIAQLGYRPNTAARALVTNRSLL
A0A1H1WY64,MERATIFDVARLAGVSHQTVSRVLNDLPNVRPATRARVEQAITQLRYVPSPAARALVTRRSLL
A0A0Q5HZM8,MFDVARVAGVSHQTVSRVLNNLPGVRASTRVRVEHAMTELSYVPSPAARTLASRRSLL
A0A126Z944,MRGRNIFDVASEAGVSHQTVSRVVNGDPRVRPATRQRVDAAIAKLHYRPSAAARALASRKSLL
A0A0Q8V6W0,MEAPVMADVARLAGVSHQTVSRVVNGQTNLRPETRERVLRAIDQLGYRPNTAARSLVTRRSLL
A0A1H9D0Q5,MADVARLAGVSKQTVSRVINGSPALRPATRLRVEAAIERLGYRPNVAARALVRGRSLL
A0A1I0Z9W4,MTEQSMAQVAERAGVSHQTVSRVLNDASLVKEETRIRVLAAIEELGYRRNFAARLLATNRSLL
A0A0Q8E755,MGEPSMADVAALAGVSHQTVSRVLNDSPLVRDDTRERVHAAIAELGYRRNAAARLLATNQSLL
A0A1H1W7K0,MGSPSMADVAALAGVSHQTVSRVLNDHPMVKQETRDRVQASIEQLGYRRNNAARALVTNRSLL
A0A1H3TKI9,MGRATMADVAREVGLSHQTVSRVLNDHPLVRPETRERVRKAIEDLGYRPNSAARALVTRRSLL
K0UME0,MDRPVMADVARLAGVSHQTVSRVINGANNIRPDTRSRVEHAIAALGYRPNTAARTLVTRRSLL
A0A0S9R733,MKHPVMADVAALAGVSHQTVSRVVNGLPHVGEATRDRVLAAIKELDYRPNTAARTLVTRRSLL
A0A1V1W7H9,MAADVMADVARRAGVSIQTVSRVVNGSPNIRASTKDRVERAVRDLGYRPNHLARALVTRRSLL
A0A1H1X0D0,MADPTMFDVARHAGVSHQTVSRVLNDLPGVAAATRERVRQAMAELNYAPSPTARAMARRRSLL
W1N7X5,MTNIREVAEMAGVSVATVSRALKSPDIVSPETRKRVLAAVERSGYRPNLTAVQFRSQRSLL
A0A0S9DC93,MATPSLTDVASLAGVSHQTVSRVVNRRPNVSDATRRKVHAAILELDYRPNAAARSLATGRSLL
A0A1H1UBD5,MEKPVMADVAGLAGVSLQTVSRVVNGADHVRPATRKRVDEAISQLGYRPNVAARALVTQRSLL
A0A0Q4DR81,MDKANIFDVARLAGVSHQTVSRVLNNMPNVRPATRARVEQAIAQLRYSPSPAARALVTRRSLL
A0A1I4G0J2,MEDANIFDVARLAGVSHQTVSRVLNDVPGVRPATRQRVEQAIKKLRYTPSPAARALVTRRSLL
A0A0Q5J240,MTAPSIGDVARLAGVSPQTVSRVSTGADSVRPSTRARVVLAMDQLGYSPNRAAQALRNGTSLL
A0A1M6E344,MPKASIGDVARLAGVSAQTVSRVSTGAENVRPETRQKVQEAMGQLGYTPNYAARALRNGASLL
A0A0L7BTT1,MCSPSIFEVAKLAGVSHQTVSRVINHSPNVAEATRAKVEHAIAELGYHPSNSARSLASNRSLL
A0A1H9D0N9,MDGPVMADVARLAGVSHQTVSRVVNGHHSIRPETRRRVEQAITQLGYRPNTAARALVKGRSLL
A0A1N7EMZ7,MERPVMADVARLAGVSHQTVSRVINGAAGIRQETRQRVLEAIERLGYRPNIAARALVRGRSLL
A0A0Q9S7Q8,MHIPVMADVARLAGVSHQTVSRVINGSPKLRPETRARVQAAIESLGYRPNTAARALGRGRSLL
A0A1E8CRY9,MRRARLKDVAELAGVSHQTVSRVVNRADGIRPETRERVEQAIARLDYHPNPAARNLVRGRSLL
A0A0F0ENK7,MRAPVMQDVARLAGVSHQTVSRVINGASSIRPETRDRVLQAIERLGYRPNTAARALVSGRSLL
A0A0Q6V868,MPTSRMADVAQRAGVSHQTVSRVINGMPGVRPETRDRVLQAAEELRYRRNLAARLLASSRSLL
A0A1I3LXW3,MQGPVMADVARVAGVSHQTVSRVLNDHLNVRAETRIRVLAAIDQLGYRRNFVARALVTRHSLL
E4NJJ5,MTGPTMADVAQVAGVSHQTVSRVLSDHPNVREATRERVLRAIAELGYRPNSAARTLVTRRSLL
A0A1W1VWL2,MFVVTIHDVARHAGVSHQTVSRVINEHLSVAPSTRQKVLEAIETLKYQPNQAARSLVTQRSLL
A0A0Q9SE70,MPRLEDVARVAGVSHQTVSRVINGSTKVAPATRDRVLEAVRELGYRRNNAARALVTQKSLL
A0A0T2IH80,MPAPSLQDVAEVAGVSHQTVSRVVNGSPSVAPATRDRVLEAIHELGYRRNSAARALATRRSLL
J7M001,MYRPVMEDVARVAGVSHQTVSRVLNNHPNVSSKTRERVEQAITELGYRRNTAARSLVTRRSLL
A0A1H7BZF7,MGDVAKLAGVSHQTVSRVLNNHPNVSGKTKERVEEAIASLGYRRNTAARSLVTRRSLL
A0A0F5FS33,MATLNDVAEEAGVSPTAVSRYLNNRIELPQATRDRIDAAIAKLDYRPNLLAKRLSTGKSLL
B5HW79,MTAPTMADVARLAGVSHQTVSRVLGDHPNVRDETRAKVQRAIEEMGYRRNSSARALATRRSLL
A0A1A1ZC00,MGSVNMFDVAKAAGVSHQTVSRVLNDSAAVKESTRRRVNAAIDELGYHRNLAARALATHRSLL
A0A1T4LQW1,MENPVMADVARLAGVSHQTVSRVLNGHPNVRPETQARVQAAIEQLGYHRNSSARALVTRRSLL
D9VME1,MKGPTMTDVARVAGVSHQTVSRVLSDHPNVSAKTRAAVTQVIEQLGYRRNSAARALATRRSLL
A0A1C4NJN9,MSAPTMADVAREAGVSHQTVSRVLSGHPHVRPATRAQVTAAVDRLGYRRNPAARALVTRRSLL
D6AFV3,MRGPTMADVAREAGVSHQTVSRVLSGHPNVRATTREQVTAAIERLGYRRNSAARALVTRRSLL
A0A1H4MG28,MPIPTMADVAQLAGVSHQTVSRVLSNHPNVRESTRADVLRAIGQLGYRRNSSARALVTRRSLL
A0A136PRW1,MDVPVMGDVARLAGVSHMTVSRVLNEPDSVRPETRERVLLAIEQLGYRRNSAARSLVTRRSLL
A0A1T5FTY1,MRSPRMSDVARLAGVSQQTVSRVVRGATNVDPDIRRRVQHAIEQLRYRRNPAAAALASNRSLL
A0A1I7BET3,MDSPVMEDVARLAGVSHQTVSRVLNKHPHVSVQTRERVEKAIADLGYRRNTAARSLVTRRSLL
A0A0Q9AB37,MRAPRSVDVARLAGVSQKTVSRVFNDEQYVSAEVRRRVLQAAEELGYRRNNAARALASGRSLL
A0A0A5I278,MKKPTVYDVAKLAGVSPSTVSRFLNRTTHVSDVKSQNIEKAINELGYKPNFQMQQSTNRRSLL
I2F844,MATIKDVAKLAGVSISTVSYVLNNSNRIGEETRQKVLKAAKELNYVPNTFARSLKKEKSLL
A0A1E4CZH0,MSDPTMMDVARLARVSPQTVSRVLNDYAFIKADTRERVLQAIDSLDYRPNIAARTLATSRSLL
A0A1Y6FQG5,MLVATIFDVARLAGVSHQTVSRVLNDLPNVRPATRQRVEQAIAQLRYAPSQAARSLVTRRSLL
A0A0Q5EEE6,MAATIFDVARLAGVSHQTVSRVLNDLPNVRPATKARVEEAIKQLRYVPSPAARTLVTKRSLL
A0A1G7WHR0,MDAATIFDVARLAGVSHQTVSRVLNDLPNVRPATRERVEKAIRQLRYVPSQAARALVTRRSLL
A0A1Z3LFP3,MTTATIFDVARLAGVSHQTVSRVLNDLPNVRPSTRVRVEEAIKKLRYVPSPAARALVTRRSLL
A0A1S2JF62,MTTPTIFDVAERAGVSHQTVSRVINGDPTVREQFRTQVTDAVTELGYRPRAAARALAGGRSLL
Z9JQ40,MLPPSMTDVADRAGVSYQTVSRVLNDPHRVKPATRERVQAAIEELGFTRNRAARALRTTRSLL
A0A011TZL6,MTIASMADVARIAGVSAQTVSRVVNASPRVDPATRARVEEAMARSGYRIHRAARALRTGRSLL
C5C1A8,MADVAKLAGVSHQTVSRVLNDHPSVRPATRQRVLDAMAELAYTPNRLARALVTRRSLL
A0A1X6XTZ9,MTDPSMADVASRAGVSYQTVSRVLNEPGIVRPDTRTRVQQAITELGYTRNRAARALKTTRSLL
A0A0Q5KHT9,MGPVTLADVARRADVSRMTVSKVVNNKAGISDATRERVYRAIDELGYVANGAARALSAGRSLL
C4B4W0,MSTPTLAEVAAIAGVSHQTVSRVINSYPGVRPATRDRVRAAIEQLGYRRNTAARSLATRESLL
A0A1I6U933,MSRISMRDVARRAGVSQKTVSRVVNDEPHVSPELRARVRREIELLGYRPNTFARALVTRRSLL
A0A1X6X5B9,MDLPSMTDVAARAGVSYQTVSRVLNDPGIVKAETRAKVEAAIAELGFTRNLAARSLKTTRSLL
A0A1H5L195,MPPPVMEDVARRAGVSHQTVSRVLNDSPSVSPKTREKVRQAILELGYRRNTAARALVTRRSLL
D3Q985,MTASVMTDVARLAGVSHQTVSRVLHDSSQVRPETRERVLRAIEELDYRPNAMARGLVSRRSLL
A0A259PHU3,MTPASIGDVARLAGVSLQTVSRVSNGSAAVRPGTRSRVLDAMTRLGYAPNHAARALRYGSSLL
A0A1C7NWS8,MDHSNIREVAALAGVSTATVSRALQQPDKVRAETRKKVFDAVEKINFSPNAHARSFRQQSSLL
A0A0J7Z144,MRPPGMMDVAREAGVSHITVSRVINGHPSVRPETRAKVEAAIQKLGYRRNSVARALKSRRSLL
K9ZXM6,MAKITDVAARAGVSHQTVSRVMNEHPNVASSTREKVLRVIRELDYQPNRAARSLSSQRSLL
A0A1I0XJM5,MEGPSMADVAALAGVSHQTVSRVVNEHPSVLPDTRERVQAAIAALGYRRNSAARALVTRRSLL
A0A1J5QCB1,MSDVAARAGVSHQTVSRVLNDHPSVRPETRDRVLAAITELGYRRNTAARALVTRRSLL
A0A0A0B5A4,MSTAAMSDVAQLAGVSHQTVSRVLNDHPSVRAETRERVLDAIATLGYRRNSAARALVTRRSLL
F4H0N4,MGDPAMSDVAARAGVSHQTVSRVLNDHPSVRPATRDRVLAAIAELGYRRNSAARALVTRRSLL
A0A1I3U3Z6,MPEPAMNDVAALAGVSHQTVSRVLNDHPSVRPATRERVLEAIATLGYRPNLAARALVTRRSLL
A0A1I2CQ75,MRPPAMSDVAVAAGVSHQTVSRVLNDHPNVSEATRSRVLAAIETLGYRRNSAARALATRRSLL
D1BB84,MSPPGMNDVARAAGVSHQTVSRVLNDHPNVREETREKVLAAISELGYRRNSAARTLVTQRSLL
A0A222XBP2,MDSPAMSDVALAAGVSHQTVSRVLNGHPSVRPETRDRVQAAIASLGYRRNSAARALVTRRSLL
A0A259PP60,MSDVAVVAGVSHQTVSRVLNDHPSVRPETRARVLAAIAELGYRRNSAARALVTRRSLL
A0A1M3F1W2,MSGPAMSDVAALAGVSHQTVSRVLNDHPSVLPATRQRVLDAIATLGYRRNLAARALVTRRSLL
A0A0A0C738,MSDVAARAGVSHQTVSRVLNDHPNVRPATRERVLAAIAELGYRRNPAARALVTRRSLL
A0A1I1AIW4,MRHPAMSDVAQAAGVSHQTVSRVLNEHPNVRPETRRRVQEAIEELGYRRNTAARALVTRRSLL
A0A0A0BPL6,MSDVAALAGVSHQTVSRVLNGHLSVRPETRERVLQAIADLGYRRNSAARALVTRRSLL
D5UL43,MTPPAITDVASAAGVSYQTVSRVINDHPNVATETRERVLDAMQRLGYRRNIAARALKTRRSLL
A0A0M0FCT2,MGPPAMSDVARLAGVSHQTVSRVLNDHPSVRPETRDRVLDAIATLGYRRNSAARALVTMRSLL
A0A1H1VMW4,MSDVAKVAGVSHQTVSRVLNEHPSVRPETRDRVLAAIEKLGYRRNSAARALVTRRSLL
A5CLW8,MPSPGMVDVAQVAGVSHVTVSRVLNGHPSVRPETRARVEAAIAQLGYRRNTVARALKSKRSLL
A0A0Q8UXF3,MTVPGVRDVARVAGVSRQTVSRVMNEHPSIRDETRMRVLAAMEELRFRPNRAARMLSTARSLL
A0A0S2YSG1,MDVPSMADVAVVAGVSHQTVSRVLNDHPNVRQGTRERVLEAIEQLSYRRNRAARTLATSHSLL
A0A1R1LV45,MQPPVMKDVARIAGVSYQTVSRVLNQHPNVSAGARERVEAAIAELGYRPNPAARSLVTRRSLL
A0JRF0,MCRPRLEDVAERAGVSHQTVSRVINNHPNVSKATRERVEAAIAELGYRRNTAARSLVTRRSLL
A0A021VVY7,MVDPSLKDVAREAGVSYQTVSRVINDGGRVSTATRDRVLAVIAELGYRRNDAARALVTSRSLL
U2PT50,MPGMSIKDVARLADVSYQTVSRVINDDPRVSDRTRDHVWRIIQSTGFVPNPAARALVMRRSLL
T0HF28,MTPPSIRDVAAFAGVSIKTVSRVVNNAPNVSRDLRDRVAAAIKALDYRPNQAARRLAGGRSLL
A0A0Q4IHQ5,MRDPTIIDVAALAGVSIRTVSRVLNHSPRVNDDTRARIQSAIDALNFRPSLRARAMAKGQSLL
A0A1G8DR42,MAPARMIDVARLAGVSQQTVSRVVNGSPNVAPEIRDRVEVAIRQLRYRRNPAARALANGRSLL
A0A0P0DWM4,MTTPSIYDVARLAGVSHMTVSRVLNDHPNIRPSTRERVLKAIADTNYTPSSIARALATQRSLL
A0A0C7P0X1,MKKLTIDDIAKLAGVSKATVSYVINDKPGVSQELRCKIKKIIEDCNYVPNSAARGLAGEKSLL
A0A0A8T9M5,MLRPNIRDVAELAGVSHQTVSRVINDHPSIQPQTRARVEAAIKTLGYRPNSAARSLARMRSLL
A0A0Q8AK68,MRGPNIYDVATLAGVSHSTVSRVLNDQPHISDSARQRVLDAIERTNFMPSSIARALATRRSLL
A0A0M2HPP4,MTTDSIYDVADRAGVSHMTVSRVLNGHPNIRASTRDKVMKAIDEMSYTRSSIARALATNRSLL
A0A1G6R7D0,MPSPSIYDVARLAGVSHQTVSRVINDQPNVSRETRTRVLRVIDEIDYAPNMTARALATRRSLL
A0A1G6IZU0,MSSPSVYDVARQAGVSHMTVSRVLNDQPNIRDATRDRVLNAIEELNYTRNNIAHALATRTSLL
H8E3S9,MQSPSIYDVANHAGVSHMTVSRVLNGHPNIRESTRVRVLQAIDEMQYTRSSIARALATSKSLL
A0A1G6GMT3,MNHPSMYDVAYRAGVSHMTVSRVINGHSSIREATRSRVLQAIEEMQYTPSSIARALATRRSLL
A0A1E4CM19,MQAPSIYDVAALAGVSHQTVSRVVNGHPNIRATTREKVLAAMGEIDYTPSSIARALATNRSLL
A0A147EH44,MEAASIRDVARLASVSYQTVSRVLNDHPSIREDTRQRVLAAIRTLDYRPNQAARALASARSLL
A0A101EBC7,MITIKDVAKKAGVSVTTVSRVLNNSSHPISPETRQRVLEAVAELGFLPNAAARSLQLQESLL
A0A163HIY3,METPSIRDVARLAGVSYQTVSRVINNSPQLRPETAARVREAIAELKFVPNQAARALATSRSLL
A0A0L6HZ54,MGGPSIRDVARLAGVSHQTVSRVLNDHPSIRPETKAKVLDAIAVLDYRPNLAARALVTSRSLL
A0A1E4D7W4,MVHASIRDVARVADVSYQTVSRVLNGHPSIRPATKQRVLDAMAELHYRPNQAARALVTSRSLL
A0A1Z3LNJ8,MRVPSIRDVARLAGVSHQTVSRVLNNHPSIRDSTKARVQQVMEDLQYRPNRAARALSRGTSLL
A0A1G7ZPC2,MTFLSIRDIARLAGVSRQTVSRVLNGERYIKASTEAQVRKVIEEHSWRPNSAARALATSRSLL
A0A164MVD8,MTDVAKLAGVSHQTVSRVLNDSPQVRPETRERVLRAVAELGYRPNAMARGLVSRRSLL
A0A086ZT29,MKRPSMFEVAKLAGVSHQTVSRVINNSPDVSDATRAKVQAAIKQLDYHPSNSARALASRRSLL
A0A1H4J8R0,MPNIRDVARLAGVSHQTVSRVLNEHPSIRESTKQRVLDVMAELNYRPNRAARALVTSRSLL
A0A0U5BXX7,MTDPNIRDVARVAGVSYQTVSRVLNDSPNIRPETLARVRAAIDELGYRPNQAARALVTSRSLL
A0A1G6TYG9,MVHPNIRDVARLAGVSYQTVSRVLNDSPSIRPSTREKVLAVIEEVGYRPNVAARALVTSRSLL
A0A0Q8VPQ8,MVHPSIRDVARLAEVSHQTVSRVLNDHPSIRPETKERVLLAMETLQYRPNRAARALVTSRSLL
A0A1H8AGE9,MDLPSIRDVARLAGVSHQTVSRVLNDHPSIRETTKARILQAMEELQYRPNQAARALSKGRSLL
A0A1V2ZF46,MDKPSIYDVARAAGVSHQTVSRVLNDHPSLRAETKRRVLAVMSELDYRPNLAARALVTSRSLL
A0A1S2HE60,MSTRSIRDVARVAGVSHQTVSRVLNNSDAIRAETRDKVLAAMEQLQYRPNRAARALVTSRSLL
A0A0Q4FHD4,MFEPSMHDVARLAGVSHQTVSRVINDLPNIREETKQRVLDSMEQLQYRPNRAARALVTSRSLL
A0A0D7QNV7,MPPPSIRDVARLAGVSHQTVSRVLNAHPSIRPETRERVLAVMGELNYRPNRAARTLVTSRSLL
A0A1H1NPJ6,MPKASIRDVARIAGVSRQTVSRVINDHPSLRPETRDRVQAVIDQLHYRPNPIARALGGSRSLL
A0A1G8I245,MVNANIRDVAKMAGVSHQTVSRVINGHPSLREGTRQRVLDAMEALQFRPNRAARSLVTSRSLL
A0A0Q5LLE1,MPEPNIRDVAALAGVSYQTVSRVLNDSPSIRPATRQRVLDVIEQIGYRPNQAARALVTSRSLL
A0A022MGC3,MSATVVDVARRAGVSTATVSRVMNRNYPVAAATRERVEAAMRELGYVVNAHARALAGASSLL
A0A1I6MP79,MDSPRMVDVAVLAGVSHQTVSRVINGTGNVAPDMRARVEAAIERLRYRRNPAARALATSRSLL
A0A0A6VVZ9,MVEPNIRDVARAAGVSHQTVSRVINGHPALRDSTRQRVLQAMEELRFRPNRAARALVTSESLL
A0A143QM87,MTGPVMTDVARLAGVSHQTVSRVINGQNNLRPETRDRVQNAIDQLGYRPNRAARALVTKRSLL
A0A286HC04,MGGPTIRDVAVRAGVSYQTVSRVLNDSPQLRPHTRERVLAAIDDLGFRRSAAARALATNRSLL
A1SDN7,MHRPTMADVAARAGVSHQTVSRVINNAPSVRPETAARVVQAISDLGYRPNRSARLLASRHSLL
A0A1B3Q2T7,MDDVARLAGVSAQTVSRVSRGSDKVRESTRERVLVAMRQLGYVPNRAARALRNGSSLL
C7R598,MSVPSIGDVARLAGVSSQTVSRVSTGAERVRPETRERVLSAMEQLGYSPNHAARALRYGRSLL
A0A0Q5B164,MVDVAVLAGVSQQTVSRVINGAPNVSPEIRARTEQAIAQLRYRRNTAAAALASSKSLL
A0A0F0LLG4,MESLNIRDVAREAGVSYQTVSRVLNGSDRIREKTREHVQSVIDRLGYRPNPVARALSTNRSLL
A0A1H4G5D6,MHQASMRDVAALAGVSHQTVSRVINGHPSIRESTRQRVLAAMDQLHYRPNRAARALVTARSLL
A0A1Y3M831,MAAANIRDVARRAGVSHQTVSRVLNGHPSLRTETRDRVLAAMDELSFRPNRAARALVTSRSLL
A0A060ZYA4,MGGAVMADVARRAGVSGQTVSRVLNDHPRVRPETRERVRAAMRELGYRPTASARTLASGRSLL
W1TKP5,MTPPTLHDVARLAGCSYQTVSRVVNDQGAVHPDTRERVLSAIAEVGYRRNAAAAALKTDRSLL
A0A1B1BIA4,MIDVAMLAGVSQQTVSRVLNKHSNVSTDARERVESAIKRLRYRRNPSARALATSRSLL
A0A0Q6YBJ1,MQQPGMTDVAELAGVSAQTVSRVLSGHPNVKEKTKVAVLAAVDQLGYRLNSAARTLSSGRSLL
A0A1J5REB6,MGDPSMADVAELAGVSSQTVSRVSTGADHVKPETRARVLVAMKALGYSPNGAARALRYGNSLL
A0A0U3H4B0,MAQPSMRDVATAAGVSAQTISRVLNDHPNVQESTRRRVLAVVEELGYRRNNTARALVTGRSLL
D6KDT6,MEAPGMVDVARVAGVSAQTVSRVLSGHPNVQARTREKVLAAVEQLGYRRNNAARMLSSGRSLL
M9U968,MDVPSMADVARVAGVSAQTVSRALRGSAHVNPDTGRRVLAAVEQVGYRFNSAARALSSGRSLL
A0A1N6PR17,MPAPAMADVARVAGVSAQTVSRVLSGHPNVNAVTRARVRAAIEETGYRRNSLARALVTGRSLL
A0A0S2LWU0,MPEPGIRDVAQLAGVSPQTVSRVLNGHPSVKPTTRETVKSAIEQLGYHRNYAARSLSTGRSLL
A0A1S7BF47,MPTMADVAAIAGVSPQTVSRVLRGLDNVTEVTRLQVEAAVQQTGYRRTGLARALVTGRSLL
A0A1I2N8I2,MDTASMTDVAALAGVSQKTVSRVVNDEPHVTEAVRAKVEAAIAELGFRPNAAARSLKSQRSLL
A0A0Q4UNV8,MMDVAAHAGVSQKTVSRVVNNEPHVTDEIRAKVTAAIAELGFRPNAAARSLKGARSLL
A0A062UD88,MQWITIKEVAEEAGVSQMTVSRVLNKQKLVKESTRLKVEAAIAALNYRPNLMARSLAGGKSLL
A0A0Q5CK58,MSTVSMMDVAAAAGVSQKTVSRVVNDEPHVSPVIRERVLGTIAELGFRPNSAARVLKGQRSLL
A0A0Q5BI39,MADVARVAGVSQKTVSRVVNREAHVSPAIERRVADAIAQLGFRPNATARALATQRSLL
A0A1T5KR52,MERPAMVDVAQHAGVSQKTVSRVVNGEPNVSSAVRERVLAAIDELGFRPNSAARALVTARSLL
D1BDP0,MADPSMVDVARAAQVSQKTVSRVVNREPNVSPEVRTRVLEAIASLGFRPNSAARALVTNRSLL
A0A1H6ESK2,MSPGSVDVARRAGVSQKTVSRVMNGEQYVSAEVRERVLEAARELGYRRNTAARALNLGRSLL
A0A1H5IF87,MHIVSMMDIARHAGVSQKTVSRVVNGEAHVSPDVKAKVQQSIDELGFRPNAAARALVTQRSLL
A0A229HAD6,MHDVARAAGVSQKTVSRVVNGEPHVSDDVRARVQQAIDALGYRPNTAARALIRGRSLL
F4H0P6,MVVAVDVARAAGVSQKTVSRVINGDPHVRPEVRERVRAAAAQLGYRPNRAARQLVSGRSLL
A0A143BTN6,MTRGRSVDVAQLAGVSQKTVSRVLNGERYVSEDVRRRVLEAAEQLGYRLNSAARALASGRSLL
A0A286CQM6,MSTTGMTEVARAAGVSQKTVSRVVNGEPHVSPEVRERVLRAVRDLDYRPNTAARALLLGRSLL
A0A117R4E0,MRLPRSIDVARLAGVSQKTVSRVMNGEQYVSGDLRRRVLEAAETLGYRLNHAARALASGRSLL
A0A229TAW8,MRSPSSKDVALAAGVSQKTVSRVFNNEQYVSADVRRRVQAAAEEIGYRPNNAARALASGRSLL
A0A1G7AJX5,MPSPGMTDVARLAGVSQKTVSRVVNNERYVSDDVREKVLRAARELGFRPNTAARALITGRSLL
A0A1L8QK12,MGIASMFDVARRAGVSHQTVSRVLNAPPNVRESTRVRVRTAIEELGYRPNRAARTLVTGRSLL
A0A1B1ZVH3,MRGPSMVDVARLAGVSHQTVSRVLNDHPNVRAGTRTRVRSAIAELGYRPNRAARTLVTGRSLL
A0A1A9BAL0,MWTPAMTDVARLAGVSHQTVSRVLNGHPNVREQTRLRVQAAITELGYRPNRAARALVTGRSLL
A0A1Q5DG62,MVEPAMTDVARLAGVSHQTVSRVLNSHPNVREQTRLRVLAAVKELGYRPNRAARALVTGRSLL
A0A285HMG4,MRVPGMMDVARLAGVSHQTVSRVLHEHPNVSEPTRLKVRAAIAELGYRPDRTARALVTGTSLL
E3IY20,MTDVARLAGVSHQTVSRVLNDHPNVKEQTRLRVRAAMEQLGYRPNRAARALVTGRSLL
A0A1H7P7U1,MGVAVIGDVARLAGVSNQTVSRVLNERPNVRPETRERVLDAIRRLDYRPNLMARGLVRQQSLL
A0A1B1M3C8,MVLGDVARRAGVSAMTVSRVLNERPGVGDRTRARVFAVAAELGYRPNRLAQALVTGRSLL
A0A0Q4PKE7,MPTLSDVAAEAGVSPTAVSRYLNNRIDLPQATRDRIDAAIAKLDYRPNLLARRLSTGKSLL
A0A0F0LE68,MAGPGIRNVADLAGVSHMTVSRVLNGHPNIKPDTRRRVLEAIEELDYRPNMVARALATQRSLL
A0A1T4YF09,MSDTGIRLVASLAGVSHMTVSRVLNGHTNIRPATRQRVLDVISDLNFTPSTAARALATHRSLL
A0A251XR00,MDGLGLREVAERAGVSHMTVSRVLNGHPQVKESTRQRVLEVVAELDFRPNSAARELVTQRSLL
C7QZ41,MEKPNIRQVAAAAGVSHMTVSRVLNDHPNIKDSTRRKVLRVIEELNYRPNGAARALATQRSLL
A0A1M6HTN2,MNPPNIRHVASLAGVSHMTVSRVLNNHPNIKPDTRQRVLAVIEELNFRPNSAARALATQRSLL
A0A286HBA7,MLEVSMADVARRANVSGQTVSRVSNGKQNVDAQTRERVLEAMRALGYRPNSAARALRTGRSLL
A0A096KSS2,MRRVSMADVARAAGVSQQTVSRVANGLPNVNEQTRQRVQAAMQKLGFRPSYAGRSLRDGRSLL
A0A0N1GL78,MRAPSQADVAALAGVSSQTVSRVANDKSNVDDETRQRVLAAMEMLGYRTNPAARALATGQSLL
A0A0M8U3L5,MSAASQADVAALAGVSSQTVSRVANDRPNVEPETRERVLSAMRMLGYQRNSAARALTLGRSLL
A0A1G9G0E8,MATDSQADVARIAGVSGQTVSRVANGARYVDAATRERVLSAMREVGYRPNRAARALRSGRSLL
A0A177KDQ6,MQRPTQADVARHAGVSAQTVSRVVTGAARVDEPTRERVLASMRELGYRPNRAARALRSARSLL
A0A163R0Y6,MDSPTMVDVAAVAGVSPQTVSRVSNGSPNVEASTRTKVLEAMRSVGYRPNAAARALTTGRSLL
A0A0S9K9M7,MTDPSMADVAREAGVSGQTVSRVSTGRPNVDEATRDRVLAAMRKLGYRPNSAARALRSGRSLL
A0A1Y6F8Z4,MPRPSMADVAALAGVSAQTVSRVANGLTNVDPSTKDRVVAAMNEIGYRPNSAARALKTGRSLL
A0A1H8XIA7,MRPPSMADVAKEAGVSGQTVSRVANGRSNVDDATRERVLAAMRRVGYRPNSAARALRNGRSLL
A0A1B1BFS5,MIRPSMADVAALAGVSSQTVSRVVNARSNVDADTRDRVLAAMEDIGYRPNSAARALKSGKSLL
A0A221NI33,MENPSIGDVAKAAGVSAQTVSRVSNGLTNVEESTKNRVLDAMKELGYRPNRAARALKSGQSLL
A0A175S0Y7,MSAPSMAAVAEAAGVSMQTVSRVARGFDNVSPDTRDRVQQAMDTLGYRPNRAARALRSGRSLL
A0A0Q8LJQ2,MDEPSMADVALAAGVSAQTVSRVATGKGVVKESTRQRVVDAMQELGYRPNGAARALKFGRSLL
A0A1Q5DF70,MSAASIDDVARRAGVSGQTVSRVANGRSNVGAATRERVLEAMRELGYRPNSAARALRSGQSLL
A0A0Q5PSM2,METVSMADVAAAAGVSGQTVSRVANGRTNVDPDTRQRVLDAMASLGYRPNSAARALRSGRSLL
A0A0Q7S4A5,MGWPSMEDVAREAGVSGQTVSRVVNARGYVGAATRERVEAAMNSLGYRPNSAARALRSGRSLL
A0A0M8MLA8,MEQPSIIDVAREAGVSAQTVSRVANGMDTVRPVTRDKVLAAMDRLGYRPNSAARALKTGRSLL
A0A0Q5CAV3,MASASAADVARHAGVSMQTVSRVARDLENVQPATRDRVRASMVELGYSPNRAARALRSGRSLL
A0A0P0DN25,MLSVSQRDVAELAGVSGQTVSRVASGVGAVSEKTRRRVEAAMAELGYRPNVAARALRLGTSLL
A0A161SE13,MANVSLREVAQRAGVSGQTVSRVANNVPNVADATRRKVLAAMDELGYRPNVAARALRRGASLL
A0A134DJA8,MSAVSLHDVARHAGVSGQTVSRVANNSERVAEPTRHRVLAAMSELGYRPNVAARALRRGASLL
A0A1H3MMA4,MTDTSMADVARHAGVSTQTVSRVSNGLSNVEPATRDRVLASMRELGYRPNRAARALRSGQSLL
A0A1X7KEB1,MSTPSMADVAAHAGVSSQTVSRVANGLTNVDDGTRDRVLEAMTELGYRPNKAARALRSGRSLL
A0A1Q4A1T8,MHEPSMNDVARLAGVSGQTVSRVTNGSQSVLPETRRRVIDAMDALGYSPNSAARALRSGTSLL
A0A0Q7U9G3,MTASMADVAKVAGVSSQTVSRVANDKTNVDHATRERVLEAMKEVGYQPNHAARALRTGRSLL
A0A095X2E2,MRRVSMADVAARAGVSTQTVSRVTNGVGAVAPATRERVLSAMRSLGYRPNAAARALKRGSSLL
W1TR21,MGNKSIYDVAREAAVSAQTVSRVVRGHQNVSPLTRERVLQAISDLGYKPNRTARALRTGSSLL
A0A1N1VUQ6,MLSVSLADIARRAGVSTNTVSRVVRGDPEVSEKTRARIAKLVEELGYVPNYAARALAAKRSLL
A0A0F0L2F1,MGTASIKDVAQRAGVSPQTVSRVANGYVHVRPEKREKVLAAMKELGYRPNSAARNLKSGRSLL
A0A0U3QQE6,MQGPSIADVARAAGVSAQTVSRVSNGHSNVEDGTRIKVQDAMRRLGYRPNGAARALKSGQSLL
A0A225CK20,MQTVSMADVAAHAGVSAQTVSRVSNGAQNVEASTRQRVVDAMAELGYRPNSAARALKTGRSLL
A0A0Q7U949,MPAASIYDVAAHAGVSAQTVSRVANGQTNVRPTTRDRVLESIQALGYRPNSAARNLKSGKSLL
A0A0N7FBC0,MTSGSMADVARRAGVSAQTVSRVSNGYQGVVPQTRELVLKAMDELGYRPNSAARALKLGSSLL
A0A0S9QFK6,MQETSLRDVAQAVGVSVQTVSRVANGEPNVAPEKRELVLAKMRELGYRPNAAARAIRRGSSLL
A0A1B9NIF4,MENVSMADVAARAGVSMQTVSRVANGTAAVVPATRQRVIRAMNELGYRPNSAARALKLGSSLL
A0A1D2I9D4,MVHASMADVARLAGVSSQTVSRVSNGYAGVNEETRRQVLAAMQELGYRPNSAARALKRGESLL
A0A1H6DRG6,MELVSMADVAKLAGVSSQTVSRVSNGHPGVIESTREQVLAAMRELGYRPNSAARALRYGRSLL
A0A0S9DAV9,MTTVSMSDVARLAGVSAQTVSRVSNGSAGVIDATRQQVIAAMNELGYRPNSAARALKRGSSLL
A0A1H2DDS1,MIDVSMADVARLAGVSTQTVSRVSTGYSGVDGSTRRQVLAAMKELGYRPNGAARALKHGESLL
A0A0Q8Y7D2,MADVARLANVSSQTVSRVANGETSVVESTRQTVLRAMEELGYRPNSAARALKRGASLL
A0A1B1BI18,MVDVARLAGVSQQTVSRVVNRAENVTPEIRERVEQAIEQLHYRRNTAAAALASNRSLL
A0A0Q7SD62,MATIKDVAKLAGVALSTASYALNGDSKVSAKTKSKVLEAARELNYRKNGFAMDLKRSRSLL
B4V8E3,MQGPSMADVAAMAGVSSQTVSRVANNRENVDASTRERVLAAMKMLGYRPNTAARALVTGRSLL
J1HK41,MDMPSVADVARLAGVSTQTVSRVTSGASNVRPGTRDKVLRAMEQLGYSPNLAAQALRRGSSLL
D1BB53,MDRPSMADVAKIAGVSAQTVSRVANGRANVDLATRDKVLSAMRVVGYQPNGAARALATGRSLL
A0A1Y5P2C6,MQTASMADVARHAGVSSQTVSRVANGLSNVDTSTRERVLASMRAVGYRPNGAARALKYGRSLL
L7FC76,MIGPSMADVARHAGVAPQTVSRVSNGHTNVDPATRQRVVESMQALGYRPNGAARALRSGRSLL
A0A1I3KX99,MGNVGMREVAARAGVSTQTVSRVINEHPHIRPETRARVEQAMADLGYRMNNAARSLGTSTSLL
A0A1I6I5X0,MRTVGVRDVAALAGVSRQTVSRVLNDHPDVAPDTHARVVAAMEELGYRMNNAARALGTHRSLL
A0A161SE73,MREVGVRDVAAHAGVSTQTVSRVINDHPHIRPETRERVRAAMAELGYRVNNAARSLGTATSLL
W0Z6Q4,MPAVGVRDVAAHAGVSTQTVSRVLNGHPHIRPETRQRVLDAIQALGYRINNAARALGTSTSLL
A0A1H0ZKQ3,MGIVGVRDVAAAAGVSTQTVSRVINDHPHIRPETRDRVVAAMAELGYRVNNAARALGTATSLL
A0A031FY84,MAMGSVRDVAARAGVSTQTVSRVINDSPNLRPETRARVEAAMAELGYRVNNAARSLGTSTSLL
A0A1H0PN91,MEVIGVREVAAAAGVSTQTVSRVLNGYAGIRDSTRERVLAAVADLDYRVNNAARALGTSLSLL
A0A0Q5MNM5,MATLFDVAAAAGVSHQTVSRVVNGDPSVRPATKAKVDTAIDELNYRPSLAARALASRRSLL
A0A1W2FUK4,MYVSLKDVAARAGVSFQTASKVLNGHSRVASPSTRERILRAAADLGYVPNAMARGLVRQASLL
A0A1G7G014,MKVSKLSEVARLAGVAPITASRAIRGAGYVSAETRERIMAAAAQLNYTPDPLARRMRGDRSLL
A0A0R0AJW0,MNSITIKDVAREAKVSVATVSRALNGHDNVAEAVRKAVLEVADRLRYSPHAAARSLSSRHSLL
A0A1I3ATA6,MEPVRMIDVAKLAGVSQQTVSRVVNGHSNVGAEVRDRVERAIAQLRYNRNWAAHALATNRSLL
A0A0C2N6S2,MITFKEVAKLAGVSTQTVSRVTNGSDNVAEETRKRVNDAIKKLGYVPNKGAQMLSRAKSLL
J0MY36,MEAPGMMDVARLAGVSPQTVSCVLNDPESVRPVMREKVREAMAQLGYRRGSAARSPVAESSLL
J3J4J3,MNGPSMADVAELVGVSHQTVSRVVNGKGRVSPRTRERVQAAIEQLGYRPNSVARALVTARSLL
A0A1M7RP04,MYVSLKDVAERAGVSFQTASKVLNRRSGVVSVATRERIERAARELGYVPNALARGLVRRDSLL
A0A1H2DYB4,MHHPSMMDVAAAAGVSHQTVSRVLNASGKVAPDTRQRVLDAIEQLGYRRNSVARALVTRRSLL
E8JL32,MARPAMMDVARLAGVSHQTVSRVVNDTGHVAEETRSRVLAAIEQLGYRRNSVARALVTRRSLL
A0A243W4X2,MEQPGMMDVARLAGVSHQTVSRVINRPESVRPATLAKVRAAIDQLGYRPNLNARALVTDSSLL
A0A1F8NDM9,MVRVTIDQVARNAGVSRQTVSRVVNNHPSVAPNTRLRVQKVISRLGYHPNALARSLVRRRSLL
I0I685,MTIVDVAAHAGVSAGTVSNVLTGKRPVAEATRERVLRAVEELGYQPNLLARSLVNRSSLL
A0A251VVB8,MTVTIVEVARRARVSAGTVSNALTGKRPVSPATRARILRAIEELGYQPNLLARGLVNRRSLL
A0A1F8QRT5,MHNPTIKQVAKAAGISTQTVSRVINNRPDVAEETRQRIQQVIEELGYQPSALARSLIQQRSLL
A0A1F8PVR3,MSTQTVSRVINNRPDVSPQTRKRVQEIIDQLGYQPSALARSLIRQRSLL
A0A1F8TB12,MGTPTIKEVASAAGVSTQTVSRVINERPDVSPETRKRVQDIIDELGYQPSALARSLIRQRSLL
A0A0P6XHA1,MSSVTIFEVASQAGVSYGTVSRVLNQDQHVKAETRERVMKTIRDLGYVVNRQARSLAGGKSLL
A0A285Y2W8,MPNTSLKDVARTAGVSVATVSRLLNGSLELPADTKARIEDAIRQLNYVPNPHARRLSRGRSLL
A9AYR0,MRNTTIMDVAREAGVSYATVSRVVNNKEYVKSDTRERVLKAITSLGYVVNQQARSLAGGRSLL
A0A1V5WDU7,MFHITIFDVATEAGVSFGTVSRVINNDVHVKPETRERVLQAMEKLGFVANRQARSLAGGKSLL
A0A1Z5HS69,MTVTIKDIAKRAGVSYSTVSRALNNRPEVNEKTRREIQKLAEEMGYRPNAIARGLVTQKSLL
A0A1Q6Z695,MATSEQVAQLAGVSRATVSRALNGSARVSDEVRERVHAAIAALGYEPDVVAQSLVRQHSLL
F6CM60,MTVTIKDIARKAGVSYATVSRALNNRPEVSEKTRREIQRLAAEMGYKPNAIARGLVTRESLL
A0A1X7CJN3,MLTIRDVAQRAGVSYTTVSHVLNNTRPVSEEKRARVMAAIAELNYVPSAPARSLKARSSLL
J7LHG4,MVGIKDVAEAAGLSVATVSRALNGNPSVSDAARERVLAAADALGYRPNVVARSLRTHRSLL
A0A1C5ALH3,MATLSDVARRAGVSPATASRVINGSSKPVNDELRERVLQAVAELQYVPNAHAQLLARSHSLL
A0A0W0P5W0,MATIKDVAARAGISYTTVSHVVNNSRPVSAHVRRKVESAIAELNYVPSAVARSLKARSSLL
A0A069PAP5,MATIKDVAAIAGVSFTTVSHVVNNSRPVSADVRAKVERAIRELDYVPSAVARSLKARSSLL
A0A0Q0DN51,MCLATIKDVAALAGISYTTVSHVLNKTRPVSEPVRLKVEAAIAQLDYVPSAVARSLKAKTSLL
A0A1E4UYI9,MATIKDVAALAGISYTTVSHVINNTRPVNAETRRKVEAAIAQLDYVPSAVARSLKGQASLL
A0A285P160,MATIKDVAARAGISYTTVSHVVNGTRPVSDAVRSKVEAAIAELGYVPSGVARSLRAQASLL
H5WA11,MATIKDVAALAGVSFTTVSHVINNTRPVNAETRKRVEEAIRATRYVPSAVARSLKHRTSLL
A0A0P6XSZ0,MPTIREVAARAGVSPTTVSHVINNTRFVSPEARERVLQAMEELGYRPNVLARSLRRGESLL
A0A1I5XGU4,MATIKDVALRAGVSVTTVSHVVNDTRHVSAKGRERVELAIRELGYVPNAMARSLKSNTSLL
A0A1F4K410,MSSIKDVARRANVSISTVSHVVNATRFVSESSRKQVETAIRELGYVPSAVARSLKSNSSLL
A0A231N5E8,MATIKDVAKLARVSTSTVSHVLNKTRFVSPEITERVESAIEALHYAPSALARSLKVNQSLL
A0A1I1ML62,MPTIREVAARAGVSPATVSRVMKGEVPVNAETRARVEAAISALGYAPNAFARSLASNRSLL
A0A0Q6X0R4,MSTIKDVAQHAQVSVATVSHVINDTRFVSEATRERVQAAIAALRYVPSALARSLKSNRSLL
B9K9B4,MVTIRDIAEKAGVSINTVSRALNNKPDISEETKKRILEIARELGYVKNATASSLRSKRSLL
U2H7G6,MALPTLAHVARIAGVSQMTASRALNDRPGVSQETREEILRVAANIGYVVNRSAQKLSGGRSLL
A0A1X7D7X5,MPSPTLAHVAKRAGVSQMTASRALNDRPGVSRETREAVRKIAAEIGYVVNRSAQKLSGARSLL
A0A1H7FLM4,MQTPTLAHVAKLAGVSQMTASRALNGRPGVSRETRDEVLRIASDIGYVVNRTAQKLSGGRSLL
A0A0Q7RYN9,MKPSKLIEVARLAGVAHITASRAIRGEGYVSEDTRARVMEAAAQLNYTPDIVARRMRTKGSLL
A0A1I1BD03,MKISIFDVAKKSGLSVVTVSRVINNAPSVREKNREKVLRAMKELGYHPSAAARSLARGSLL
A0A1R0YJ64,MKVNIFDVARKSGLSVVTVSRVLNNVSSVREKNRQKVLEAIKELNYSPNSAARTLVRGSLL
A0A1Q5XDP7,MDFISILDIVEKSGVSLVTVSRVLNNVPTVREENRQKVLQAIKELDYRPNSAARSLARGTSLL
A0A1C0ZXS6,MKKVSILDVVEKSGVSLVTVSRVLNNSTTVRESNRQKVLQAMKDLGYTPSSAARSLARGSSLL
A0A1H1NC18,MKPSIFDVANKSGLSVVTVSRVLNGSGNVREKNRLRVLAAMKELDYRPNAAAQSLAKGKSLL
E0IBA3,MKINIHDVAKKSGLSVVTVSRVLNGSPSVREHNRQKVLEAVKELGYRPNAAARSLSSGRSLL
F5LSI9,MKISIFDVAKRAGVSVVTVSRVLNDSPTVRENNRQKVRQAIKELDYRPNSAARSLARGKSLL
A0A1C1A8T9,MKVSIFDVAKKSGLSVVTVSRVINQAGTVREGNRQKVLQVMKELDYQPNAAARSLARGKSLL
A0A1R1AKW2,MTVNIHDVAKKSGLSVVTVSRVINNAPSVREKNREKVLKAMEEMNYQPNSAAQSLIRGKSLL
A0A1N6WMQ2,MKASIYDVAKKSGLSVVTVSRVLNHDPSVREKNREKVLQVMRELDYRPKAAARSLAKGKSLL
A0A098MAD3,MKVNIFDVAKKSGLSVVTVSRVLNHSTTVRANNRDKVLQAMKDLNYQPNAAARSLALGRSLL
A0A1R1A9P5,MKVSIFDVAKKSGLSVVTVSRVLNKSTSVRQKNKEKVLQAMKDLDYHPNASARSLASGKSLL
W8YG98,MKPSIFDVAKRSGLSVVTVSRVLNGSGNVRENNRLKVLSAMKELDYRPSAAARTLARGSSLL
A0A1T2XA72,MKVSIFDVARKSGLSVVTVSRVLNNSPSVREKNRQRVLNAMKELDYHPNAAARSLARGKSLL
A0A165PZQ2,MKVNIFDVAKKSGLSVVTVSRVLNNSPSVREKNRQKILQAIKELNYIPNSAARTLVRGKSLL
A0A1X7JWJ4,MKVSIFDVAKKSGLSVVTVSRVLNNATTVREKNRQKVLQAMKELDYHPNAAARSLAKGKSLL
M9LPZ0,MKVSIFDVAKKAGLSVVTVSRVLNNARTVREKNRQKVLQAMKELDYHPNAAARSLAKGKSLL
A0A0W1AQX0,MKVSIFDVAKKSGLSVVTVSRVLNGAESVREKNRQKVLEAIKELDYRPNAAARSLASGKSLL
A0A1H3GPC7,MVTIYDIAKKTGFSITTVSRALNNYSDVSEKTKKLILQAVDEMGYYPNSIARTLTTKKSLL
A0A176J909,MTTIYDVAKKAGVSSTTVSKALNNYPDVSEKTKNVILTVAAEMGYLPNSHAQSLSTKKSLL
A0A0M0KRF2,MVTIYDVAKKSGFSSTTVSKALNNYSDVSEKTKKKILETAAEMGYLPNAHAQYLSTKKSLL
A0A1C4C6Z5,MGTVTIYDLAKKTGVSSTTVSKALNNYADVSPKTKQKILDAAAEMGYLPNAHAQSLSTKKSLL
A0A1S6ZEV3,MVTIYDVAKKTGFSSTTVSKALNNYSDVSEKTKQEILRAAAEMGYLPNSNAQSLSTKKSLL
A0A1H9TXD8,MFKTTIYDIAKKTGFSITTVSRALNNYSDVSEKTKKLILEAVEEMHYYPNSVARTLSTKKSLL
E6TZA5,MKLTTIYDVAKKTGFSITTVSRALNNYPDVNEKTKKKILEAVEEMGYFPNSIARSLTTKSLL
A0A1Y0CR35,MTTIYDIAKKTGFSITTVSKVLNNYTDVSEKTKKKILEAVDEMGYYPNSHARSLMTKKSLL
W4QKR8,MATIYDIAKKTGYSITTVSKVLNNYSDVSDKTRKKIIEAVNEVGYYPNSNARTLTTKKSLL
A0A0J5R082,MTTIYDIAKKTGFSITTVSRALNNYSDVSEKTKKKILDAVEEMGYYPNSIARSLTTKKSLL
A0A0A2UZU2,MVTIYDIAKKTGFSVTTVSKVLNNYSDVSEKTKKAIKAAVEEMDYLPNSHARTLTTKKSLL
A0A0A5G4Q0,MVTIYDIAKKTGYSVTTVSKVLNNYKHVSHKTRKAILDAVEEMGYLPNSHARTLTTKKSLL
A0A167UVL9,MITIYDIAKKTGYSPTTVSKVFNNYTDVKEQTRQTILQAAKELGYLPNAHARTLTTKKSLL
A0A1M4XG76,MKATIYDIAELSGYSISTVSKVINNNPNVSDKAKTKVLDAINQLAYLPSSSARALATNKSLL
A0A1N6EXG2,MATIYDVAKEAAYSISTVSKVLNNSTNVSSRARKKVLEAIETLDYVPNSSARTLATKKSLL
A0A1F8NQY9,MVTMLDVAKLCGVSYQTVSRVINGSPQVSMKTRDLVLNAIKRLGYHPNQLARSLKTRHSLL
A0A1B7ISH0,MKGATLNDVAREAGVSQQTVSRVLNNPAQVSARTREKVLHAMSVLHYVPNRSAQLLAGKTSLL
A0A1S2BJS9,MRQATLEDVAALAGVSQQTVSRVLNNPGIVSARTQEKVLDAMARLSYVPNRSAQLLAGKASLL
H5V2R9,MHSATLDDVARLAGVSLQTVSRVLNSPEKVATRTQEVVHQAMRTLRYVPNRSAQLLAGKVSLL
S0AGK7,MFTATLEDVAKEAGVSQQTVSRVLNNPDIVSERTRNKVLGAMNTLNYVPNRSAQILAGKTSLL
W0HUK6,MKNPTLDDVARQAGVSYQTVSRVLNGSAHVAEATRARVEDAIKTLNYVPNRMAQQLAGKRSLL
A0A1X3KQU6,MNLATLADVARHANVSYQTVSRVLNNSANVSAKTRQKIEQAIAELKYVPNRVAQQLVGKESLL
A0A0Q5AUM2,MEEATIYDVARVAGVSHQTVTRFLQGFEGIRPATRSRVEAALAELDYRPNLTARSLRARRSLL
A0A0Q5WMU2,MATIYDVARMAGVSGQTVSRLLKGYQGIRPETRERVTEALEALDYRPNLTARSLTTGRSLL
A0A1I6IUV5,MSPATIYDVAQAAGVSHQTVSRFLKGFEGIRPETREKVEQALDELGYRPNLTARSLKSGRSLL
A0A0Q8LNK5,MDSATIYDVARRAGVSHQTVSRFLKGYQGIRPATRDKVVSALDQLGYRPNLTARSLKSGRSLL
A0A1H4GAF9,MKRATIYDVARHAGVSHQTVTRFLNGFEGIRPATRAKVQAAIDELNYRPNGAARWLRSRQSLL
L8TSE5,MQEPTIYDVAERAGVSHQTVSRYLKNKTALKPSTLERVERALSELNYTPNLAARALRSRESLL
S3IZ30,MVTLEDVAAHAGVSRATVSRVVNGDTKVKSHTRIKVEAAIAELGYSPNPAARALASSQSLL
A0A077N9K7,MITLEDVASYSGVSRATVSRVVNGDKKVKAATRTKVENAIVELGYSPNLAARELASNQSLL
A0A085G551,MVTLEDVAAYAGVSRATVSRVVNGDQKVKAATREIVVRAIAMLGYSPHPAARALASSQSLL
A0A081KFV4,MASIKDVAELAGVSRATVSRVLNETGQIKEATRDRVHAAMKKLNYRPNPLARSLATSSSLL
C9Y2Q7,MVTLEDVAAHAGVSRATVSRVVNGDSKVKSQTRARVEAAIQTLGYSPNPAARALASSQSLL
A0A1T5HY42,MVTLENVAAHAGVSRATVSRVVNGDSNVKLATRQRIEQAISDLGYSPNPAARALASSQSLL
A0A085U6Z2,MVTLEDVAVLAGVSRATVSRVVNGDTNVKPQTREKVEQAVAVLGYTPNPAARALASSHSLL
I3VVH4,MANIDDVAKLANVSTATVSRVFNNSPYVSEKARESVLKAAKELGYEPSILARSLAMKKSLL
A0A0C5L7P3,MQGPTINDVARLAGVSKKTVSRVINRSPLLNADTRAKVEAVIADLGYVPNVQARALALRRSLL
A0A1M9GF56,MVRIADVARMANVSTATVSRVISNAGTVKKETAEKVLEAIKKLNYQPNMLARQLRRSESLL
A0A1G6T3Y2,MSVKMSDVAKLANVAPATVSRVLSQPHLVSKETQEKVLKAIEELNYQPHIIARQFRKKESLL
A0A0C2S5V3,MTIVKMSDVAKLAEVSNATVSRVLSSPENVREETRKRVLESIKELNYQPNTIARSFRKMESLL
A0A1Y6G9Q2,MEIVGIVDVAKRANVSTATVSRVLTKPETVRETTTEKVLKAIEALDYQPNILARQLRRLESLL
S5Z6C4,MPMASIKDVAKRANVSTATVSRVLRNAGNVTEETKRRVLEAIEALNYQPNVLGRYLRRMESLL
A0A0A0INS8,MANITIKDISRMAGVGVSTISRVLNNHPDVKVETRKKVLDVIEKVNYIPNNSARNLKRNTSLL
A0A1Y3QGG0,MTVTIYDVAREAGVSMATVSRVVNNNPNVKPQTRKKVLEAIERLGYRPNAVARGLASKKSLL
A0A024P3Y2,MPKMSDVARLAGVSTATVSRVLRNPDAVKTGTKEKVLEAIHQLNYQPNMLARHFRRTESLL
A0A161S4L5,MKATIYDVAKQAGVSIATVSKVINQTGRISEETRAKVNRIMQELNYQPSVVASALTGKQSLL
A0A0A1Q197,MATIRDVARLANVSVATVSNALNNAGRVSPELLARVRAAVDKLGYAPDAAARSLRKGASLL
A0A150MMC4,MKVTIYDVAKKAGVSISTVSRVLNNTGRISERTRKRVLRVMEELHYQPSMVASALTGKRSLL
M5PH98,MKKTIYDVAEAAGVSISTVSRVINHTGRISKSTRQKVLEVMKELDYQPNVHASALTGKRSLL
A0A1G5LR72,MKATIYDIAREAGVSIATVSQVINGKGKISEKRRAEIMEIMERLHYQPSAIAAALTGKQSLL
A0A1B8VXY1,MKATIYDVAREAGVSIATVSKVINAKGKISQERRREIHAIMERLHYQPSVIASALTGKHSLL
A0A1H7HH43,MIRATIYDVAREAGVSIATVSHVINGKGKISRERREEILDIMKRLNYRPNAIASALAGKRSLL
A0A0M5MJB0,MKRISIEDIARKAGVSHSTVSRALRDSPLISAKVREEIKKLAQEMNYVPNAIAQSLQNQRSLL
A0A1T2X5S2,MATIYDIAREAGVSIATVSKVMNQTGRISDKTRKHVLDIMKKSDYQPSVVASALTKKRSLL
A0A0Q9N1Z9,MKATIYDVAREAGVSIAAVSQVMNGKGKISEERRTEILKVMEKLNYQPSVIASALTGKKSLL
A0A1V2SER3,MKVTIYDVAKAANVSIATVSKVINNTGNISDKTRQKVKRIMKELDYYPNMLASALMGKQSLL
A0A0N1N1D7,MKVTIYDVAKEANVSIATVSNVINKKGRIGEKTRRRVHEAMEKLNYEPNILASALTGKQSLL
A0A1I4K6A4,MKITIKDIAKQAGVSVTTVSRVINNKPDVGDKTRAKILRIIEDLNYNPNSVARGLVMQKSLL
A0A139CDV9,MKVTIKDIAKEAGVSITTVSRVLNNKPDVSDNTKEEVQKVINRLGYNPNGVARGLVLKKSLL
B8D1Y8,MPVTIKDIAKKANVSVTTVSRVLNNKPDVSEKTKSKILKIINELGYNPNGVARGLVLNRSLL
A0A0H3N0I7,MKITIKDVAKQAGVSISTVSRVINDSKPVTDEVKQKVLEVIKETGYIPNPLARSLVTKKSLL
A0A1X9M5V5,MATISDVAKLSGLSKTTVSRVINNHPYVSEKKRELVLKAMKELGYTPNPSARRLRGQLSLL
A0A1M6LNU0,MKNLNIRDIAKIAGVGVSTVSRVINNHPDVKERTREKVLQIIEQYNYIPNNSARNLKRSDSLL
A0A1W5ZR18,MVTISDVAKRSGLSKSTVSRVINNHPYISKEKRELVQKAMDELGYYPNPSARRLRGQLSLL
A0A1N6N190,MIYATMKEVAHQAGVSVATVSRVINNTTYVEPGTRERVEKAMRELNYRRNLAALALAKRCSLL
A0A0H2Y663,MRFRLANSIQITRLKSLIKIGISHINNLNIFSWPIRPCQPIFIQLCQKKKFLSTTTGNPHSLL
K1J2F5,MATIKQVAALARVSTATVSRVLNNSAYVEPATRERVEKAMRTLNYRRDMAAVALAKRSSLL
G9Z317,MSDATIKDVAMLAGVSTATVSRVMNQTAWVEPVTRERVEKAMRDLNYRRNAAAIALAKRSSLL
A0A0B9H2Z0,MATIKDVAQLAGVSTATVSRVINRSAYVEPVTLERVEKAIKSLNYQRDARATALASRSSLL
A0A099S9K8,MGVTIKDIAKEAKVSIATVSRVINNKEDGVGKETRENILKIMAKHNYIPSSLARGMVTKKSLL
R3WCY8,MKLTIKEIAELAGVSVTTVSQILNNKGSRFSESTRARVLQVVEEYQYKPDYFASNLINRHSLL
F6B8R2,MATIKDVAKLAGVSVSTVSRALNGSGYVDRTTEERVMAAVKQLNYKPNQIARGLISKKSLL
B7R5Z6,MAVTIKDIARLANVSVTTVSRVINNKPEGVSEETRQKILKLVKELGYQPNAIARGLVTKKSLL
A0A150FR77,MKLTIKDIARLAGVSTTTVSKIINNKHDSISKDTTEKVIKIMKDNNYVPSTIARSLVTKKSLL
A0A1W5ZYY3,MVTIKDVAKVANVSISTVSRVLNNSGYTSASTKEKVHKAVDELKFQKNMVATAMIKKQSLL
A0A239FAU8,MRFTIKDIAREANVSIATVSRVINNKNEGMSLETREKILNIMKKHNYVPSSLARSMITKKSLL
C9P703,MPTTTIKDVAKAAGVSIATASRVINNSPQTSEKAVKAVQQAMKALGYRPNANARALVSKSSLL
A0A1V3HK07,MITIKDVAIEAGVSIATVSRVINKSPKASRTSIRSVTKAMEKLGYRPNAAARALVSQKSLL
A0A1Z9YFY0,MITIKDIAEAANVSPATVSRVINNGPKVGPKTREHVKAVMDKMGYRPNINARALVTQKSLL
W7QH61,MATIKDIANAAGVSLATVSRVINNGPKVGDATRARIKEIMKEMGYRPNANARALVTQRSLL
A0A1M5EIK9,MATIKDIASAAGVSLATVSRVINNGPKVGDATRERVKKIMDEMGYRPNANARALVTQRSLL
A0A1E5CGT7,MSTIKDVAKEAGVSIATVSRVINKSPNASEQSIKAVTEAMKKLSYRPNAAAKALVSQNSLL
A0A0H6ITJ3,MATIKDVAREAGVSVATVSRVINKSPKASQASIDTVTSAMHKLGYRPNAAARALVNQSSLL
A0A0M3EMP9,MATIKDVAKLAGVSVATVSRVINQSPKAGAESVRAVQAAMKELAYRPNAAARALVSQSSLL
A0A0C2NRH7,MANIKDVAKEAGVSVATVSRVVNKSPKASQASIASVTAAMKKLGYRPNAAARALVSQNSLL
A0A1R4B230,MATIKDVAKMSGVSVATVSRVINKSPKASSASIEAVTKAMQELGYRPNATARALVSQSSLL
A0A0H2LMF7,MATIKDVAKEAGVSVATVSRVINQSPKASQASIASVKNAMNKLGYRPNAAARALVNQSSLL
A0A1A6LZR4,MANIRDVAKEAKVSVATVSRVINKLPHTSETATKAVHEAMERLNYRPNANARALANKTSLL
A4SPJ1,MIVATIKDVSRLANVSISTVSRVINNTAQVAPEKRVAVLAAMKELNFRPNSFAQALVSKRSLL
A0A090I6B7,MATIKDVAKEAGVSVATVSRVVNKSPKASKAAIESVNAAMKKLSYRPNANARALVNKSSLL
A0A1B9PFT8,MATIKDVAKEAGVSVATVSRVVNKSPKASKAAIESVSSAMKKLGYRPNANARALVSKSSLL
U4E9Q6,MATIKDVAKAAGVSVATVSRVINRSPKASQKAIESVSQAMAQLGYRPNANARALVSQSSLL
A0A0J8H0Z4,MVTIKDVARAAGVSTATISRVVHNGGNVGDECRARVKKIIEEMGYRPNSNAQALVNRSSLL
F0EV20,MQIPTIRDVAELACVSVATVSRVINHSPSVSEKTRYSVQRAMEVLNYQPNANAQALAVQNSLL
A0A1X1MPA6,MATIKDVARDAGVSVATVSRVINNSPKASKQSVAAVTVAMKKLGYRPNANARALVNQSSLL
A0A1M5ZLJ7,MATIKDVAKEAGVSIATVSRVLNQSPKASAASVDAVRKAMSKLGYRPNANARALVSQNSLL
A0A1B8IAP5,MATIKDVAKLAEVSVATVSRVINKSPKASEAAIKAVTQAMQTLGYRPNANARALVSQSSLL
A0A0C5WJR4,MANIRDVAKEANVSVATVSRVINRLPHTSKTAIKAVNEAMKKLGYNPTEKSKSSNAHSSLL
A0A136A214,MTTLKDIAKAAGVSHATVSRVVNNGPKVGPVLRDKIHKLIIEMGYRPNANARALVTNKSLL
M4U7D4,MNKATIKDVAREAGVSIATVSRVINKSPKAGKASIQSVQSAMKLLGYRPNANARALVNKNSLL
A0A0J8YR78,MATIKDVARLAGGSVATVSRVLNQSPKASAHSQKVVAEAMAQLNYIPNANARALAQQSSLL
A0A0J8GTZ8,MITIKEIAKIAGVSATTVSRVINGRGKVGDKCRKKVQKLIDDLGYRPNINARALAGQKSLL
A0A1D2XD02,MVVTIKEVARAAGVSTATVSRVINKATNVLPATIQKVEEAMASLGYQIKDNRRLSINQVSLL
R5EWX7,MAATIRDVAKRANVSVATVSRVLNGTAKVSDSAKDAVLKAQKELGFYLNANARTLAKKDSLL
Q2B3S3,MATIKDVAKLAGVAVSTASYALNNSTKISMETKLRVEKAARELNYQKNGLASDLKKDKSLL
A0A165JXV3,MATIKDVARVAGVSIATVSRVVNGQGKVGAQCRTRVQKVIEQLNYRPNSNAKALVKRSSLL
A0A1H6LKQ3,MVTIKDVARVAGVSIATVSRVIHDGHQVGEACRARVKKVIAELGYRPNSNARALVSKTSLL
A0A085U4A0,MTITIRDVARLAGVSLATVSRVLNNSAAIRPATRTAVLQAVAELGYRPNANAQALASQSSLL
D4HWS4,MYVLTIRDVAREAGVSVATVSRVLNNSSVVTADTRTRVMKTIERLGYRPDANAQALANRLSLL
A0A1J7C6N8,MTTIRDVARLAGVSVATVSRVLNDSASASKQARERVLSAVSQLGYRPNANAQALANQSSLL
A0A0H2W5X1,MAKATIKDVAKLAGVSVATVSRVINHSPKASEASRVAVCKAMEQLQYHPNANARALAQQSSLL
A0A1N6XSS6,MPPSTIKDVARLANVSVATVSRVMNNSPKASAASREVVQKAMAELGYTPNANARALVSQTSLL
A0A1E5BZ97,MATIKDVAKHAGVSVATVSRVLNGSPQTRPGTVSLVKQAMVTLGYRPNAAARTLVSKKSLL
A0A1B9L737,MATIKDVARLAKVSVATVSRVINNANNVRDNTRVTVKNAMETLNYYPDANARALSQQNSLL
A0A1Y1B530,MSTATIKDVAKAANVSTATVSRVINQSDSVLPETVAKVESVMAQLGYQIKDNRRLTINQGSLL
K6YPC4,MPTIKDIAKAAGVSPASVSRVINNGPKVGAKTREKIKRIMGEMEYQPNANAQAINVQNSLL
K6YVH7,MSTIKDVAREAGVSIATVSRVVNNGPKVGEKTKARVLSIMAELGYRPNENARALVTQKSLL
B1KRG0,MSTIKDIARVAGVSVATVSRVVNNDPKVKEKTKLKVTKVMLDLNYTPNANARALVTQKSLL
A0A0N8Q4A7,MATIYEVSKAAGVSLATVSRVINGNARVSERTKEKVHKAMDALGYKPNAIAQSLASNRSLL
A0A0F4P0B9,MATIYEVSKAAGVSLATVSRVMNGNAKVSDKTKEKVLAAMSELGYKPNAIAQSLASNRSLL
A0A0W1L556,MATIYQVSELAGVSLATVSRVMNKNTKVSDKTTKKVLDAMQTLGYKPNSIAQSLASNCSLL
A0A010QIH2,MATIYQVSEAAGVSLATVSRVMNGNAKVSERTRKKVEDAMASLGYQPNAIAQSLASNRSLL
U1KIS8,MATIYQVSELAGVSLATVSRVMNNNARVSDKTKEKVLSAMAELGYQPNAIAQSLASNCSLL
A0A1I0E0B7,MATIYEVSKLANVSLATVSRVMNGNTKVSDKTREKVLSAMRELGYRPNATARSLASNRSLL
A0A136I149,MATIYQVAERAGVSLSTVSRVLNGKSTVNQALKERVEQAVKELNYRPNSVARSLANSRSLL
A0A1Q6CJI5,MTTIYQVSELAKVSLATVSRVMNGNPRVSDKTREKVLAAMKELGYRPNLTAQSLASNRSLL
A4C564,MATIYDVSLLAGVSLATVSRVMNNTGRVSDKTRKKVEDAMSSLGYRPNMVAQSLASNRSLL
A0A0Q0HS09,MATIYEVSKLAGVSLATVSRVMNNNANVSDATRKKVTAAMDELGYRPNSIAQSLASNCSLL
A0A1E5IVE9,MATIYDVSVLAGVSLATVSRVMNKNAKVSEKTAQKVQDAMKQLGYRPNAIAQSLASNRSLL
A0A1S2T5M0,MATIYEVSKLAGVSLATVSRVINNNTPVREATRVKVLEAMDKLGYHPNSIAQSLASSRSLL
A0A0M2V4W0,MATIYQVSELAGVSLATVSRVMNNNVRVSEATRNKVLAAMEQLGYRPNSIAQSLASNRSLL
A0A1H3XML9,MATIYEVSKLAGVSLATVSRVMNKNTPVRESTRKKVEAAMAELGYRPNSIAQSLASSRSLL
A0A0P7XM53,MATIYEVAKLAGVSLATISRVLNGTAPVRESTKQKVEAAMRELGYRPNSVAQSLATNRSLL
K6W3R6,MATIYQVSELAGVSLATVSRVMNGGTRVSEKTREKVNKAMETLNYRPSSIARSLASNCSLL
A0A148KN52,MATIYQVSELAGVSLATVSRVINNNSLVSEKTKLKVLEAMKKLDYRPNTVAQSLASNRSLL
A0A0U3B8C1,MATIYQVSELAGVSLATVSRVMNGNTRVSEAKRAKVLEAMKELNYRPNSIAQSLASNCSLL
A0A1S6HTM8,MATIYDVSVLAGVSLATVSRVMNKNTKVSEKTEKKVLDAMEELGYRPNSIAQSLASNRSLL
A0A220PX32,MATIYDVSILAGVSLATVSRVVNNTGKVSEKTCKKVHDAMEQLGYRPNSIAQSLASNRSLL
B1KHD0,MATIYDVSVLAGVSLATVSRVMNKNTNVSEKTKKKVQDAMDQLGYRPSSIAQSLASNRSLL
Q084Z8,MLEATIYDVSVMAGVSLATVSRVMNNNTKVSDKTKQKVLDAMKALGYRPNTIAQSLASNCSLL
A0A1B7UMJ8,MATIYDVAERAGVSLATVSRVMNKNTNVGEKTKQKVLAAMAELDYRPNTFAQSLASNSSLL
A0A1M5MHB7,MATIYDVSVMAGVSLATVSRVVNNNAKVSEKTRKKVLAAMEALDYRPNAIARSLASSRSLL
A0A0S1YQW9,MVTIKQVSELAGVSSATVSRVINNTDTVKEKTRQQVLDAMEKLGYRHNVIAASLASNKSLL
A0A1Z9YMI9,MVTIKQVSEKAGVSSATVSRVINNTGTVKEKTRELVMTAMAELGYRHNVVAASLASNKSLL
A3YCK8,MNTITIKEVAELAQVSQSTVSRTLNDHPTVKEKNRQKVYEAIEKLGYKPNAFAQALASSRSLL
A0A193KCX6,MATIKEVSALAKVSTATVSRVLNGHAYVKEANKQRVYEAMKALNFQPNASAQALASNKSLL
R9PKH5,MRVITIKEVSELAKVSQATVSRAINGHSSVKEKNRVKVFNAIEQLGYKPNTFAQALASNRSLL
A0A066UXB9,MQVITIKEVAEYANVSQATVSRVINGQNSVKEKNLEKVKKAIAELGYTPNSAAKALASNRSLL
A0A1I5KA31,MITIKEVAELAKVSQSTVSRALNGHETVKEKNRIKVFDAIEKLGYQPNAFAQALASNRSLL
A0A090T3S6,MITIKEVAELAQVSQATVSRTLNGHSSVKEANKQKVFAAMEELGYQPNTFAQALASNRSLL
G8LPN3,MITTTMLEVAKRAGVSKATVSRVLSGNGYVSQETKDRVFQAIEESGYRPNLLARNLATKRSLL
A0A1X0WFI6,MKTMLDVANKAGVSKATVSRVLAGNSYVSKTTRDRVFKAVEEIGYRPNLVARNLATSKSLL
Q6CYR9,MATMLDVAKKAGVSKATVSRVLTGNNYVSKTTRDRVFQAIEEIGYRPNLLARQLATSKSLL
A0A240AUL7,MNGATILEVAKKAGVSKATVSRVLSGSGYVSQAKRALVDRAIAETGYRPNLLARNLATKTSLL
U2LSW6,MIVSTMQEVAKKAGVSKATVSRVLSGKGYVSEATKDQVFKAIEEAGYRPNLLARNLATNKSLL
A0A1T4LN99,MVTIQDIARVAGVSKATVSRALSGKVFVREEVKARIMQAVADTGYRPNLLARNLSTNKSLL
V3TP45,MITMLDVANHAGVSKATVSRVLNGTGQVRQSTRDIVFKSMKELGYRPNFLARSLANRRSLL
A0A1N6VIU0,MVTILDVARKAGVSKATVSRALNGKVVVSEDVKARIFQAIEETGYRPNLLARKLATNESLL
C9XZL7,MLPVTMRDVSVRAGVSKATVSRVLNNTGQVKESTRAQVFRAMEELGYRPNLLARSLAHRTSLL
A0A1Y6IYW9,MATINDVCKAAGVSKATVSRVINGSPQVREKTRIRVLETMKSLGYQPNVLAQALATNTSLL
L8JAL6,MATINDVCKLAGVSKATVSRVLNNTGQVKPATAEAVYQAMKTLGYKPNSLARALATNKSLL
A0A1D8MVF0,MITMLDVARRAGVSKATVSRVLNATGQVKQSTRNAVFHAMEELGYRPNLLAQALANQTSLL
A0A1B9NYQ2,MATINDVCKLAGVSKATVSRVMNGKGPVKEETKKLIFDAMETLNYKPSLVAQALATNSSLL
A0A151JFA1,MATITDVCALAGVSKATVSRVINGSEQVKPKTREAVHAAMRQLGYQPNTLAQALATNTSLL
A0A1X1LCI3,MQFATINDVCKLAGVSKATVSRVLNETGQVKAQTREAVLAAMQQLGYQPNSLAQALATNTSLL
A0A0F5VGK7,MATINDVCKATGYSKATVSRVLNGTGQVKAATRDAVLAAMQTLGYQPNALAQALATNTSLL
A0A1M7YPJ1,MATINDVCKAAGVSKATVSRVINHSGQVKEETRQHVLSIMEQLGYQPNLLAQALATNTSLL
A0A0C3E806,MATIKDVCKAAGVSKATVSRVLNGSEFVKEQTRQSVLEAMKSLGYQPNAFARALATNSSLL
A0A1I5TH43,MERITIYDIAEEAGVSASTVSRVLNGSASVRKEKKERIQKIIEKYNFKPNALAKGLSDTASLL
A0A220U334,MVTLKDVAKSAGVHPSVVSRVVNNDDGLHIKEDTRRRILDTIKELNYRPNQSARNLKKNESLL
A0A0S6UFN3,MVSITIKDIAQRSGVSCSTVSRVLTNHPNVDPKTRERVKQVIDELGYRPSRIARGLVMGQSLL
U4E477,MARIKDVAELAGVNRSTVSRIINGEGKFREETKRKVEQAMAELNYRPSAIARSLATASSLL
A0A081N511,MATIKDVAEHAQVSRATVSRVLNNTGQVTESTRDRVNAAIKELDYRPNPVAQSLACNTSLL
A0A0J1GRB0,MASIKDVATLAGVHRSTVSRIINGEGTFRADTRRKVECAMAELNYRPSAIARSLATASSLL
A0A0C5WRW7,MASIKDVAALAGVHRSTVSRIINGEGVFRSDTKRKVEQAMAELNYRPSAIARSLATASSLL
A0A090P2F4,MGSARIKDVAALAGVNRSTVSRIINGEGKFKEETRKKVEQAMAELNYRPSAIARSLATSSSLL
A0A085QMC5,MARIKDVAELAGVNRSTVSRIINGEGKFKEETRRKVEQAMAQLNYRPSAIARSLATSSSLL
