variant,seq,reporter_strain_1,reporter_strain_2,R1_RepSorted2,R2_RepSorted2
wt,KPVTLYDVAEYAGVSYQTVSRVVNQASHVSAKTREKVEAAMAELNYIPNRVAQQLAGKQ,19509,24373,86691,103928
K2A,APVTLYDVAEYAGVSYQTVSRVVNQASHVSAKTREKVEAAMAELNYIPNRVAQQLAGKQ,259,310,92,77
K2C,CPVTLYDVAEYAGVSYQTVSRVVNQASHVSAKTREKVEAAMAELNYIPNRVAQQLAGKQ,170,206,415,525
K2D,DPVTLYDVAEYAGVSYQTVSRVVNQASHVSAKTREKVEAAMAELNYIPNRVAQQLAGKQ,339,423,99,107
K2E,EPVTLYDVAEYAGVSYQTVSRVVNQASHVSAKTREKVEAAMAELNYIPNRVAQQLAGKQ,191,244,42,46
K2F,FPVTLYDVAEYAGVSYQTVSRVVNQASHVSAKTREKVEAAMAELNYIPNRVAQQLAGKQ,235,337,248,384
K2G,GPVTLYDVAEYAGVSYQTVSRVVNQASHVSAKTREKVEAAMAELNYIPNRVAQQLAGKQ,219,284,35,44
K2H,HPVTLYDVAEYAGVSYQTVSRVVNQASHVSAKTREKVEAAMAELNYIPNRVAQQLAGKQ,155,216,259,275
K2I,IPVTLYDVAEYAGVSYQTVSRVVNQASHVSAKTREKVEAAMAELNYIPNRVAQQLAGKQ,319,402,60,96
K2L,LPVTLYDVAEYAGVSYQTVSRVVNQASHVSAKTREKVEAAMAELNYIPNRVAQQLAGKQ,122,170,25,23
K2M,MPVTLYDVAEYAGVSYQTVSRVVNQASHVSAKTREKVEAAMAELNYIPNRVAQQLAGKQ,337,423,66,39
K2N,NPVTLYDVAEYAGVSYQTVSRVVNQASHVSAKTREKVEAAMAELNYIPNRVAQQLAGKQ,162,249,399,361
K2P,PPVTLYDVAEYAGVSYQTVSRVVNQASHVSAKTREKVEAAMAELNYIPNRVAQQLAGKQ,19,26,9,4
K2Q,QPVTLYDVAEYAGVSYQTVSRVVNQASHVSAKTREKVEAAMAELNYIPNRVAQQLAGKQ,199,222,78,74
K2R,RPVTLYDVAEYAGVSYQTVSRVVNQASHVSAKTREKVEAAMAELNYIPNRVAQQLAGKQ,145,203,41,22
K2S,SPVTLYDVAEYAGVSYQTVSRVVNQASHVSAKTREKVEAAMAELNYIPNRVAQQLAGKQ,163,204,192,289
K2T,TPVTLYDVAEYAGVSYQTVSRVVNQASHVSAKTREKVEAAMAELNYIPNRVAQQLAGKQ,194,252,380,394
K2V,VPVTLYDVAEYAGVSYQTVSRVVNQASHVSAKTREKVEAAMAELNYIPNRVAQQLAGKQ,237,307,218,276
K2W,WPVTLYDVAEYAGVSYQTVSRVVNQASHVSAKTREKVEAAMAELNYIPNRVAQQLAGKQ,135,191,191,193
K2Y,YPVTLYDVAEYAGVSYQTVSRVVNQASHVSAKTREKVEAAMAELNYIPNRVAQQLAGKQ,425,510,1571,2038
P3A,KAVTLYDVAEYAGVSYQTVSRVVNQASHVSAKTREKVEAAMAELNYIPNRVAQQLAGKQ,370,464,2052,2563
P3C,KCVTLYDVAEYAGVSYQTVSRVVNQASHVSAKTREKVEAAMAELNYIPNRVAQQLAGKQ,486,645,2858,3169
P3D,KDVTLYDVAEYAGVSYQTVSRVVNQASHVSAKTREKVEAAMAELNYIPNRVAQQLAGKQ,438,606,1982,2402
P3E,KEVTLYDVAEYAGVSYQTVSRVVNQASHVSAKTREKVEAAMAELNYIPNRVAQQLAGKQ,431,541,1062,1385
P3F,KFVTLYDVAEYAGVSYQTVSRVVNQASHVSAKTREKVEAAMAELNYIPNRVAQQLAGKQ,165,255,386,489
P3G,KGVTLYDVAEYAGVSYQTVSRVVNQASHVSAKTREKVEAAMAELNYIPNRVAQQLAGKQ,342,437,1958,2643
P3H,KHVTLYDVAEYAGVSYQTVSRVVNQASHVSAKTREKVEAAMAELNYIPNRVAQQLAGKQ,352,448,1767,2133
P3I,KIVTLYDVAEYAGVSYQTVSRVVNQASHVSAKTREKVEAAMAELNYIPNRVAQQLAGKQ,340,432,1732,2400
P3K,KKVTLYDVAEYAGVSYQTVSRVVNQASHVSAKTREKVEAAMAELNYIPNRVAQQLAGKQ,274,358,942,1299
P3L,KLVTLYDVAEYAGVSYQTVSRVVNQASHVSAKTREKVEAAMAELNYIPNRVAQQLAGKQ,317,446,2009,2193
P3M,KMVTLYDVAEYAGVSYQTVSRVVNQASHVSAKTREKVEAAMAELNYIPNRVAQQLAGKQ,393,527,2027,2600
P3N,KNVTLYDVAEYAGVSYQTVSRVVNQASHVSAKTREKVEAAMAELNYIPNRVAQQLAGKQ,469,624,2823,3596
P3Q,KQVTLYDVAEYAGVSYQTVSRVVNQASHVSAKTREKVEAAMAELNYIPNRVAQQLAGKQ,310,388,1474,2236
P3R,KRVTLYDVAEYAGVSYQTVSRVVNQASHVSAKTREKVEAAMAELNYIPNRVAQQLAGKQ,398,553,2442,2693
P3S,KSVTLYDVAEYAGVSYQTVSRVVNQASHVSAKTREKVEAAMAELNYIPNRVAQQLAGKQ,549,656,2632,3695
P3T,KTVTLYDVAEYAGVSYQTVSRVVNQASHVSAKTREKVEAAMAELNYIPNRVAQQLAGKQ,482,638,2410,3231
P3V,KVVTLYDVAEYAGVSYQTVSRVVNQASHVSAKTREKVEAAMAELNYIPNRVAQQLAGKQ,509,674,1151,1413
P3W,KWVTLYDVAEYAGVSYQTVSRVVNQASHVSAKTREKVEAAMAELNYIPNRVAQQLAGKQ,359,464,2125,2890
P3Y,KYVTLYDVAEYAGVSYQTVSRVVNQASHVSAKTREKVEAAMAELNYIPNRVAQQLAGKQ,181,226,452,555
V4A,KPATLYDVAEYAGVSYQTVSRVVNQASHVSAKTREKVEAAMAELNYIPNRVAQQLAGKQ,294,468,1749,2269
V4C,KPCTLYDVAEYAGVSYQTVSRVVNQASHVSAKTREKVEAAMAELNYIPNRVAQQLAGKQ,472,600,2673,3127
V4D,KPDTLYDVAEYAGVSYQTVSRVVNQASHVSAKTREKVEAAMAELNYIPNRVAQQLAGKQ,226,277,12,11
V4E,KPETLYDVAEYAGVSYQTVSRVVNQASHVSAKTREKVEAAMAELNYIPNRVAQQLAGKQ,299,385,31,32
V4F,KPFTLYDVAEYAGVSYQTVSRVVNQASHVSAKTREKVEAAMAELNYIPNRVAQQLAGKQ,388,490,1998,2786
V4G,KPGTLYDVAEYAGVSYQTVSRVVNQASHVSAKTREKVEAAMAELNYIPNRVAQQLAGKQ,206,296,29,41
V4H,KPHTLYDVAEYAGVSYQTVSRVVNQASHVSAKTREKVEAAMAELNYIPNRVAQQLAGKQ,304,406,1506,1865
V4I,KPITLYDVAEYAGVSYQTVSRVVNQASHVSAKTREKVEAAMAELNYIPNRVAQQLAGKQ,300,409,1674,2048
V4K,KPKTLYDVAEYAGVSYQTVSRVVNQASHVSAKTREKVEAAMAELNYIPNRVAQQLAGKQ,314,353,1402,1624
V4L,KPLTLYDVAEYAGVSYQTVSRVVNQASHVSAKTREKVEAAMAELNYIPNRVAQQLAGKQ,329,453,1305,1623
V4M,KPMTLYDVAEYAGVSYQTVSRVVNQASHVSAKTREKVEAAMAELNYIPNRVAQQLAGKQ,374,479,1922,2266
V4N,KPNTLYDVAEYAGVSYQTVSRVVNQASHVSAKTREKVEAAMAELNYIPNRVAQQLAGKQ,359,494,1574,1839
V4P,KPPTLYDVAEYAGVSYQTVSRVVNQASHVSAKTREKVEAAMAELNYIPNRVAQQLAGKQ,455,575,2749,2988
V4Q,KPQTLYDVAEYAGVSYQTVSRVVNQASHVSAKTREKVEAAMAELNYIPNRVAQQLAGKQ,320,378,296,369
V4R,KPRTLYDVAEYAGVSYQTVSRVVNQASHVSAKTREKVEAAMAELNYIPNRVAQQLAGKQ,338,432,2319,2512
V4S,KPSTLYDVAEYAGVSYQTVSRVVNQASHVSAKTREKVEAAMAELNYIPNRVAQQLAGKQ,346,511,1674,1952
V4T,KPTTLYDVAEYAGVSYQTVSRVVNQASHVSAKTREKVEAAMAELNYIPNRVAQQLAGKQ,367,563,2483,2703
V4W,KPWTLYDVAEYAGVSYQTVSRVVNQASHVSAKTREKVEAAMAELNYIPNRVAQQLAGKQ,292,364,867,1259
V4Y,KPYTLYDVAEYAGVSYQTVSRVVNQASHVSAKTREKVEAAMAELNYIPNRVAQQLAGKQ,274,350,1989,2509
T5A,KPVALYDVAEYAGVSYQTVSRVVNQASHVSAKTREKVEAAMAELNYIPNRVAQQLAGKQ,238,300,12,21
T5C,KPVCLYDVAEYAGVSYQTVSRVVNQASHVSAKTREKVEAAMAELNYIPNRVAQQLAGKQ,274,316,7,17
T5D,KPVDLYDVAEYAGVSYQTVSRVVNQASHVSAKTREKVEAAMAELNYIPNRVAQQLAGKQ,348,409,8,14
T5E,KPVELYDVAEYAGVSYQTVSRVVNQASHVSAKTREKVEAAMAELNYIPNRVAQQLAGKQ,274,410,10,7
T5F,KPVFLYDVAEYAGVSYQTVSRVVNQASHVSAKTREKVEAAMAELNYIPNRVAQQLAGKQ,314,390,11,7
T5G,KPVGLYDVAEYAGVSYQTVSRVVNQASHVSAKTREKVEAAMAELNYIPNRVAQQLAGKQ,302,412,10,19
T5H,KPVHLYDVAEYAGVSYQTVSRVVNQASHVSAKTREKVEAAMAELNYIPNRVAQQLAGKQ,227,284,5,12
T5I,KPVILYDVAEYAGVSYQTVSRVVNQASHVSAKTREKVEAAMAELNYIPNRVAQQLAGKQ,227,315,6,3
T5K,KPVKLYDVAEYAGVSYQTVSRVVNQASHVSAKTREKVEAAMAELNYIPNRVAQQLAGKQ,154,219,5,19
T5L,KPVLLYDVAEYAGVSYQTVSRVVNQASHVSAKTREKVEAAMAELNYIPNRVAQQLAGKQ,233,283,7,6
T5M,KPVMLYDVAEYAGVSYQTVSRVVNQASHVSAKTREKVEAAMAELNYIPNRVAQQLAGKQ,146,207,17,18
T5N,KPVNLYDVAEYAGVSYQTVSRVVNQASHVSAKTREKVEAAMAELNYIPNRVAQQLAGKQ,295,387,508,683
T5P,KPVPLYDVAEYAGVSYQTVSRVVNQASHVSAKTREKVEAAMAELNYIPNRVAQQLAGKQ,203,220,20,13
T5Q,KPVQLYDVAEYAGVSYQTVSRVVNQASHVSAKTREKVEAAMAELNYIPNRVAQQLAGKQ,197,208,3,15
T5R,KPVRLYDVAEYAGVSYQTVSRVVNQASHVSAKTREKVEAAMAELNYIPNRVAQQLAGKQ,368,514,407,625
T5S,KPVSLYDVAEYAGVSYQTVSRVVNQASHVSAKTREKVEAAMAELNYIPNRVAQQLAGKQ,269,385,129,160
T5V,KPVVLYDVAEYAGVSYQTVSRVVNQASHVSAKTREKVEAAMAELNYIPNRVAQQLAGKQ,204,258,3,13
T5W,KPVWLYDVAEYAGVSYQTVSRVVNQASHVSAKTREKVEAAMAELNYIPNRVAQQLAGKQ,260,390,4,7
T5Y,KPVYLYDVAEYAGVSYQTVSRVVNQASHVSAKTREKVEAAMAELNYIPNRVAQQLAGKQ,243,305,13,6
L6A,KPVTAYDVAEYAGVSYQTVSRVVNQASHVSAKTREKVEAAMAELNYIPNRVAQQLAGKQ,284,373,302,428
L6C,KPVTCYDVAEYAGVSYQTVSRVVNQASHVSAKTREKVEAAMAELNYIPNRVAQQLAGKQ,285,347,1273,1392
L6D,KPVTDYDVAEYAGVSYQTVSRVVNQASHVSAKTREKVEAAMAELNYIPNRVAQQLAGKQ,236,292,8,12
L6E,KPVTEYDVAEYAGVSYQTVSRVVNQASHVSAKTREKVEAAMAELNYIPNRVAQQLAGKQ,216,300,3,9
L6F,KPVTFYDVAEYAGVSYQTVSRVVNQASHVSAKTREKVEAAMAELNYIPNRVAQQLAGKQ,199,299,914,1268
L6G,KPVTGYDVAEYAGVSYQTVSRVVNQASHVSAKTREKVEAAMAELNYIPNRVAQQLAGKQ,235,298,10,5
L6H,KPVTHYDVAEYAGVSYQTVSRVVNQASHVSAKTREKVEAAMAELNYIPNRVAQQLAGKQ,171,203,4,5
L6I,KPVTIYDVAEYAGVSYQTVSRVVNQASHVSAKTREKVEAAMAELNYIPNRVAQQLAGKQ,319,425,1823,2052
L6K,KPVTKYDVAEYAGVSYQTVSRVVNQASHVSAKTREKVEAAMAELNYIPNRVAQQLAGKQ,330,453,15,8
L6M,KPVTMYDVAEYAGVSYQTVSRVVNQASHVSAKTREKVEAAMAELNYIPNRVAQQLAGKQ,408,501,2715,3146
L6N,KPVTNYDVAEYAGVSYQTVSRVVNQASHVSAKTREKVEAAMAELNYIPNRVAQQLAGKQ,289,364,11,15
L6P,KPVTPYDVAEYAGVSYQTVSRVVNQASHVSAKTREKVEAAMAELNYIPNRVAQQLAGKQ,193,219,10,14
L6Q,KPVTQYDVAEYAGVSYQTVSRVVNQASHVSAKTREKVEAAMAELNYIPNRVAQQLAGKQ,261,336,1449,1793
L6R,KPVTRYDVAEYAGVSYQTVSRVVNQASHVSAKTREKVEAAMAELNYIPNRVAQQLAGKQ,264,306,10,11
L6S,KPVTSYDVAEYAGVSYQTVSRVVNQASHVSAKTREKVEAAMAELNYIPNRVAQQLAGKQ,280,351,846,1057
L6T,KPVTTYDVAEYAGVSYQTVSRVVNQASHVSAKTREKVEAAMAELNYIPNRVAQQLAGKQ,325,448,71,88
L6V,KPVTVYDVAEYAGVSYQTVSRVVNQASHVSAKTREKVEAAMAELNYIPNRVAQQLAGKQ,197,255,26,45
L6W,KPVTWYDVAEYAGVSYQTVSRVVNQASHVSAKTREKVEAAMAELNYIPNRVAQQLAGKQ,152,217,10,14
L6Y,KPVTYYDVAEYAGVSYQTVSRVVNQASHVSAKTREKVEAAMAELNYIPNRVAQQLAGKQ,436,601,1388,2023
Y7A,KPVTLADVAEYAGVSYQTVSRVVNQASHVSAKTREKVEAAMAELNYIPNRVAQQLAGKQ,263,322,100,139
Y7C,KPVTLCDVAEYAGVSYQTVSRVVNQASHVSAKTREKVEAAMAELNYIPNRVAQQLAGKQ,274,362,334,372
Y7D,KPVTLDDVAEYAGVSYQTVSRVVNQASHVSAKTREKVEAAMAELNYIPNRVAQQLAGKQ,184,271,51,60
Y7E,KPVTLEDVAEYAGVSYQTVSRVVNQASHVSAKTREKVEAAMAELNYIPNRVAQQLAGKQ,307,384,31,36
Y7F,KPVTLFDVAEYAGVSYQTVSRVVNQASHVSAKTREKVEAAMAELNYIPNRVAQQLAGKQ,335,393,151,206
Y7G,KPVTLGDVAEYAGVSYQTVSRVVNQASHVSAKTREKVEAAMAELNYIPNRVAQQLAGKQ,256,358,18,19
Y7H,KPVTLHDVAEYAGVSYQTVSRVVNQASHVSAKTREKVEAAMAELNYIPNRVAQQLAGKQ,229,313,179,222
Y7I,KPVTLIDVAEYAGVSYQTVSRVVNQASHVSAKTREKVEAAMAELNYIPNRVAQQLAGKQ,254,302,33,41
Y7K,KPVTLKDVAEYAGVSYQTVSRVVNQASHVSAKTREKVEAAMAELNYIPNRVAQQLAGKQ,364,448,618,935
Y7L,KPVTLLDVAEYAGVSYQTVSRVVNQASHVSAKTREKVEAAMAELNYIPNRVAQQLAGKQ,326,412,44,25
Y7M,KPVTLMDVAEYAGVSYQTVSRVVNQASHVSAKTREKVEAAMAELNYIPNRVAQQLAGKQ,322,392,215,146
Y7N,KPVTLNDVAEYAGVSYQTVSRVVNQASHVSAKTREKVEAAMAELNYIPNRVAQQLAGKQ,315,366,364,466
Y7P,KPVTLPDVAEYAGVSYQTVSRVVNQASHVSAKTREKVEAAMAELNYIPNRVAQQLAGKQ,281,305,11,8
Y7Q,KPVTLQDVAEYAGVSYQTVSRVVNQASHVSAKTREKVEAAMAELNYIPNRVAQQLAGKQ,224,266,212,256
Y7R,KPVTLRDVAEYAGVSYQTVSRVVNQASHVSAKTREKVEAAMAELNYIPNRVAQQLAGKQ,234,259,393,468
Y7S,KPVTLSDVAEYAGVSYQTVSRVVNQASHVSAKTREKVEAAMAELNYIPNRVAQQLAGKQ,219,263,70,11
Y7T,KPVTLTDVAEYAGVSYQTVSRVVNQASHVSAKTREKVEAAMAELNYIPNRVAQQLAGKQ,266,327,108,158
Y7V,KPVTLVDVAEYAGVSYQTVSRVVNQASHVSAKTREKVEAAMAELNYIPNRVAQQLAGKQ,398,532,385,489
Y7W,KPVTLWDVAEYAGVSYQTVSRVVNQASHVSAKTREKVEAAMAELNYIPNRVAQQLAGKQ,218,287,7,8
D8A,KPVTLYAVAEYAGVSYQTVSRVVNQASHVSAKTREKVEAAMAELNYIPNRVAQQLAGKQ,240,351,537,605
D8C,KPVTLYCVAEYAGVSYQTVSRVVNQASHVSAKTREKVEAAMAELNYIPNRVAQQLAGKQ,286,364,15,11
D8E,KPVTLYEVAEYAGVSYQTVSRVVNQASHVSAKTREKVEAAMAELNYIPNRVAQQLAGKQ,255,335,1405,1552
D8F,KPVTLYFVAEYAGVSYQTVSRVVNQASHVSAKTREKVEAAMAELNYIPNRVAQQLAGKQ,303,329,7,10
D8G,KPVTLYGVAEYAGVSYQTVSRVVNQASHVSAKTREKVEAAMAELNYIPNRVAQQLAGKQ,269,322,536,634
D8H,KPVTLYHVAEYAGVSYQTVSRVVNQASHVSAKTREKVEAAMAELNYIPNRVAQQLAGKQ,324,445,1680,2349
D8I,KPVTLYIVAEYAGVSYQTVSRVVNQASHVSAKTREKVEAAMAELNYIPNRVAQQLAGKQ,269,356,36,40
D8K,KPVTLYKVAEYAGVSYQTVSRVVNQASHVSAKTREKVEAAMAELNYIPNRVAQQLAGKQ,326,396,1140,1490
D8L,KPVTLYLVAEYAGVSYQTVSRVVNQASHVSAKTREKVEAAMAELNYIPNRVAQQLAGKQ,325,400,12,23
D8M,KPVTLYMVAEYAGVSYQTVSRVVNQASHVSAKTREKVEAAMAELNYIPNRVAQQLAGKQ,465,604,515,637
D8N,KPVTLYNVAEYAGVSYQTVSRVVNQASHVSAKTREKVEAAMAELNYIPNRVAQQLAGKQ,309,394,1340,2005
D8P,KPVTLYPVAEYAGVSYQTVSRVVNQASHVSAKTREKVEAAMAELNYIPNRVAQQLAGKQ,247,312,3,15
D8Q,KPVTLYQVAEYAGVSYQTVSRVVNQASHVSAKTREKVEAAMAELNYIPNRVAQQLAGKQ,420,635,2535,2888
D8R,KPVTLYRVAEYAGVSYQTVSRVVNQASHVSAKTREKVEAAMAELNYIPNRVAQQLAGKQ,295,393,920,798
D8S,KPVTLYSVAEYAGVSYQTVSRVVNQASHVSAKTREKVEAAMAELNYIPNRVAQQLAGKQ,281,345,481,611
D8T,KPVTLYTVAEYAGVSYQTVSRVVNQASHVSAKTREKVEAAMAELNYIPNRVAQQLAGKQ,343,470,2050,2342
D8V,KPVTLYVVAEYAGVSYQTVSRVVNQASHVSAKTREKVEAAMAELNYIPNRVAQQLAGKQ,277,391,30,29
D8W,KPVTLYWVAEYAGVSYQTVSRVVNQASHVSAKTREKVEAAMAELNYIPNRVAQQLAGKQ,201,250,3,8
D8Y,KPVTLYYVAEYAGVSYQTVSRVVNQASHVSAKTREKVEAAMAELNYIPNRVAQQLAGKQ,303,395,42,74
V9A,KPVTLYDAAEYAGVSYQTVSRVVNQASHVSAKTREKVEAAMAELNYIPNRVAQQLAGKQ,169,221,23,37
V9C,KPVTLYDCAEYAGVSYQTVSRVVNQASHVSAKTREKVEAAMAELNYIPNRVAQQLAGKQ,232,318,16,12
V9D,KPVTLYDDAEYAGVSYQTVSRVVNQASHVSAKTREKVEAAMAELNYIPNRVAQQLAGKQ,236,339,17,29
V9E,KPVTLYDEAEYAGVSYQTVSRVVNQASHVSAKTREKVEAAMAELNYIPNRVAQQLAGKQ,237,289,13,22
V9F,KPVTLYDFAEYAGVSYQTVSRVVNQASHVSAKTREKVEAAMAELNYIPNRVAQQLAGKQ,260,326,18,17
V9G,KPVTLYDGAEYAGVSYQTVSRVVNQASHVSAKTREKVEAAMAELNYIPNRVAQQLAGKQ,190,235,7,26
V9H,KPVTLYDHAEYAGVSYQTVSRVVNQASHVSAKTREKVEAAMAELNYIPNRVAQQLAGKQ,202,247,5,5
V9I,KPVTLYDIAEYAGVSYQTVSRVVNQASHVSAKTREKVEAAMAELNYIPNRVAQQLAGKQ,353,393,1584,2213
V9K,KPVTLYDKAEYAGVSYQTVSRVVNQASHVSAKTREKVEAAMAELNYIPNRVAQQLAGKQ,124,189,2,5
V9L,KPVTLYDLAEYAGVSYQTVSRVVNQASHVSAKTREKVEAAMAELNYIPNRVAQQLAGKQ,316,395,68,40
V9M,KPVTLYDMAEYAGVSYQTVSRVVNQASHVSAKTREKVEAAMAELNYIPNRVAQQLAGKQ,198,258,2,7
V9N,KPVTLYDNAEYAGVSYQTVSRVVNQASHVSAKTREKVEAAMAELNYIPNRVAQQLAGKQ,212,227,5,4
V9P,KPVTLYDPAEYAGVSYQTVSRVVNQASHVSAKTREKVEAAMAELNYIPNRVAQQLAGKQ,304,355,14,9
V9Q,KPVTLYDQAEYAGVSYQTVSRVVNQASHVSAKTREKVEAAMAELNYIPNRVAQQLAGKQ,235,298,9,4
V9R,KPVTLYDRAEYAGVSYQTVSRVVNQASHVSAKTREKVEAAMAELNYIPNRVAQQLAGKQ,266,328,10,3
V9S,KPVTLYDSAEYAGVSYQTVSRVVNQASHVSAKTREKVEAAMAELNYIPNRVAQQLAGKQ,199,279,5,10
V9T,KPVTLYDTAEYAGVSYQTVSRVVNQASHVSAKTREKVEAAMAELNYIPNRVAQQLAGKQ,191,242,5,12
V9W,KPVTLYDWAEYAGVSYQTVSRVVNQASHVSAKTREKVEAAMAELNYIPNRVAQQLAGKQ,234,330,13,18
V9Y,KPVTLYDYAEYAGVSYQTVSRVVNQASHVSAKTREKVEAAMAELNYIPNRVAQQLAGKQ,153,181,0,1
A10C,KPVTLYDVCEYAGVSYQTVSRVVNQASHVSAKTREKVEAAMAELNYIPNRVAQQLAGKQ,265,346,19,15
A10D,KPVTLYDVDEYAGVSYQTVSRVVNQASHVSAKTREKVEAAMAELNYIPNRVAQQLAGKQ,195,269,14,6
A10E,KPVTLYDVEEYAGVSYQTVSRVVNQASHVSAKTREKVEAAMAELNYIPNRVAQQLAGKQ,333,383,18,17
A10F,KPVTLYDVFEYAGVSYQTVSRVVNQASHVSAKTREKVEAAMAELNYIPNRVAQQLAGKQ,450,568,23,14
A10G,KPVTLYDVGEYAGVSYQTVSRVVNQASHVSAKTREKVEAAMAELNYIPNRVAQQLAGKQ,293,349,654,853
A10H,KPVTLYDVHEYAGVSYQTVSRVVNQASHVSAKTREKVEAAMAELNYIPNRVAQQLAGKQ,200,287,14,9
A10I,KPVTLYDVIEYAGVSYQTVSRVVNQASHVSAKTREKVEAAMAELNYIPNRVAQQLAGKQ,202,256,4,7
A10K,KPVTLYDVKEYAGVSYQTVSRVVNQASHVSAKTREKVEAAMAELNYIPNRVAQQLAGKQ,208,285,3,8
A10L,KPVTLYDVLEYAGVSYQTVSRVVNQASHVSAKTREKVEAAMAELNYIPNRVAQQLAGKQ,179,237,5,2
A10M,KPVTLYDVMEYAGVSYQTVSRVVNQASHVSAKTREKVEAAMAELNYIPNRVAQQLAGKQ,264,339,4,13
A10N,KPVTLYDVNEYAGVSYQTVSRVVNQASHVSAKTREKVEAAMAELNYIPNRVAQQLAGKQ,280,339,12,10
A10P,KPVTLYDVPEYAGVSYQTVSRVVNQASHVSAKTREKVEAAMAELNYIPNRVAQQLAGKQ,248,341,20,13
A10Q,KPVTLYDVQEYAGVSYQTVSRVVNQASHVSAKTREKVEAAMAELNYIPNRVAQQLAGKQ,350,428,9,9
A10R,KPVTLYDVREYAGVSYQTVSRVVNQASHVSAKTREKVEAAMAELNYIPNRVAQQLAGKQ,214,307,17,20
A10S,KPVTLYDVSEYAGVSYQTVSRVVNQASHVSAKTREKVEAAMAELNYIPNRVAQQLAGKQ,289,398,240,343
A10T,KPVTLYDVTEYAGVSYQTVSRVVNQASHVSAKTREKVEAAMAELNYIPNRVAQQLAGKQ,243,278,99,95
A10V,KPVTLYDVVEYAGVSYQTVSRVVNQASHVSAKTREKVEAAMAELNYIPNRVAQQLAGKQ,247,348,19,17
A10W,KPVTLYDVWEYAGVSYQTVSRVVNQASHVSAKTREKVEAAMAELNYIPNRVAQQLAGKQ,262,345,11,13
A10Y,KPVTLYDVYEYAGVSYQTVSRVVNQASHVSAKTREKVEAAMAELNYIPNRVAQQLAGKQ,240,281,9,6
E11A,KPVTLYDVAAYAGVSYQTVSRVVNQASHVSAKTREKVEAAMAELNYIPNRVAQQLAGKQ,292,372,2255,2617
E11C,KPVTLYDVACYAGVSYQTVSRVVNQASHVSAKTREKVEAAMAELNYIPNRVAQQLAGKQ,378,504,2366,2878
E11D,KPVTLYDVADYAGVSYQTVSRVVNQASHVSAKTREKVEAAMAELNYIPNRVAQQLAGKQ,261,337,1597,1801
E11F,KPVTLYDVAFYAGVSYQTVSRVVNQASHVSAKTREKVEAAMAELNYIPNRVAQQLAGKQ,220,304,1279,1391
E11G,KPVTLYDVAGYAGVSYQTVSRVVNQASHVSAKTREKVEAAMAELNYIPNRVAQQLAGKQ,242,349,1725,2076
E11H,KPVTLYDVAHYAGVSYQTVSRVVNQASHVSAKTREKVEAAMAELNYIPNRVAQQLAGKQ,260,305,1493,1832
E11I,KPVTLYDVAIYAGVSYQTVSRVVNQASHVSAKTREKVEAAMAELNYIPNRVAQQLAGKQ,330,423,1788,2167
E11K,KPVTLYDVAKYAGVSYQTVSRVVNQASHVSAKTREKVEAAMAELNYIPNRVAQQLAGKQ,247,312,1510,1596
E11L,KPVTLYDVALYAGVSYQTVSRVVNQASHVSAKTREKVEAAMAELNYIPNRVAQQLAGKQ,287,359,1770,1865
E11M,KPVTLYDVAMYAGVSYQTVSRVVNQASHVSAKTREKVEAAMAELNYIPNRVAQQLAGKQ,222,289,1510,1737
E11N,KPVTLYDVANYAGVSYQTVSRVVNQASHVSAKTREKVEAAMAELNYIPNRVAQQLAGKQ,299,431,2015,2165
E11P,KPVTLYDVAPYAGVSYQTVSRVVNQASHVSAKTREKVEAAMAELNYIPNRVAQQLAGKQ,204,240,3,5
E11Q,KPVTLYDVAQYAGVSYQTVSRVVNQASHVSAKTREKVEAAMAELNYIPNRVAQQLAGKQ,301,394,2227,2594
E11R,KPVTLYDVARYAGVSYQTVSRVVNQASHVSAKTREKVEAAMAELNYIPNRVAQQLAGKQ,357,407,1864,2539
E11S,KPVTLYDVASYAGVSYQTVSRVVNQASHVSAKTREKVEAAMAELNYIPNRVAQQLAGKQ,371,465,2396,2427
E11T,KPVTLYDVATYAGVSYQTVSRVVNQASHVSAKTREKVEAAMAELNYIPNRVAQQLAGKQ,427,519,2140,2568
E11V,KPVTLYDVAVYAGVSYQTVSRVVNQASHVSAKTREKVEAAMAELNYIPNRVAQQLAGKQ,366,412,1539,2340
E11W,KPVTLYDVAWYAGVSYQTVSRVVNQASHVSAKTREKVEAAMAELNYIPNRVAQQLAGKQ,275,335,45,30
E11Y,KPVTLYDVAYYAGVSYQTVSRVVNQASHVSAKTREKVEAAMAELNYIPNRVAQQLAGKQ,427,480,2522,2781
Y12A,KPVTLYDVAEAAGVSYQTVSRVVNQASHVSAKTREKVEAAMAELNYIPNRVAQQLAGKQ,258,347,1550,1851
Y12C,KPVTLYDVAECAGVSYQTVSRVVNQASHVSAKTREKVEAAMAELNYIPNRVAQQLAGKQ,253,320,1579,1957
Y12D,KPVTLYDVAEDAGVSYQTVSRVVNQASHVSAKTREKVEAAMAELNYIPNRVAQQLAGKQ,274,358,29,44
Y12E,KPVTLYDVAEEAGVSYQTVSRVVNQASHVSAKTREKVEAAMAELNYIPNRVAQQLAGKQ,309,394,1723,1928
Y12F,KPVTLYDVAEFAGVSYQTVSRVVNQASHVSAKTREKVEAAMAELNYIPNRVAQQLAGKQ,336,492,2009,2785
Y12G,KPVTLYDVAEGAGVSYQTVSRVVNQASHVSAKTREKVEAAMAELNYIPNRVAQQLAGKQ,195,270,25,33
Y12H,KPVTLYDVAEHAGVSYQTVSRVVNQASHVSAKTREKVEAAMAELNYIPNRVAQQLAGKQ,336,433,2261,2744
Y12I,KPVTLYDVAEIAGVSYQTVSRVVNQASHVSAKTREKVEAAMAELNYIPNRVAQQLAGKQ,358,470,2336,2756
Y12K,KPVTLYDVAEKAGVSYQTVSRVVNQASHVSAKTREKVEAAMAELNYIPNRVAQQLAGKQ,428,580,2801,3032
Y12L,KPVTLYDVAELAGVSYQTVSRVVNQASHVSAKTREKVEAAMAELNYIPNRVAQQLAGKQ,247,291,1545,1528
Y12M,KPVTLYDVAEMAGVSYQTVSRVVNQASHVSAKTREKVEAAMAELNYIPNRVAQQLAGKQ,292,418,1793,2017
Y12N,KPVTLYDVAENAGVSYQTVSRVVNQASHVSAKTREKVEAAMAELNYIPNRVAQQLAGKQ,279,378,1520,1971
Y12P,KPVTLYDVAEPAGVSYQTVSRVVNQASHVSAKTREKVEAAMAELNYIPNRVAQQLAGKQ,227,222,12,10
Y12Q,KPVTLYDVAEQAGVSYQTVSRVVNQASHVSAKTREKVEAAMAELNYIPNRVAQQLAGKQ,268,348,1638,1859
Y12R,KPVTLYDVAERAGVSYQTVSRVVNQASHVSAKTREKVEAAMAELNYIPNRVAQQLAGKQ,339,443,1946,2424
Y12S,KPVTLYDVAESAGVSYQTVSRVVNQASHVSAKTREKVEAAMAELNYIPNRVAQQLAGKQ,373,468,2176,2641
Y12T,KPVTLYDVAETAGVSYQTVSRVVNQASHVSAKTREKVEAAMAELNYIPNRVAQQLAGKQ,233,274,1491,1408
Y12V,KPVTLYDVAEVAGVSYQTVSRVVNQASHVSAKTREKVEAAMAELNYIPNRVAQQLAGKQ,408,581,2138,2721
Y12W,KPVTLYDVAEWAGVSYQTVSRVVNQASHVSAKTREKVEAAMAELNYIPNRVAQQLAGKQ,401,527,2022,2901
A13C,KPVTLYDVAEYCGVSYQTVSRVVNQASHVSAKTREKVEAAMAELNYIPNRVAQQLAGKQ,306,439,1950,2167
A13D,KPVTLYDVAEYDGVSYQTVSRVVNQASHVSAKTREKVEAAMAELNYIPNRVAQQLAGKQ,261,300,19,33
A13E,KPVTLYDVAEYEGVSYQTVSRVVNQASHVSAKTREKVEAAMAELNYIPNRVAQQLAGKQ,180,218,8,8
A13F,KPVTLYDVAEYFGVSYQTVSRVVNQASHVSAKTREKVEAAMAELNYIPNRVAQQLAGKQ,383,441,2,19
A13G,KPVTLYDVAEYGGVSYQTVSRVVNQASHVSAKTREKVEAAMAELNYIPNRVAQQLAGKQ,228,283,12,22
A13H,KPVTLYDVAEYHGVSYQTVSRVVNQASHVSAKTREKVEAAMAELNYIPNRVAQQLAGKQ,342,445,22,25
A13I,KPVTLYDVAEYIGVSYQTVSRVVNQASHVSAKTREKVEAAMAELNYIPNRVAQQLAGKQ,394,527,387,376
A13K,KPVTLYDVAEYKGVSYQTVSRVVNQASHVSAKTREKVEAAMAELNYIPNRVAQQLAGKQ,242,310,6,9
A13L,KPVTLYDVAEYLGVSYQTVSRVVNQASHVSAKTREKVEAAMAELNYIPNRVAQQLAGKQ,333,421,53,37
A13M,KPVTLYDVAEYMGVSYQTVSRVVNQASHVSAKTREKVEAAMAELNYIPNRVAQQLAGKQ,210,279,5,9
A13N,KPVTLYDVAEYNGVSYQTVSRVVNQASHVSAKTREKVEAAMAELNYIPNRVAQQLAGKQ,276,400,16,10
A13P,KPVTLYDVAEYPGVSYQTVSRVVNQASHVSAKTREKVEAAMAELNYIPNRVAQQLAGKQ,203,243,14,14
A13Q,KPVTLYDVAEYQGVSYQTVSRVVNQASHVSAKTREKVEAAMAELNYIPNRVAQQLAGKQ,308,407,7,12
A13R,KPVTLYDVAEYRGVSYQTVSRVVNQASHVSAKTREKVEAAMAELNYIPNRVAQQLAGKQ,283,326,17,17
A13S,KPVTLYDVAEYSGVSYQTVSRVVNQASHVSAKTREKVEAAMAELNYIPNRVAQQLAGKQ,338,436,1596,1869
A13T,KPVTLYDVAEYTGVSYQTVSRVVNQASHVSAKTREKVEAAMAELNYIPNRVAQQLAGKQ,253,283,1137,1275
A13V,KPVTLYDVAEYVGVSYQTVSRVVNQASHVSAKTREKVEAAMAELNYIPNRVAQQLAGKQ,246,316,1255,1655
A13W,KPVTLYDVAEYWGVSYQTVSRVVNQASHVSAKTREKVEAAMAELNYIPNRVAQQLAGKQ,284,414,13,15
A13Y,KPVTLYDVAEYYGVSYQTVSRVVNQASHVSAKTREKVEAAMAELNYIPNRVAQQLAGKQ,287,347,9,10
G14A,KPVTLYDVAEYAAVSYQTVSRVVNQASHVSAKTREKVEAAMAELNYIPNRVAQQLAGKQ,257,370,1234,1539
G14C,KPVTLYDVAEYACVSYQTVSRVVNQASHVSAKTREKVEAAMAELNYIPNRVAQQLAGKQ,255,318,1595,1719
G14D,KPVTLYDVAEYADVSYQTVSRVVNQASHVSAKTREKVEAAMAELNYIPNRVAQQLAGKQ,231,312,1221,1442
G14E,KPVTLYDVAEYAEVSYQTVSRVVNQASHVSAKTREKVEAAMAELNYIPNRVAQQLAGKQ,226,291,1365,1746
G14F,KPVTLYDVAEYAFVSYQTVSRVVNQASHVSAKTREKVEAAMAELNYIPNRVAQQLAGKQ,302,385,26,11
G14H,KPVTLYDVAEYAHVSYQTVSRVVNQASHVSAKTREKVEAAMAELNYIPNRVAQQLAGKQ,406,529,2273,2661
G14I,KPVTLYDVAEYAIVSYQTVSRVVNQASHVSAKTREKVEAAMAELNYIPNRVAQQLAGKQ,154,218,7,4
G14K,KPVTLYDVAEYAKVSYQTVSRVVNQASHVSAKTREKVEAAMAELNYIPNRVAQQLAGKQ,333,420,1749,2000
G14L,KPVTLYDVAEYALVSYQTVSRVVNQASHVSAKTREKVEAAMAELNYIPNRVAQQLAGKQ,393,473,11,17
G14M,KPVTLYDVAEYAMVSYQTVSRVVNQASHVSAKTREKVEAAMAELNYIPNRVAQQLAGKQ,304,430,95,92
G14N,KPVTLYDVAEYANVSYQTVSRVVNQASHVSAKTREKVEAAMAELNYIPNRVAQQLAGKQ,276,351,1673,1802
G14P,KPVTLYDVAEYAPVSYQTVSRVVNQASHVSAKTREKVEAAMAELNYIPNRVAQQLAGKQ,176,183,11,3
G14Q,KPVTLYDVAEYAQVSYQTVSRVVNQASHVSAKTREKVEAAMAELNYIPNRVAQQLAGKQ,379,478,2098,2254
G14R,KPVTLYDVAEYARVSYQTVSRVVNQASHVSAKTREKVEAAMAELNYIPNRVAQQLAGKQ,446,467,2399,2656
G14S,KPVTLYDVAEYASVSYQTVSRVVNQASHVSAKTREKVEAAMAELNYIPNRVAQQLAGKQ,325,485,1903,1937
G14T,KPVTLYDVAEYATVSYQTVSRVVNQASHVSAKTREKVEAAMAELNYIPNRVAQQLAGKQ,360,391,29,34
G14V,KPVTLYDVAEYAVVSYQTVSRVVNQASHVSAKTREKVEAAMAELNYIPNRVAQQLAGKQ,143,207,11,9
G14W,KPVTLYDVAEYAWVSYQTVSRVVNQASHVSAKTREKVEAAMAELNYIPNRVAQQLAGKQ,252,327,1,9
G14Y,KPVTLYDVAEYAYVSYQTVSRVVNQASHVSAKTREKVEAAMAELNYIPNRVAQQLAGKQ,239,307,8,16
V15A,KPVTLYDVAEYAGASYQTVSRVVNQASHVSAKTREKVEAAMAELNYIPNRVAQQLAGKQ,226,295,17,26
V15C,KPVTLYDVAEYAGCSYQTVSRVVNQASHVSAKTREKVEAAMAELNYIPNRVAQQLAGKQ,346,436,1930,2281
V15D,KPVTLYDVAEYAGDSYQTVSRVVNQASHVSAKTREKVEAAMAELNYIPNRVAQQLAGKQ,216,275,12,14
V15E,KPVTLYDVAEYAGESYQTVSRVVNQASHVSAKTREKVEAAMAELNYIPNRVAQQLAGKQ,238,239,8,15
V15F,KPVTLYDVAEYAGFSYQTVSRVVNQASHVSAKTREKVEAAMAELNYIPNRVAQQLAGKQ,271,324,1069,1458
V15G,KPVTLYDVAEYAGGSYQTVSRVVNQASHVSAKTREKVEAAMAELNYIPNRVAQQLAGKQ,117,160,24,9
V15H,KPVTLYDVAEYAGHSYQTVSRVVNQASHVSAKTREKVEAAMAELNYIPNRVAQQLAGKQ,166,205,4,10
V15I,KPVTLYDVAEYAGISYQTVSRVVNQASHVSAKTREKVEAAMAELNYIPNRVAQQLAGKQ,232,259,39,60
V15K,KPVTLYDVAEYAGKSYQTVSRVVNQASHVSAKTREKVEAAMAELNYIPNRVAQQLAGKQ,143,211,4,9
V15L,KPVTLYDVAEYAGLSYQTVSRVVNQASHVSAKTREKVEAAMAELNYIPNRVAQQLAGKQ,357,428,126,97
V15M,KPVTLYDVAEYAGMSYQTVSRVVNQASHVSAKTREKVEAAMAELNYIPNRVAQQLAGKQ,272,339,19,28
V15N,KPVTLYDVAEYAGNSYQTVSRVVNQASHVSAKTREKVEAAMAELNYIPNRVAQQLAGKQ,207,284,5,10
V15P,KPVTLYDVAEYAGPSYQTVSRVVNQASHVSAKTREKVEAAMAELNYIPNRVAQQLAGKQ,164,219,1,4
V15Q,KPVTLYDVAEYAGQSYQTVSRVVNQASHVSAKTREKVEAAMAELNYIPNRVAQQLAGKQ,167,252,5,7
V15R,KPVTLYDVAEYAGRSYQTVSRVVNQASHVSAKTREKVEAAMAELNYIPNRVAQQLAGKQ,234,280,6,7
V15S,KPVTLYDVAEYAGSSYQTVSRVVNQASHVSAKTREKVEAAMAELNYIPNRVAQQLAGKQ,234,271,3,15
V15T,KPVTLYDVAEYAGTSYQTVSRVVNQASHVSAKTREKVEAAMAELNYIPNRVAQQLAGKQ,359,432,27,37
V15W,KPVTLYDVAEYAGWSYQTVSRVVNQASHVSAKTREKVEAAMAELNYIPNRVAQQLAGKQ,164,167,2,4
V15Y,KPVTLYDVAEYAGYSYQTVSRVVNQASHVSAKTREKVEAAMAELNYIPNRVAQQLAGKQ,272,359,827,846
S16A,KPVTLYDVAEYAGVAYQTVSRVVNQASHVSAKTREKVEAAMAELNYIPNRVAQQLAGKQ,195,310,26,43
S16C,KPVTLYDVAEYAGVCYQTVSRVVNQASHVSAKTREKVEAAMAELNYIPNRVAQQLAGKQ,350,438,1547,2189
S16D,KPVTLYDVAEYAGVDYQTVSRVVNQASHVSAKTREKVEAAMAELNYIPNRVAQQLAGKQ,402,512,13,14
S16E,KPVTLYDVAEYAGVEYQTVSRVVNQASHVSAKTREKVEAAMAELNYIPNRVAQQLAGKQ,229,303,5,9
S16F,KPVTLYDVAEYAGVFYQTVSRVVNQASHVSAKTREKVEAAMAELNYIPNRVAQQLAGKQ,273,334,9,15
S16G,KPVTLYDVAEYAGVGYQTVSRVVNQASHVSAKTREKVEAAMAELNYIPNRVAQQLAGKQ,172,152,0,4
S16H,KPVTLYDVAEYAGVHYQTVSRVVNQASHVSAKTREKVEAAMAELNYIPNRVAQQLAGKQ,139,211,9,7
S16I,KPVTLYDVAEYAGVIYQTVSRVVNQASHVSAKTREKVEAAMAELNYIPNRVAQQLAGKQ,270,290,9,4
S16K,KPVTLYDVAEYAGVKYQTVSRVVNQASHVSAKTREKVEAAMAELNYIPNRVAQQLAGKQ,279,361,7,12
S16L,KPVTLYDVAEYAGVLYQTVSRVVNQASHVSAKTREKVEAAMAELNYIPNRVAQQLAGKQ,216,315,5,3
S16M,KPVTLYDVAEYAGVMYQTVSRVVNQASHVSAKTREKVEAAMAELNYIPNRVAQQLAGKQ,236,321,7,11
S16N,KPVTLYDVAEYAGVNYQTVSRVVNQASHVSAKTREKVEAAMAELNYIPNRVAQQLAGKQ,270,295,8,7
S16P,KPVTLYDVAEYAGVPYQTVSRVVNQASHVSAKTREKVEAAMAELNYIPNRVAQQLAGKQ,178,251,13,21
S16Q,KPVTLYDVAEYAGVQYQTVSRVVNQASHVSAKTREKVEAAMAELNYIPNRVAQQLAGKQ,302,356,6,5
S16R,KPVTLYDVAEYAGVRYQTVSRVVNQASHVSAKTREKVEAAMAELNYIPNRVAQQLAGKQ,231,299,5,8
S16T,KPVTLYDVAEYAGVTYQTVSRVVNQASHVSAKTREKVEAAMAELNYIPNRVAQQLAGKQ,186,253,181,180
S16V,KPVTLYDVAEYAGVVYQTVSRVVNQASHVSAKTREKVEAAMAELNYIPNRVAQQLAGKQ,142,202,4,4
S16W,KPVTLYDVAEYAGVWYQTVSRVVNQASHVSAKTREKVEAAMAELNYIPNRVAQQLAGKQ,193,293,4,17
S16Y,KPVTLYDVAEYAGVYYQTVSRVVNQASHVSAKTREKVEAAMAELNYIPNRVAQQLAGKQ,289,357,6,3
Y17A,KPVTLYDVAEYAGVSAQTVSRVVNQASHVSAKTREKVEAAMAELNYIPNRVAQQLAGKQ,279,344,57,38
Y17C,KPVTLYDVAEYAGVSCQTVSRVVNQASHVSAKTREKVEAAMAELNYIPNRVAQQLAGKQ,257,312,8,24
Y17D,KPVTLYDVAEYAGVSDQTVSRVVNQASHVSAKTREKVEAAMAELNYIPNRVAQQLAGKQ,269,342,7,8
Y17E,KPVTLYDVAEYAGVSEQTVSRVVNQASHVSAKTREKVEAAMAELNYIPNRVAQQLAGKQ,307,400,7,12
Y17F,KPVTLYDVAEYAGVSFQTVSRVVNQASHVSAKTREKVEAAMAELNYIPNRVAQQLAGKQ,187,246,14,20
Y17G,KPVTLYDVAEYAGVSGQTVSRVVNQASHVSAKTREKVEAAMAELNYIPNRVAQQLAGKQ,236,323,46,64
Y17H,KPVTLYDVAEYAGVSHQTVSRVVNQASHVSAKTREKVEAAMAELNYIPNRVAQQLAGKQ,205,242,524,662
Y17I,KPVTLYDVAEYAGVSIQTVSRVVNQASHVSAKTREKVEAAMAELNYIPNRVAQQLAGKQ,303,338,29,52
Y17K,KPVTLYDVAEYAGVSKQTVSRVVNQASHVSAKTREKVEAAMAELNYIPNRVAQQLAGKQ,356,421,30,73
Y17L,KPVTLYDVAEYAGVSLQTVSRVVNQASHVSAKTREKVEAAMAELNYIPNRVAQQLAGKQ,249,328,8,35
Y17M,KPVTLYDVAEYAGVSMQTVSRVVNQASHVSAKTREKVEAAMAELNYIPNRVAQQLAGKQ,303,328,8,21
Y17N,KPVTLYDVAEYAGVSNQTVSRVVNQASHVSAKTREKVEAAMAELNYIPNRVAQQLAGKQ,223,291,9,18
Y17P,KPVTLYDVAEYAGVSPQTVSRVVNQASHVSAKTREKVEAAMAELNYIPNRVAQQLAGKQ,238,312,27,21
Y17Q,KPVTLYDVAEYAGVSQQTVSRVVNQASHVSAKTREKVEAAMAELNYIPNRVAQQLAGKQ,305,409,14,40
Y17R,KPVTLYDVAEYAGVSRQTVSRVVNQASHVSAKTREKVEAAMAELNYIPNRVAQQLAGKQ,339,392,66,63
Y17S,KPVTLYDVAEYAGVSSQTVSRVVNQASHVSAKTREKVEAAMAELNYIPNRVAQQLAGKQ,288,351,36,31
Y17T,KPVTLYDVAEYAGVSTQTVSRVVNQASHVSAKTREKVEAAMAELNYIPNRVAQQLAGKQ,330,484,21,27
Y17V,KPVTLYDVAEYAGVSVQTVSRVVNQASHVSAKTREKVEAAMAELNYIPNRVAQQLAGKQ,283,381,9,19
Y17W,KPVTLYDVAEYAGVSWQTVSRVVNQASHVSAKTREKVEAAMAELNYIPNRVAQQLAGKQ,270,315,39,7
Q18A,KPVTLYDVAEYAGVSYATVSRVVNQASHVSAKTREKVEAAMAELNYIPNRVAQQLAGKQ,371,456,399,528
Q18C,KPVTLYDVAEYAGVSYCTVSRVVNQASHVSAKTREKVEAAMAELNYIPNRVAQQLAGKQ,375,523,21,33
Q18D,KPVTLYDVAEYAGVSYDTVSRVVNQASHVSAKTREKVEAAMAELNYIPNRVAQQLAGKQ,312,368,14,11
Q18E,KPVTLYDVAEYAGVSYETVSRVVNQASHVSAKTREKVEAAMAELNYIPNRVAQQLAGKQ,281,349,17,14
Q18F,KPVTLYDVAEYAGVSYFTVSRVVNQASHVSAKTREKVEAAMAELNYIPNRVAQQLAGKQ,259,361,6,13
Q18G,KPVTLYDVAEYAGVSYGTVSRVVNQASHVSAKTREKVEAAMAELNYIPNRVAQQLAGKQ,182,259,313,322
Q18H,KPVTLYDVAEYAGVSYHTVSRVVNQASHVSAKTREKVEAAMAELNYIPNRVAQQLAGKQ,167,188,17,22
Q18I,KPVTLYDVAEYAGVSYITVSRVVNQASHVSAKTREKVEAAMAELNYIPNRVAQQLAGKQ,302,370,37,34
Q18K,KPVTLYDVAEYAGVSYKTVSRVVNQASHVSAKTREKVEAAMAELNYIPNRVAQQLAGKQ,260,358,26,15
Q18L,KPVTLYDVAEYAGVSYLTVSRVVNQASHVSAKTREKVEAAMAELNYIPNRVAQQLAGKQ,262,336,19,27
Q18M,KPVTLYDVAEYAGVSYMTVSRVVNQASHVSAKTREKVEAAMAELNYIPNRVAQQLAGKQ,234,309,1151,1136
Q18N,KPVTLYDVAEYAGVSYNTVSRVVNQASHVSAKTREKVEAAMAELNYIPNRVAQQLAGKQ,339,439,189,253
Q18P,KPVTLYDVAEYAGVSYPTVSRVVNQASHVSAKTREKVEAAMAELNYIPNRVAQQLAGKQ,223,274,15,21
Q18R,KPVTLYDVAEYAGVSYRTVSRVVNQASHVSAKTREKVEAAMAELNYIPNRVAQQLAGKQ,232,348,30,28
Q18S,KPVTLYDVAEYAGVSYSTVSRVVNQASHVSAKTREKVEAAMAELNYIPNRVAQQLAGKQ,249,374,6,8
Q18T,KPVTLYDVAEYAGVSYTTVSRVVNQASHVSAKTREKVEAAMAELNYIPNRVAQQLAGKQ,307,407,40,32
Q18V,KPVTLYDVAEYAGVSYVTVSRVVNQASHVSAKTREKVEAAMAELNYIPNRVAQQLAGKQ,250,328,44,49
Q18W,KPVTLYDVAEYAGVSYWTVSRVVNQASHVSAKTREKVEAAMAELNYIPNRVAQQLAGKQ,258,318,5,12
Q18Y,KPVTLYDVAEYAGVSYYTVSRVVNQASHVSAKTREKVEAAMAELNYIPNRVAQQLAGKQ,279,372,12,12
T19A,KPVTLYDVAEYAGVSYQAVSRVVNQASHVSAKTREKVEAAMAELNYIPNRVAQQLAGKQ,165,276,12,31
T19C,KPVTLYDVAEYAGVSYQCVSRVVNQASHVSAKTREKVEAAMAELNYIPNRVAQQLAGKQ,209,312,8,9
T19D,KPVTLYDVAEYAGVSYQDVSRVVNQASHVSAKTREKVEAAMAELNYIPNRVAQQLAGKQ,358,429,2,18
T19E,KPVTLYDVAEYAGVSYQEVSRVVNQASHVSAKTREKVEAAMAELNYIPNRVAQQLAGKQ,208,293,3,9
T19F,KPVTLYDVAEYAGVSYQFVSRVVNQASHVSAKTREKVEAAMAELNYIPNRVAQQLAGKQ,337,407,7,13
T19G,KPVTLYDVAEYAGVSYQGVSRVVNQASHVSAKTREKVEAAMAELNYIPNRVAQQLAGKQ,138,189,3,6
T19H,KPVTLYDVAEYAGVSYQHVSRVVNQASHVSAKTREKVEAAMAELNYIPNRVAQQLAGKQ,241,288,6,7
T19I,KPVTLYDVAEYAGVSYQIVSRVVNQASHVSAKTREKVEAAMAELNYIPNRVAQQLAGKQ,229,311,24,19
T19K,KPVTLYDVAEYAGVSYQKVSRVVNQASHVSAKTREKVEAAMAELNYIPNRVAQQLAGKQ,249,340,5,9
T19L,KPVTLYDVAEYAGVSYQLVSRVVNQASHVSAKTREKVEAAMAELNYIPNRVAQQLAGKQ,362,459,23,22
T19M,KPVTLYDVAEYAGVSYQMVSRVVNQASHVSAKTREKVEAAMAELNYIPNRVAQQLAGKQ,296,345,6,16
T19N,KPVTLYDVAEYAGVSYQNVSRVVNQASHVSAKTREKVEAAMAELNYIPNRVAQQLAGKQ,242,275,19,18
T19P,KPVTLYDVAEYAGVSYQPVSRVVNQASHVSAKTREKVEAAMAELNYIPNRVAQQLAGKQ,207,250,13,71
T19Q,KPVTLYDVAEYAGVSYQQVSRVVNQASHVSAKTREKVEAAMAELNYIPNRVAQQLAGKQ,259,322,3,8
T19R,KPVTLYDVAEYAGVSYQRVSRVVNQASHVSAKTREKVEAAMAELNYIPNRVAQQLAGKQ,285,352,8,10
T19S,KPVTLYDVAEYAGVSYQSVSRVVNQASHVSAKTREKVEAAMAELNYIPNRVAQQLAGKQ,377,486,261,347
T19V,KPVTLYDVAEYAGVSYQVVSRVVNQASHVSAKTREKVEAAMAELNYIPNRVAQQLAGKQ,270,354,2,20
T19W,KPVTLYDVAEYAGVSYQWVSRVVNQASHVSAKTREKVEAAMAELNYIPNRVAQQLAGKQ,314,427,4,8
T19Y,KPVTLYDVAEYAGVSYQYVSRVVNQASHVSAKTREKVEAAMAELNYIPNRVAQQLAGKQ,267,329,3,13
V20A,KPVTLYDVAEYAGVSYQTASRVVNQASHVSAKTREKVEAAMAELNYIPNRVAQQLAGKQ,290,350,54,55
V20C,KPVTLYDVAEYAGVSYQTCSRVVNQASHVSAKTREKVEAAMAELNYIPNRVAQQLAGKQ,319,411,630,683
V20D,KPVTLYDVAEYAGVSYQTDSRVVNQASHVSAKTREKVEAAMAELNYIPNRVAQQLAGKQ,235,368,5,17
V20E,KPVTLYDVAEYAGVSYQTESRVVNQASHVSAKTREKVEAAMAELNYIPNRVAQQLAGKQ,192,243,13,5
V20F,KPVTLYDVAEYAGVSYQTFSRVVNQASHVSAKTREKVEAAMAELNYIPNRVAQQLAGKQ,183,253,8,14
V20G,KPVTLYDVAEYAGVSYQTGSRVVNQASHVSAKTREKVEAAMAELNYIPNRVAQQLAGKQ,228,339,27,22
V20H,KPVTLYDVAEYAGVSYQTHSRVVNQASHVSAKTREKVEAAMAELNYIPNRVAQQLAGKQ,194,304,9,9
V20I,KPVTLYDVAEYAGVSYQTISRVVNQASHVSAKTREKVEAAMAELNYIPNRVAQQLAGKQ,256,408,165,183
V20K,KPVTLYDVAEYAGVSYQTKSRVVNQASHVSAKTREKVEAAMAELNYIPNRVAQQLAGKQ,200,253,6,2
V20L,KPVTLYDVAEYAGVSYQTLSRVVNQASHVSAKTREKVEAAMAELNYIPNRVAQQLAGKQ,193,264,8,12
V20M,KPVTLYDVAEYAGVSYQTMSRVVNQASHVSAKTREKVEAAMAELNYIPNRVAQQLAGKQ,236,323,3,7
V20N,KPVTLYDVAEYAGVSYQTNSRVVNQASHVSAKTREKVEAAMAELNYIPNRVAQQLAGKQ,281,342,6,7
V20P,KPVTLYDVAEYAGVSYQTPSRVVNQASHVSAKTREKVEAAMAELNYIPNRVAQQLAGKQ,200,284,13,8
V20Q,KPVTLYDVAEYAGVSYQTQSRVVNQASHVSAKTREKVEAAMAELNYIPNRVAQQLAGKQ,266,348,8,10
V20R,KPVTLYDVAEYAGVSYQTRSRVVNQASHVSAKTREKVEAAMAELNYIPNRVAQQLAGKQ,250,314,8,16
V20S,KPVTLYDVAEYAGVSYQTSSRVVNQASHVSAKTREKVEAAMAELNYIPNRVAQQLAGKQ,211,216,5,5
V20T,KPVTLYDVAEYAGVSYQTTSRVVNQASHVSAKTREKVEAAMAELNYIPNRVAQQLAGKQ,199,278,9,13
V20W,KPVTLYDVAEYAGVSYQTWSRVVNQASHVSAKTREKVEAAMAELNYIPNRVAQQLAGKQ,176,224,6,3
V20Y,KPVTLYDVAEYAGVSYQTYSRVVNQASHVSAKTREKVEAAMAELNYIPNRVAQQLAGKQ,221,269,9,10
S21A,KPVTLYDVAEYAGVSYQTVARVVNQASHVSAKTREKVEAAMAELNYIPNRVAQQLAGKQ,220,232,17,20
S21C,KPVTLYDVAEYAGVSYQTVCRVVNQASHVSAKTREKVEAAMAELNYIPNRVAQQLAGKQ,334,454,6,23
S21D,KPVTLYDVAEYAGVSYQTVDRVVNQASHVSAKTREKVEAAMAELNYIPNRVAQQLAGKQ,283,350,14,12
S21E,KPVTLYDVAEYAGVSYQTVERVVNQASHVSAKTREKVEAAMAELNYIPNRVAQQLAGKQ,323,395,11,11
S21F,KPVTLYDVAEYAGVSYQTVFRVVNQASHVSAKTREKVEAAMAELNYIPNRVAQQLAGKQ,199,228,11,13
S21G,KPVTLYDVAEYAGVSYQTVGRVVNQASHVSAKTREKVEAAMAELNYIPNRVAQQLAGKQ,225,278,11,16
S21H,KPVTLYDVAEYAGVSYQTVHRVVNQASHVSAKTREKVEAAMAELNYIPNRVAQQLAGKQ,328,391,26,28
S21I,KPVTLYDVAEYAGVSYQTVIRVVNQASHVSAKTREKVEAAMAELNYIPNRVAQQLAGKQ,292,373,12,10
S21K,KPVTLYDVAEYAGVSYQTVKRVVNQASHVSAKTREKVEAAMAELNYIPNRVAQQLAGKQ,242,318,8,9
S21L,KPVTLYDVAEYAGVSYQTVLRVVNQASHVSAKTREKVEAAMAELNYIPNRVAQQLAGKQ,201,274,7,10
S21M,KPVTLYDVAEYAGVSYQTVMRVVNQASHVSAKTREKVEAAMAELNYIPNRVAQQLAGKQ,248,337,5,4
S21N,KPVTLYDVAEYAGVSYQTVNRVVNQASHVSAKTREKVEAAMAELNYIPNRVAQQLAGKQ,264,292,8,13
S21P,KPVTLYDVAEYAGVSYQTVPRVVNQASHVSAKTREKVEAAMAELNYIPNRVAQQLAGKQ,208,246,24,24
S21Q,KPVTLYDVAEYAGVSYQTVQRVVNQASHVSAKTREKVEAAMAELNYIPNRVAQQLAGKQ,242,296,8,12
S21R,KPVTLYDVAEYAGVSYQTVRRVVNQASHVSAKTREKVEAAMAELNYIPNRVAQQLAGKQ,285,388,17,9
S21T,KPVTLYDVAEYAGVSYQTVTRVVNQASHVSAKTREKVEAAMAELNYIPNRVAQQLAGKQ,386,442,25,20
S21V,KPVTLYDVAEYAGVSYQTVVRVVNQASHVSAKTREKVEAAMAELNYIPNRVAQQLAGKQ,198,309,10,8
S21W,KPVTLYDVAEYAGVSYQTVWRVVNQASHVSAKTREKVEAAMAELNYIPNRVAQQLAGKQ,227,310,39,59
S21Y,KPVTLYDVAEYAGVSYQTVYRVVNQASHVSAKTREKVEAAMAELNYIPNRVAQQLAGKQ,249,298,25,16
R22A,KPVTLYDVAEYAGVSYQTVSAVVNQASHVSAKTREKVEAAMAELNYIPNRVAQQLAGKQ,200,259,17,9
R22C,KPVTLYDVAEYAGVSYQTVSCVVNQASHVSAKTREKVEAAMAELNYIPNRVAQQLAGKQ,263,326,20,22
R22D,KPVTLYDVAEYAGVSYQTVSDVVNQASHVSAKTREKVEAAMAELNYIPNRVAQQLAGKQ,258,336,17,6
R22E,KPVTLYDVAEYAGVSYQTVSEVVNQASHVSAKTREKVEAAMAELNYIPNRVAQQLAGKQ,197,224,5,7
R22F,KPVTLYDVAEYAGVSYQTVSFVVNQASHVSAKTREKVEAAMAELNYIPNRVAQQLAGKQ,372,440,13,17
R22G,KPVTLYDVAEYAGVSYQTVSGVVNQASHVSAKTREKVEAAMAELNYIPNRVAQQLAGKQ,215,267,21,10
R22H,KPVTLYDVAEYAGVSYQTVSHVVNQASHVSAKTREKVEAAMAELNYIPNRVAQQLAGKQ,356,428,40,40
R22I,KPVTLYDVAEYAGVSYQTVSIVVNQASHVSAKTREKVEAAMAELNYIPNRVAQQLAGKQ,254,349,12,11
R22K,KPVTLYDVAEYAGVSYQTVSKVVNQASHVSAKTREKVEAAMAELNYIPNRVAQQLAGKQ,270,354,15,8
R22L,KPVTLYDVAEYAGVSYQTVSLVVNQASHVSAKTREKVEAAMAELNYIPNRVAQQLAGKQ,233,320,8,7
R22M,KPVTLYDVAEYAGVSYQTVSMVVNQASHVSAKTREKVEAAMAELNYIPNRVAQQLAGKQ,231,305,5,10
R22N,KPVTLYDVAEYAGVSYQTVSNVVNQASHVSAKTREKVEAAMAELNYIPNRVAQQLAGKQ,274,340,7,16
R22P,KPVTLYDVAEYAGVSYQTVSPVVNQASHVSAKTREKVEAAMAELNYIPNRVAQQLAGKQ,164,201,7,3
R22Q,KPVTLYDVAEYAGVSYQTVSQVVNQASHVSAKTREKVEAAMAELNYIPNRVAQQLAGKQ,305,337,5,9
R22S,KPVTLYDVAEYAGVSYQTVSSVVNQASHVSAKTREKVEAAMAELNYIPNRVAQQLAGKQ,259,353,20,31
R22T,KPVTLYDVAEYAGVSYQTVSTVVNQASHVSAKTREKVEAAMAELNYIPNRVAQQLAGKQ,262,311,9,12
R22V,KPVTLYDVAEYAGVSYQTVSVVVNQASHVSAKTREKVEAAMAELNYIPNRVAQQLAGKQ,218,264,4,5
R22W,KPVTLYDVAEYAGVSYQTVSWVVNQASHVSAKTREKVEAAMAELNYIPNRVAQQLAGKQ,242,284,4,6
R22Y,KPVTLYDVAEYAGVSYQTVSYVVNQASHVSAKTREKVEAAMAELNYIPNRVAQQLAGKQ,254,358,9,9
V23A,KPVTLYDVAEYAGVSYQTVSRAVNQASHVSAKTREKVEAAMAELNYIPNRVAQQLAGKQ,219,263,39,50
V23C,KPVTLYDVAEYAGVSYQTVSRCVNQASHVSAKTREKVEAAMAELNYIPNRVAQQLAGKQ,308,365,1353,1464
V23D,KPVTLYDVAEYAGVSYQTVSRDVNQASHVSAKTREKVEAAMAELNYIPNRVAQQLAGKQ,268,354,8,15
V23E,KPVTLYDVAEYAGVSYQTVSREVNQASHVSAKTREKVEAAMAELNYIPNRVAQQLAGKQ,291,323,20,17
V23F,KPVTLYDVAEYAGVSYQTVSRFVNQASHVSAKTREKVEAAMAELNYIPNRVAQQLAGKQ,254,338,8,21
V23G,KPVTLYDVAEYAGVSYQTVSRGVNQASHVSAKTREKVEAAMAELNYIPNRVAQQLAGKQ,243,316,58,56
V23H,KPVTLYDVAEYAGVSYQTVSRHVNQASHVSAKTREKVEAAMAELNYIPNRVAQQLAGKQ,311,395,14,23
V23I,KPVTLYDVAEYAGVSYQTVSRIVNQASHVSAKTREKVEAAMAELNYIPNRVAQQLAGKQ,267,355,69,77
V23K,KPVTLYDVAEYAGVSYQTVSRKVNQASHVSAKTREKVEAAMAELNYIPNRVAQQLAGKQ,266,383,11,18
V23L,KPVTLYDVAEYAGVSYQTVSRLVNQASHVSAKTREKVEAAMAELNYIPNRVAQQLAGKQ,292,425,18,27
V23M,KPVTLYDVAEYAGVSYQTVSRMVNQASHVSAKTREKVEAAMAELNYIPNRVAQQLAGKQ,194,264,39,29
V23N,KPVTLYDVAEYAGVSYQTVSRNVNQASHVSAKTREKVEAAMAELNYIPNRVAQQLAGKQ,285,294,5,5
V23P,KPVTLYDVAEYAGVSYQTVSRPVNQASHVSAKTREKVEAAMAELNYIPNRVAQQLAGKQ,213,276,6,7
V23Q,KPVTLYDVAEYAGVSYQTVSRQVNQASHVSAKTREKVEAAMAELNYIPNRVAQQLAGKQ,218,252,5,13
V23R,KPVTLYDVAEYAGVSYQTVSRRVNQASHVSAKTREKVEAAMAELNYIPNRVAQQLAGKQ,235,278,6,9
V23S,KPVTLYDVAEYAGVSYQTVSRSVNQASHVSAKTREKVEAAMAELNYIPNRVAQQLAGKQ,259,352,32,13
V23T,KPVTLYDVAEYAGVSYQTVSRTVNQASHVSAKTREKVEAAMAELNYIPNRVAQQLAGKQ,319,400,1530,1881
V23W,KPVTLYDVAEYAGVSYQTVSRWVNQASHVSAKTREKVEAAMAELNYIPNRVAQQLAGKQ,232,332,12,10
V23Y,KPVTLYDVAEYAGVSYQTVSRYVNQASHVSAKTREKVEAAMAELNYIPNRVAQQLAGKQ,268,373,19,14
V24A,KPVTLYDVAEYAGVSYQTVSRVANQASHVSAKTREKVEAAMAELNYIPNRVAQQLAGKQ,357,459,2011,2371
V24C,KPVTLYDVAEYAGVSYQTVSRVCNQASHVSAKTREKVEAAMAELNYIPNRVAQQLAGKQ,407,503,2024,2656
V24D,KPVTLYDVAEYAGVSYQTVSRVDNQASHVSAKTREKVEAAMAELNYIPNRVAQQLAGKQ,253,334,20,27
V24E,KPVTLYDVAEYAGVSYQTVSRVENQASHVSAKTREKVEAAMAELNYIPNRVAQQLAGKQ,189,234,37,25
V24F,KPVTLYDVAEYAGVSYQTVSRVFNQASHVSAKTREKVEAAMAELNYIPNRVAQQLAGKQ,240,288,886,1187
V24G,KPVTLYDVAEYAGVSYQTVSRVGNQASHVSAKTREKVEAAMAELNYIPNRVAQQLAGKQ,248,310,135,80
V24H,KPVTLYDVAEYAGVSYQTVSRVHNQASHVSAKTREKVEAAMAELNYIPNRVAQQLAGKQ,315,420,1445,1773
V24I,KPVTLYDVAEYAGVSYQTVSRVINQASHVSAKTREKVEAAMAELNYIPNRVAQQLAGKQ,347,520,1963,2773
V24K,KPVTLYDVAEYAGVSYQTVSRVKNQASHVSAKTREKVEAAMAELNYIPNRVAQQLAGKQ,327,492,141,201
V24L,KPVTLYDVAEYAGVSYQTVSRVLNQASHVSAKTREKVEAAMAELNYIPNRVAQQLAGKQ,339,448,1840,2171
V24M,KPVTLYDVAEYAGVSYQTVSRVMNQASHVSAKTREKVEAAMAELNYIPNRVAQQLAGKQ,319,378,1604,2053
V24N,KPVTLYDVAEYAGVSYQTVSRVNNQASHVSAKTREKVEAAMAELNYIPNRVAQQLAGKQ,308,422,1760,2014
V24P,KPVTLYDVAEYAGVSYQTVSRVPNQASHVSAKTREKVEAAMAELNYIPNRVAQQLAGKQ,260,340,21,17
V24Q,KPVTLYDVAEYAGVSYQTVSRVQNQASHVSAKTREKVEAAMAELNYIPNRVAQQLAGKQ,305,403,1352,1966
V24R,KPVTLYDVAEYAGVSYQTVSRVRNQASHVSAKTREKVEAAMAELNYIPNRVAQQLAGKQ,234,317,302,345
V24S,KPVTLYDVAEYAGVSYQTVSRVSNQASHVSAKTREKVEAAMAELNYIPNRVAQQLAGKQ,245,299,909,1166
V24T,KPVTLYDVAEYAGVSYQTVSRVTNQASHVSAKTREKVEAAMAELNYIPNRVAQQLAGKQ,384,478,1726,2120
V24W,KPVTLYDVAEYAGVSYQTVSRVWNQASHVSAKTREKVEAAMAELNYIPNRVAQQLAGKQ,189,228,773,1067
V24Y,KPVTLYDVAEYAGVSYQTVSRVYNQASHVSAKTREKVEAAMAELNYIPNRVAQQLAGKQ,176,233,772,1078
N25A,KPVTLYDVAEYAGVSYQTVSRVVAQASHVSAKTREKVEAAMAELNYIPNRVAQQLAGKQ,364,489,61,47
N25C,KPVTLYDVAEYAGVSYQTVSRVVCQASHVSAKTREKVEAAMAELNYIPNRVAQQLAGKQ,266,346,35,73
N25D,KPVTLYDVAEYAGVSYQTVSRVVDQASHVSAKTREKVEAAMAELNYIPNRVAQQLAGKQ,218,295,12,21
N25E,KPVTLYDVAEYAGVSYQTVSRVVEQASHVSAKTREKVEAAMAELNYIPNRVAQQLAGKQ,276,332,11,14
N25F,KPVTLYDVAEYAGVSYQTVSRVVFQASHVSAKTREKVEAAMAELNYIPNRVAQQLAGKQ,217,304,5,13
N25G,KPVTLYDVAEYAGVSYQTVSRVVGQASHVSAKTREKVEAAMAELNYIPNRVAQQLAGKQ,250,336,33,46
N25H,KPVTLYDVAEYAGVSYQTVSRVVHQASHVSAKTREKVEAAMAELNYIPNRVAQQLAGKQ,260,363,315,321
N25I,KPVTLYDVAEYAGVSYQTVSRVVIQASHVSAKTREKVEAAMAELNYIPNRVAQQLAGKQ,257,299,13,9
N25K,KPVTLYDVAEYAGVSYQTVSRVVKQASHVSAKTREKVEAAMAELNYIPNRVAQQLAGKQ,321,370,29,45
N25L,KPVTLYDVAEYAGVSYQTVSRVVLQASHVSAKTREKVEAAMAELNYIPNRVAQQLAGKQ,263,340,8,10
N25M,KPVTLYDVAEYAGVSYQTVSRVVMQASHVSAKTREKVEAAMAELNYIPNRVAQQLAGKQ,312,397,26,19
N25P,KPVTLYDVAEYAGVSYQTVSRVVPQASHVSAKTREKVEAAMAELNYIPNRVAQQLAGKQ,260,313,3,5
N25Q,KPVTLYDVAEYAGVSYQTVSRVVQQASHVSAKTREKVEAAMAELNYIPNRVAQQLAGKQ,296,428,7,23
N25R,KPVTLYDVAEYAGVSYQTVSRVVRQASHVSAKTREKVEAAMAELNYIPNRVAQQLAGKQ,461,565,642,947
N25S,KPVTLYDVAEYAGVSYQTVSRVVSQASHVSAKTREKVEAAMAELNYIPNRVAQQLAGKQ,299,407,49,64
N25T,KPVTLYDVAEYAGVSYQTVSRVVTQASHVSAKTREKVEAAMAELNYIPNRVAQQLAGKQ,234,292,14,20
N25V,KPVTLYDVAEYAGVSYQTVSRVVVQASHVSAKTREKVEAAMAELNYIPNRVAQQLAGKQ,198,267,6,7
N25W,KPVTLYDVAEYAGVSYQTVSRVVWQASHVSAKTREKVEAAMAELNYIPNRVAQQLAGKQ,390,488,12,22
N25Y,KPVTLYDVAEYAGVSYQTVSRVVYQASHVSAKTREKVEAAMAELNYIPNRVAQQLAGKQ,190,248,20,8
Q26A,KPVTLYDVAEYAGVSYQTVSRVVNAASHVSAKTREKVEAAMAELNYIPNRVAQQLAGKQ,286,423,1681,1977
Q26C,KPVTLYDVAEYAGVSYQTVSRVVNCASHVSAKTREKVEAAMAELNYIPNRVAQQLAGKQ,332,441,1757,2374
Q26D,KPVTLYDVAEYAGVSYQTVSRVVNDASHVSAKTREKVEAAMAELNYIPNRVAQQLAGKQ,224,273,1271,1284
Q26E,KPVTLYDVAEYAGVSYQTVSRVVNEASHVSAKTREKVEAAMAELNYIPNRVAQQLAGKQ,354,435,1870,2585
Q26F,KPVTLYDVAEYAGVSYQTVSRVVNFASHVSAKTREKVEAAMAELNYIPNRVAQQLAGKQ,335,353,108,69
Q26G,KPVTLYDVAEYAGVSYQTVSRVVNGASHVSAKTREKVEAAMAELNYIPNRVAQQLAGKQ,432,556,2385,3357
Q26H,KPVTLYDVAEYAGVSYQTVSRVVNHASHVSAKTREKVEAAMAELNYIPNRVAQQLAGKQ,201,290,1410,1804
Q26I,KPVTLYDVAEYAGVSYQTVSRVVNIASHVSAKTREKVEAAMAELNYIPNRVAQQLAGKQ,425,527,36,42
Q26K,KPVTLYDVAEYAGVSYQTVSRVVNKASHVSAKTREKVEAAMAELNYIPNRVAQQLAGKQ,253,309,1331,1563
Q26L,KPVTLYDVAEYAGVSYQTVSRVVNLASHVSAKTREKVEAAMAELNYIPNRVAQQLAGKQ,215,254,856,1129
Q26M,KPVTLYDVAEYAGVSYQTVSRVVNMASHVSAKTREKVEAAMAELNYIPNRVAQQLAGKQ,358,482,1938,2379
Q26N,KPVTLYDVAEYAGVSYQTVSRVVNNASHVSAKTREKVEAAMAELNYIPNRVAQQLAGKQ,316,453,2065,2780
Q26P,KPVTLYDVAEYAGVSYQTVSRVVNPASHVSAKTREKVEAAMAELNYIPNRVAQQLAGKQ,353,512,59,37
Q26R,KPVTLYDVAEYAGVSYQTVSRVVNRASHVSAKTREKVEAAMAELNYIPNRVAQQLAGKQ,426,548,1931,2758
Q26S,KPVTLYDVAEYAGVSYQTVSRVVNSASHVSAKTREKVEAAMAELNYIPNRVAQQLAGKQ,444,510,2239,2710
Q26T,KPVTLYDVAEYAGVSYQTVSRVVNTASHVSAKTREKVEAAMAELNYIPNRVAQQLAGKQ,259,397,1267,1589
Q26V,KPVTLYDVAEYAGVSYQTVSRVVNVASHVSAKTREKVEAAMAELNYIPNRVAQQLAGKQ,401,492,794,986
Q26W,KPVTLYDVAEYAGVSYQTVSRVVNWASHVSAKTREKVEAAMAELNYIPNRVAQQLAGKQ,263,307,12,22
Q26Y,KPVTLYDVAEYAGVSYQTVSRVVNYASHVSAKTREKVEAAMAELNYIPNRVAQQLAGKQ,248,324,1414,1585
A27C,KPVTLYDVAEYAGVSYQTVSRVVNQCSHVSAKTREKVEAAMAELNYIPNRVAQQLAGKQ,266,369,1431,1841
A27D,KPVTLYDVAEYAGVSYQTVSRVVNQDSHVSAKTREKVEAAMAELNYIPNRVAQQLAGKQ,326,372,388,446
A27E,KPVTLYDVAEYAGVSYQTVSRVVNQESHVSAKTREKVEAAMAELNYIPNRVAQQLAGKQ,286,393,436,611
A27F,KPVTLYDVAEYAGVSYQTVSRVVNQFSHVSAKTREKVEAAMAELNYIPNRVAQQLAGKQ,382,463,1916,2260
A27G,KPVTLYDVAEYAGVSYQTVSRVVNQGSHVSAKTREKVEAAMAELNYIPNRVAQQLAGKQ,380,519,2134,2919
A27H,KPVTLYDVAEYAGVSYQTVSRVVNQHSHVSAKTREKVEAAMAELNYIPNRVAQQLAGKQ,331,379,1487,2104
A27I,KPVTLYDVAEYAGVSYQTVSRVVNQISHVSAKTREKVEAAMAELNYIPNRVAQQLAGKQ,389,497,595,731
A27K,KPVTLYDVAEYAGVSYQTVSRVVNQKSHVSAKTREKVEAAMAELNYIPNRVAQQLAGKQ,325,452,1969,2603
A27L,KPVTLYDVAEYAGVSYQTVSRVVNQLSHVSAKTREKVEAAMAELNYIPNRVAQQLAGKQ,365,522,1463,1909
A27M,KPVTLYDVAEYAGVSYQTVSRVVNQMSHVSAKTREKVEAAMAELNYIPNRVAQQLAGKQ,281,340,1541,2015
A27N,KPVTLYDVAEYAGVSYQTVSRVVNQNSHVSAKTREKVEAAMAELNYIPNRVAQQLAGKQ,385,476,2074,2964
A27P,KPVTLYDVAEYAGVSYQTVSRVVNQPSHVSAKTREKVEAAMAELNYIPNRVAQQLAGKQ,295,372,419,486
A27Q,KPVTLYDVAEYAGVSYQTVSRVVNQQSHVSAKTREKVEAAMAELNYIPNRVAQQLAGKQ,399,563,2412,3161
A27R,KPVTLYDVAEYAGVSYQTVSRVVNQRSHVSAKTREKVEAAMAELNYIPNRVAQQLAGKQ,330,437,1953,2344
A27S,KPVTLYDVAEYAGVSYQTVSRVVNQSSHVSAKTREKVEAAMAELNYIPNRVAQQLAGKQ,393,514,1898,2297
A27T,KPVTLYDVAEYAGVSYQTVSRVVNQTSHVSAKTREKVEAAMAELNYIPNRVAQQLAGKQ,306,398,1341,1823
A27V,KPVTLYDVAEYAGVSYQTVSRVVNQVSHVSAKTREKVEAAMAELNYIPNRVAQQLAGKQ,343,485,2259,2604
A27W,KPVTLYDVAEYAGVSYQTVSRVVNQWSHVSAKTREKVEAAMAELNYIPNRVAQQLAGKQ,373,464,213,225
A27Y,KPVTLYDVAEYAGVSYQTVSRVVNQYSHVSAKTREKVEAAMAELNYIPNRVAQQLAGKQ,309,457,1783,2198
S28A,KPVTLYDVAEYAGVSYQTVSRVVNQAAHVSAKTREKVEAAMAELNYIPNRVAQQLAGKQ,236,343,1802,2227
S28C,KPVTLYDVAEYAGVSYQTVSRVVNQACHVSAKTREKVEAAMAELNYIPNRVAQQLAGKQ,403,560,2387,2910
S28D,KPVTLYDVAEYAGVSYQTVSRVVNQADHVSAKTREKVEAAMAELNYIPNRVAQQLAGKQ,393,501,1947,2559
S28E,KPVTLYDVAEYAGVSYQTVSRVVNQAEHVSAKTREKVEAAMAELNYIPNRVAQQLAGKQ,275,327,1644,2171
S28F,KPVTLYDVAEYAGVSYQTVSRVVNQAFHVSAKTREKVEAAMAELNYIPNRVAQQLAGKQ,295,346,1492,1888
S28G,KPVTLYDVAEYAGVSYQTVSRVVNQAGHVSAKTREKVEAAMAELNYIPNRVAQQLAGKQ,255,348,1573,1986
S28H,KPVTLYDVAEYAGVSYQTVSRVVNQAHHVSAKTREKVEAAMAELNYIPNRVAQQLAGKQ,264,348,1559,2052
S28I,KPVTLYDVAEYAGVSYQTVSRVVNQAIHVSAKTREKVEAAMAELNYIPNRVAQQLAGKQ,388,503,1985,2598
S28K,KPVTLYDVAEYAGVSYQTVSRVVNQAKHVSAKTREKVEAAMAELNYIPNRVAQQLAGKQ,302,358,1374,1819
S28L,KPVTLYDVAEYAGVSYQTVSRVVNQALHVSAKTREKVEAAMAELNYIPNRVAQQLAGKQ,273,351,1507,2025
S28M,KPVTLYDVAEYAGVSYQTVSRVVNQAMHVSAKTREKVEAAMAELNYIPNRVAQQLAGKQ,317,415,1751,1988
S28N,KPVTLYDVAEYAGVSYQTVSRVVNQANHVSAKTREKVEAAMAELNYIPNRVAQQLAGKQ,377,405,2039,2431
S28P,KPVTLYDVAEYAGVSYQTVSRVVNQAPHVSAKTREKVEAAMAELNYIPNRVAQQLAGKQ,357,498,1884,2290
S28Q,KPVTLYDVAEYAGVSYQTVSRVVNQAQHVSAKTREKVEAAMAELNYIPNRVAQQLAGKQ,332,396,1553,1921
S28R,KPVTLYDVAEYAGVSYQTVSRVVNQARHVSAKTREKVEAAMAELNYIPNRVAQQLAGKQ,413,568,2588,3225
S28T,KPVTLYDVAEYAGVSYQTVSRVVNQATHVSAKTREKVEAAMAELNYIPNRVAQQLAGKQ,333,431,1639,1924
S28V,KPVTLYDVAEYAGVSYQTVSRVVNQAVHVSAKTREKVEAAMAELNYIPNRVAQQLAGKQ,511,641,2797,3453
S28W,KPVTLYDVAEYAGVSYQTVSRVVNQAWHVSAKTREKVEAAMAELNYIPNRVAQQLAGKQ,336,416,917,1178
S28Y,KPVTLYDVAEYAGVSYQTVSRVVNQAYHVSAKTREKVEAAMAELNYIPNRVAQQLAGKQ,369,493,1962,2534
H29A,KPVTLYDVAEYAGVSYQTVSRVVNQASAVSAKTREKVEAAMAELNYIPNRVAQQLAGKQ,528,641,3205,4146
H29C,KPVTLYDVAEYAGVSYQTVSRVVNQASCVSAKTREKVEAAMAELNYIPNRVAQQLAGKQ,494,583,2613,3196
H29D,KPVTLYDVAEYAGVSYQTVSRVVNQASDVSAKTREKVEAAMAELNYIPNRVAQQLAGKQ,262,364,49,25
H29E,KPVTLYDVAEYAGVSYQTVSRVVNQASEVSAKTREKVEAAMAELNYIPNRVAQQLAGKQ,341,457,80,51
H29F,KPVTLYDVAEYAGVSYQTVSRVVNQASFVSAKTREKVEAAMAELNYIPNRVAQQLAGKQ,402,463,1318,1670
H29G,KPVTLYDVAEYAGVSYQTVSRVVNQASGVSAKTREKVEAAMAELNYIPNRVAQQLAGKQ,280,368,1855,2170
H29I,KPVTLYDVAEYAGVSYQTVSRVVNQASIVSAKTREKVEAAMAELNYIPNRVAQQLAGKQ,271,311,533,590
H29K,KPVTLYDVAEYAGVSYQTVSRVVNQASKVSAKTREKVEAAMAELNYIPNRVAQQLAGKQ,349,488,1971,2310
H29L,KPVTLYDVAEYAGVSYQTVSRVVNQASLVSAKTREKVEAAMAELNYIPNRVAQQLAGKQ,449,626,765,1129
H29M,KPVTLYDVAEYAGVSYQTVSRVVNQASMVSAKTREKVEAAMAELNYIPNRVAQQLAGKQ,451,547,1739,2276
H29N,KPVTLYDVAEYAGVSYQTVSRVVNQASNVSAKTREKVEAAMAELNYIPNRVAQQLAGKQ,454,472,2733,3117
H29P,KPVTLYDVAEYAGVSYQTVSRVVNQASPVSAKTREKVEAAMAELNYIPNRVAQQLAGKQ,230,318,323,454
H29Q,KPVTLYDVAEYAGVSYQTVSRVVNQASQVSAKTREKVEAAMAELNYIPNRVAQQLAGKQ,390,516,1778,2501
H29R,KPVTLYDVAEYAGVSYQTVSRVVNQASRVSAKTREKVEAAMAELNYIPNRVAQQLAGKQ,371,504,809,1037
H29S,KPVTLYDVAEYAGVSYQTVSRVVNQASSVSAKTREKVEAAMAELNYIPNRVAQQLAGKQ,374,459,2253,2705
H29T,KPVTLYDVAEYAGVSYQTVSRVVNQASTVSAKTREKVEAAMAELNYIPNRVAQQLAGKQ,343,505,1302,1729
H29V,KPVTLYDVAEYAGVSYQTVSRVVNQASVVSAKTREKVEAAMAELNYIPNRVAQQLAGKQ,296,383,1281,1719
H29W,KPVTLYDVAEYAGVSYQTVSRVVNQASWVSAKTREKVEAAMAELNYIPNRVAQQLAGKQ,230,315,19,27
H29Y,KPVTLYDVAEYAGVSYQTVSRVVNQASYVSAKTREKVEAAMAELNYIPNRVAQQLAGKQ,331,408,1455,1663
V30A,KPVTLYDVAEYAGVSYQTVSRVVNQASHASAKTREKVEAAMAELNYIPNRVAQQLAGKQ,213,281,18,33
V30C,KPVTLYDVAEYAGVSYQTVSRVVNQASHCSAKTREKVEAAMAELNYIPNRVAQQLAGKQ,269,352,20,8
V30D,KPVTLYDVAEYAGVSYQTVSRVVNQASHDSAKTREKVEAAMAELNYIPNRVAQQLAGKQ,148,164,18,5
V30E,KPVTLYDVAEYAGVSYQTVSRVVNQASHESAKTREKVEAAMAELNYIPNRVAQQLAGKQ,244,285,6,9
V30F,KPVTLYDVAEYAGVSYQTVSRVVNQASHFSAKTREKVEAAMAELNYIPNRVAQQLAGKQ,256,301,5,13
V30G,KPVTLYDVAEYAGVSYQTVSRVVNQASHGSAKTREKVEAAMAELNYIPNRVAQQLAGKQ,288,349,24,34
V30H,KPVTLYDVAEYAGVSYQTVSRVVNQASHHSAKTREKVEAAMAELNYIPNRVAQQLAGKQ,169,236,4,8
V30I,KPVTLYDVAEYAGVSYQTVSRVVNQASHISAKTREKVEAAMAELNYIPNRVAQQLAGKQ,169,207,334,496
V30K,KPVTLYDVAEYAGVSYQTVSRVVNQASHKSAKTREKVEAAMAELNYIPNRVAQQLAGKQ,177,230,3,5
V30L,KPVTLYDVAEYAGVSYQTVSRVVNQASHLSAKTREKVEAAMAELNYIPNRVAQQLAGKQ,216,258,22,9
V30M,KPVTLYDVAEYAGVSYQTVSRVVNQASHMSAKTREKVEAAMAELNYIPNRVAQQLAGKQ,178,175,5,11
V30N,KPVTLYDVAEYAGVSYQTVSRVVNQASHNSAKTREKVEAAMAELNYIPNRVAQQLAGKQ,270,317,9,10
V30P,KPVTLYDVAEYAGVSYQTVSRVVNQASHPSAKTREKVEAAMAELNYIPNRVAQQLAGKQ,213,290,12,8
V30Q,KPVTLYDVAEYAGVSYQTVSRVVNQASHQSAKTREKVEAAMAELNYIPNRVAQQLAGKQ,267,320,14,4
V30R,KPVTLYDVAEYAGVSYQTVSRVVNQASHRSAKTREKVEAAMAELNYIPNRVAQQLAGKQ,221,236,3,9
V30S,KPVTLYDVAEYAGVSYQTVSRVVNQASHSSAKTREKVEAAMAELNYIPNRVAQQLAGKQ,264,359,11,9
V30T,KPVTLYDVAEYAGVSYQTVSRVVNQASHTSAKTREKVEAAMAELNYIPNRVAQQLAGKQ,227,258,34,50
V30W,KPVTLYDVAEYAGVSYQTVSRVVNQASHWSAKTREKVEAAMAELNYIPNRVAQQLAGKQ,199,275,5,10
V30Y,KPVTLYDVAEYAGVSYQTVSRVVNQASHYSAKTREKVEAAMAELNYIPNRVAQQLAGKQ,127,164,3,9
S31A,KPVTLYDVAEYAGVSYQTVSRVVNQASHVAAKTREKVEAAMAELNYIPNRVAQQLAGKQ,298,446,1954,2220
S31C,KPVTLYDVAEYAGVSYQTVSRVVNQASHVCAKTREKVEAAMAELNYIPNRVAQQLAGKQ,277,334,23,21
S31D,KPVTLYDVAEYAGVSYQTVSRVVNQASHVDAKTREKVEAAMAELNYIPNRVAQQLAGKQ,357,413,12,25
S31E,KPVTLYDVAEYAGVSYQTVSRVVNQASHVEAKTREKVEAAMAELNYIPNRVAQQLAGKQ,254,341,20,55
S31F,KPVTLYDVAEYAGVSYQTVSRVVNQASHVFAKTREKVEAAMAELNYIPNRVAQQLAGKQ,221,316,6,8
S31G,KPVTLYDVAEYAGVSYQTVSRVVNQASHVGAKTREKVEAAMAELNYIPNRVAQQLAGKQ,302,384,474,796
S31H,KPVTLYDVAEYAGVSYQTVSRVVNQASHVHAKTREKVEAAMAELNYIPNRVAQQLAGKQ,280,366,325,527
S31I,KPVTLYDVAEYAGVSYQTVSRVVNQASHVIAKTREKVEAAMAELNYIPNRVAQQLAGKQ,173,223,0,3
S31K,KPVTLYDVAEYAGVSYQTVSRVVNQASHVKAKTREKVEAAMAELNYIPNRVAQQLAGKQ,312,365,2025,2456
S31L,KPVTLYDVAEYAGVSYQTVSRVVNQASHVLAKTREKVEAAMAELNYIPNRVAQQLAGKQ,312,376,8,15
S31M,KPVTLYDVAEYAGVSYQTVSRVVNQASHVMAKTREKVEAAMAELNYIPNRVAQQLAGKQ,378,519,14,23
S31N,KPVTLYDVAEYAGVSYQTVSRVVNQASHVNAKTREKVEAAMAELNYIPNRVAQQLAGKQ,234,278,59,64
S31P,KPVTLYDVAEYAGVSYQTVSRVVNQASHVPAKTREKVEAAMAELNYIPNRVAQQLAGKQ,234,327,33,21
S31Q,KPVTLYDVAEYAGVSYQTVSRVVNQASHVQAKTREKVEAAMAELNYIPNRVAQQLAGKQ,233,305,41,95
S31R,KPVTLYDVAEYAGVSYQTVSRVVNQASHVRAKTREKVEAAMAELNYIPNRVAQQLAGKQ,273,345,1574,1850
S31T,KPVTLYDVAEYAGVSYQTVSRVVNQASHVTAKTREKVEAAMAELNYIPNRVAQQLAGKQ,361,421,1821,1971
S31V,KPVTLYDVAEYAGVSYQTVSRVVNQASHVVAKTREKVEAAMAELNYIPNRVAQQLAGKQ,273,370,11,15
S31W,KPVTLYDVAEYAGVSYQTVSRVVNQASHVWAKTREKVEAAMAELNYIPNRVAQQLAGKQ,248,340,6,9
S31Y,KPVTLYDVAEYAGVSYQTVSRVVNQASHVYAKTREKVEAAMAELNYIPNRVAQQLAGKQ,144,156,9,9
A32C,KPVTLYDVAEYAGVSYQTVSRVVNQASHVSCKTREKVEAAMAELNYIPNRVAQQLAGKQ,287,356,1532,1988
A32D,KPVTLYDVAEYAGVSYQTVSRVVNQASHVSDKTREKVEAAMAELNYIPNRVAQQLAGKQ,385,568,2304,3000
A32E,KPVTLYDVAEYAGVSYQTVSRVVNQASHVSEKTREKVEAAMAELNYIPNRVAQQLAGKQ,267,376,1647,2080
A32F,KPVTLYDVAEYAGVSYQTVSRVVNQASHVSFKTREKVEAAMAELNYIPNRVAQQLAGKQ,351,483,1940,2650
A32G,KPVTLYDVAEYAGVSYQTVSRVVNQASHVSGKTREKVEAAMAELNYIPNRVAQQLAGKQ,313,428,1868,2385
A32H,KPVTLYDVAEYAGVSYQTVSRVVNQASHVSHKTREKVEAAMAELNYIPNRVAQQLAGKQ,482,612,2702,3493
A32I,KPVTLYDVAEYAGVSYQTVSRVVNQASHVSIKTREKVEAAMAELNYIPNRVAQQLAGKQ,286,370,1543,1761
A32K,KPVTLYDVAEYAGVSYQTVSRVVNQASHVSKKTREKVEAAMAELNYIPNRVAQQLAGKQ,275,369,1518,2098
A32L,KPVTLYDVAEYAGVSYQTVSRVVNQASHVSLKTREKVEAAMAELNYIPNRVAQQLAGKQ,353,441,1907,2589
A32M,KPVTLYDVAEYAGVSYQTVSRVVNQASHVSMKTREKVEAAMAELNYIPNRVAQQLAGKQ,317,401,1424,1876
A32N,KPVTLYDVAEYAGVSYQTVSRVVNQASHVSNKTREKVEAAMAELNYIPNRVAQQLAGKQ,316,415,1648,2061
A32P,KPVTLYDVAEYAGVSYQTVSRVVNQASHVSPKTREKVEAAMAELNYIPNRVAQQLAGKQ,546,704,3551,4207
A32Q,KPVTLYDVAEYAGVSYQTVSRVVNQASHVSQKTREKVEAAMAELNYIPNRVAQQLAGKQ,326,434,2234,2646
A32R,KPVTLYDVAEYAGVSYQTVSRVVNQASHVSRKTREKVEAAMAELNYIPNRVAQQLAGKQ,347,428,2077,2636
A32S,KPVTLYDVAEYAGVSYQTVSRVVNQASHVSSKTREKVEAAMAELNYIPNRVAQQLAGKQ,338,455,1880,2324
A32T,KPVTLYDVAEYAGVSYQTVSRVVNQASHVSTKTREKVEAAMAELNYIPNRVAQQLAGKQ,306,383,1779,2096
A32V,KPVTLYDVAEYAGVSYQTVSRVVNQASHVSVKTREKVEAAMAELNYIPNRVAQQLAGKQ,422,477,2411,3141
A32W,KPVTLYDVAEYAGVSYQTVSRVVNQASHVSWKTREKVEAAMAELNYIPNRVAQQLAGKQ,222,326,1315,1546
A32Y,KPVTLYDVAEYAGVSYQTVSRVVNQASHVSYKTREKVEAAMAELNYIPNRVAQQLAGKQ,330,490,2062,2381
K33A,KPVTLYDVAEYAGVSYQTVSRVVNQASHVSAATREKVEAAMAELNYIPNRVAQQLAGKQ,301,400,2128,2669
K33C,KPVTLYDVAEYAGVSYQTVSRVVNQASHVSACTREKVEAAMAELNYIPNRVAQQLAGKQ,349,395,1737,1947
K33D,KPVTLYDVAEYAGVSYQTVSRVVNQASHVSADTREKVEAAMAELNYIPNRVAQQLAGKQ,359,460,618,680
K33E,KPVTLYDVAEYAGVSYQTVSRVVNQASHVSAETREKVEAAMAELNYIPNRVAQQLAGKQ,273,343,1144,1387
K33F,KPVTLYDVAEYAGVSYQTVSRVVNQASHVSAFTREKVEAAMAELNYIPNRVAQQLAGKQ,336,455,1677,2000
K33G,KPVTLYDVAEYAGVSYQTVSRVVNQASHVSAGTREKVEAAMAELNYIPNRVAQQLAGKQ,345,467,1982,2543
K33H,KPVTLYDVAEYAGVSYQTVSRVVNQASHVSAHTREKVEAAMAELNYIPNRVAQQLAGKQ,411,498,2538,3128
K33I,KPVTLYDVAEYAGVSYQTVSRVVNQASHVSAITREKVEAAMAELNYIPNRVAQQLAGKQ,343,483,2137,2545
K33L,KPVTLYDVAEYAGVSYQTVSRVVNQASHVSALTREKVEAAMAELNYIPNRVAQQLAGKQ,378,518,2320,2647
K33M,KPVTLYDVAEYAGVSYQTVSRVVNQASHVSAMTREKVEAAMAELNYIPNRVAQQLAGKQ,207,288,1112,1510
K33N,KPVTLYDVAEYAGVSYQTVSRVVNQASHVSANTREKVEAAMAELNYIPNRVAQQLAGKQ,160,225,884,1171
K33P,KPVTLYDVAEYAGVSYQTVSRVVNQASHVSAPTREKVEAAMAELNYIPNRVAQQLAGKQ,444,485,2237,2859
K33Q,KPVTLYDVAEYAGVSYQTVSRVVNQASHVSAQTREKVEAAMAELNYIPNRVAQQLAGKQ,281,416,1727,2138
K33R,KPVTLYDVAEYAGVSYQTVSRVVNQASHVSARTREKVEAAMAELNYIPNRVAQQLAGKQ,450,564,2929,3201
K33S,KPVTLYDVAEYAGVSYQTVSRVVNQASHVSASTREKVEAAMAELNYIPNRVAQQLAGKQ,280,384,1586,2039
K33T,KPVTLYDVAEYAGVSYQTVSRVVNQASHVSATTREKVEAAMAELNYIPNRVAQQLAGKQ,368,490,1935,2624
K33V,KPVTLYDVAEYAGVSYQTVSRVVNQASHVSAVTREKVEAAMAELNYIPNRVAQQLAGKQ,364,481,2182,2839
K33W,KPVTLYDVAEYAGVSYQTVSRVVNQASHVSAWTREKVEAAMAELNYIPNRVAQQLAGKQ,313,394,606,825
K33Y,KPVTLYDVAEYAGVSYQTVSRVVNQASHVSAYTREKVEAAMAELNYIPNRVAQQLAGKQ,449,638,2478,2878
T34A,KPVTLYDVAEYAGVSYQTVSRVVNQASHVSAKAREKVEAAMAELNYIPNRVAQQLAGKQ,308,368,716,811
T34C,KPVTLYDVAEYAGVSYQTVSRVVNQASHVSAKCREKVEAAMAELNYIPNRVAQQLAGKQ,371,501,188,199
T34D,KPVTLYDVAEYAGVSYQTVSRVVNQASHVSAKDREKVEAAMAELNYIPNRVAQQLAGKQ,225,285,6,2
T34E,KPVTLYDVAEYAGVSYQTVSRVVNQASHVSAKEREKVEAAMAELNYIPNRVAQQLAGKQ,287,361,21,11
T34F,KPVTLYDVAEYAGVSYQTVSRVVNQASHVSAKFREKVEAAMAELNYIPNRVAQQLAGKQ,284,326,1,7
T34G,KPVTLYDVAEYAGVSYQTVSRVVNQASHVSAKGREKVEAAMAELNYIPNRVAQQLAGKQ,232,318,1,8
T34H,KPVTLYDVAEYAGVSYQTVSRVVNQASHVSAKHREKVEAAMAELNYIPNRVAQQLAGKQ,200,251,9,2
T34I,KPVTLYDVAEYAGVSYQTVSRVVNQASHVSAKIREKVEAAMAELNYIPNRVAQQLAGKQ,197,255,10,10
T34K,KPVTLYDVAEYAGVSYQTVSRVVNQASHVSAKKREKVEAAMAELNYIPNRVAQQLAGKQ,179,191,10,15
T34L,KPVTLYDVAEYAGVSYQTVSRVVNQASHVSAKLREKVEAAMAELNYIPNRVAQQLAGKQ,271,363,15,15
T34M,KPVTLYDVAEYAGVSYQTVSRVVNQASHVSAKMREKVEAAMAELNYIPNRVAQQLAGKQ,298,414,1825,2077
T34N,KPVTLYDVAEYAGVSYQTVSRVVNQASHVSAKNREKVEAAMAELNYIPNRVAQQLAGKQ,265,308,18,5
T34P,KPVTLYDVAEYAGVSYQTVSRVVNQASHVSAKPREKVEAAMAELNYIPNRVAQQLAGKQ,256,345,24,32
T34Q,KPVTLYDVAEYAGVSYQTVSRVVNQASHVSAKQREKVEAAMAELNYIPNRVAQQLAGKQ,249,355,8,11
T34R,KPVTLYDVAEYAGVSYQTVSRVVNQASHVSAKRREKVEAAMAELNYIPNRVAQQLAGKQ,246,327,12,14
T34S,KPVTLYDVAEYAGVSYQTVSRVVNQASHVSAKSREKVEAAMAELNYIPNRVAQQLAGKQ,314,401,532,804
T34V,KPVTLYDVAEYAGVSYQTVSRVVNQASHVSAKVREKVEAAMAELNYIPNRVAQQLAGKQ,247,365,25,20
T34W,KPVTLYDVAEYAGVSYQTVSRVVNQASHVSAKWREKVEAAMAELNYIPNRVAQQLAGKQ,306,422,12,11
T34Y,KPVTLYDVAEYAGVSYQTVSRVVNQASHVSAKYREKVEAAMAELNYIPNRVAQQLAGKQ,265,318,6,9
R35A,KPVTLYDVAEYAGVSYQTVSRVVNQASHVSAKTAEKVEAAMAELNYIPNRVAQQLAGKQ,240,354,648,786
R35C,KPVTLYDVAEYAGVSYQTVSRVVNQASHVSAKTCEKVEAAMAELNYIPNRVAQQLAGKQ,330,447,154,213
R35D,KPVTLYDVAEYAGVSYQTVSRVVNQASHVSAKTDEKVEAAMAELNYIPNRVAQQLAGKQ,241,319,8,9
R35E,KPVTLYDVAEYAGVSYQTVSRVVNQASHVSAKTEEKVEAAMAELNYIPNRVAQQLAGKQ,240,267,6,8
R35F,KPVTLYDVAEYAGVSYQTVSRVVNQASHVSAKTFEKVEAAMAELNYIPNRVAQQLAGKQ,230,306,53,70
R35G,KPVTLYDVAEYAGVSYQTVSRVVNQASHVSAKTGEKVEAAMAELNYIPNRVAQQLAGKQ,213,303,17,26
R35H,KPVTLYDVAEYAGVSYQTVSRVVNQASHVSAKTHEKVEAAMAELNYIPNRVAQQLAGKQ,157,185,53,48
R35I,KPVTLYDVAEYAGVSYQTVSRVVNQASHVSAKTIEKVEAAMAELNYIPNRVAQQLAGKQ,335,445,520,761
R35K,KPVTLYDVAEYAGVSYQTVSRVVNQASHVSAKTKEKVEAAMAELNYIPNRVAQQLAGKQ,283,331,1334,1783
R35L,KPVTLYDVAEYAGVSYQTVSRVVNQASHVSAKTLEKVEAAMAELNYIPNRVAQQLAGKQ,317,405,486,758
R35M,KPVTLYDVAEYAGVSYQTVSRVVNQASHVSAKTMEKVEAAMAELNYIPNRVAQQLAGKQ,289,369,608,769
R35N,KPVTLYDVAEYAGVSYQTVSRVVNQASHVSAKTNEKVEAAMAELNYIPNRVAQQLAGKQ,261,273,6,13
R35P,KPVTLYDVAEYAGVSYQTVSRVVNQASHVSAKTPEKVEAAMAELNYIPNRVAQQLAGKQ,113,159,5,12
R35Q,KPVTLYDVAEYAGVSYQTVSRVVNQASHVSAKTQEKVEAAMAELNYIPNRVAQQLAGKQ,215,301,1045,1382
R35S,KPVTLYDVAEYAGVSYQTVSRVVNQASHVSAKTSEKVEAAMAELNYIPNRVAQQLAGKQ,118,185,30,32
R35T,KPVTLYDVAEYAGVSYQTVSRVVNQASHVSAKTTEKVEAAMAELNYIPNRVAQQLAGKQ,321,400,437,506
R35V,KPVTLYDVAEYAGVSYQTVSRVVNQASHVSAKTVEKVEAAMAELNYIPNRVAQQLAGKQ,299,398,187,275
R35W,KPVTLYDVAEYAGVSYQTVSRVVNQASHVSAKTWEKVEAAMAELNYIPNRVAQQLAGKQ,181,230,45,32
R35Y,KPVTLYDVAEYAGVSYQTVSRVVNQASHVSAKTYEKVEAAMAELNYIPNRVAQQLAGKQ,286,386,156,174
E36A,KPVTLYDVAEYAGVSYQTVSRVVNQASHVSAKTRAKVEAAMAELNYIPNRVAQQLAGKQ,385,462,2174,2632
E36C,KPVTLYDVAEYAGVSYQTVSRVVNQASHVSAKTRCKVEAAMAELNYIPNRVAQQLAGKQ,486,645,2831,3234
E36D,KPVTLYDVAEYAGVSYQTVSRVVNQASHVSAKTRDKVEAAMAELNYIPNRVAQQLAGKQ,326,399,1619,2089
E36F,KPVTLYDVAEYAGVSYQTVSRVVNQASHVSAKTRFKVEAAMAELNYIPNRVAQQLAGKQ,526,778,3241,3852
E36G,KPVTLYDVAEYAGVSYQTVSRVVNQASHVSAKTRGKVEAAMAELNYIPNRVAQQLAGKQ,242,306,1384,1599
E36H,KPVTLYDVAEYAGVSYQTVSRVVNQASHVSAKTRHKVEAAMAELNYIPNRVAQQLAGKQ,369,436,1979,2306
E36I,KPVTLYDVAEYAGVSYQTVSRVVNQASHVSAKTRIKVEAAMAELNYIPNRVAQQLAGKQ,280,321,1613,1652
E36K,KPVTLYDVAEYAGVSYQTVSRVVNQASHVSAKTRKKVEAAMAELNYIPNRVAQQLAGKQ,364,456,2184,2535
E36L,KPVTLYDVAEYAGVSYQTVSRVVNQASHVSAKTRLKVEAAMAELNYIPNRVAQQLAGKQ,438,573,2564,3014
E36M,KPVTLYDVAEYAGVSYQTVSRVVNQASHVSAKTRMKVEAAMAELNYIPNRVAQQLAGKQ,381,549,2478,2576
E36N,KPVTLYDVAEYAGVSYQTVSRVVNQASHVSAKTRNKVEAAMAELNYIPNRVAQQLAGKQ,366,457,1982,2305
E36P,KPVTLYDVAEYAGVSYQTVSRVVNQASHVSAKTRPKVEAAMAELNYIPNRVAQQLAGKQ,254,348,9,13
E36Q,KPVTLYDVAEYAGVSYQTVSRVVNQASHVSAKTRQKVEAAMAELNYIPNRVAQQLAGKQ,515,622,2760,3460
E36R,KPVTLYDVAEYAGVSYQTVSRVVNQASHVSAKTRRKVEAAMAELNYIPNRVAQQLAGKQ,495,633,3011,3535
E36S,KPVTLYDVAEYAGVSYQTVSRVVNQASHVSAKTRSKVEAAMAELNYIPNRVAQQLAGKQ,308,378,1873,2247
E36T,KPVTLYDVAEYAGVSYQTVSRVVNQASHVSAKTRTKVEAAMAELNYIPNRVAQQLAGKQ,376,458,2812,3088
E36V,KPVTLYDVAEYAGVSYQTVSRVVNQASHVSAKTRVKVEAAMAELNYIPNRVAQQLAGKQ,405,521,2390,2440
E36W,KPVTLYDVAEYAGVSYQTVSRVVNQASHVSAKTRWKVEAAMAELNYIPNRVAQQLAGKQ,308,372,1705,1997
E36Y,KPVTLYDVAEYAGVSYQTVSRVVNQASHVSAKTRYKVEAAMAELNYIPNRVAQQLAGKQ,299,444,1746,1877
K37A,KPVTLYDVAEYAGVSYQTVSRVVNQASHVSAKTREAVEAAMAELNYIPNRVAQQLAGKQ,391,519,2254,2849
K37C,KPVTLYDVAEYAGVSYQTVSRVVNQASHVSAKTRECVEAAMAELNYIPNRVAQQLAGKQ,467,619,1923,2368
K37D,KPVTLYDVAEYAGVSYQTVSRVVNQASHVSAKTREDVEAAMAELNYIPNRVAQQLAGKQ,256,333,21,29
K37E,KPVTLYDVAEYAGVSYQTVSRVVNQASHVSAKTREEVEAAMAELNYIPNRVAQQLAGKQ,248,257,76,72
K37F,KPVTLYDVAEYAGVSYQTVSRVVNQASHVSAKTREFVEAAMAELNYIPNRVAQQLAGKQ,245,334,8,26
K37G,KPVTLYDVAEYAGVSYQTVSRVVNQASHVSAKTREGVEAAMAELNYIPNRVAQQLAGKQ,311,394,38,29
K37H,KPVTLYDVAEYAGVSYQTVSRVVNQASHVSAKTREHVEAAMAELNYIPNRVAQQLAGKQ,376,503,1776,1975
K37I,KPVTLYDVAEYAGVSYQTVSRVVNQASHVSAKTREIVEAAMAELNYIPNRVAQQLAGKQ,416,525,2084,2465
K37L,KPVTLYDVAEYAGVSYQTVSRVVNQASHVSAKTRELVEAAMAELNYIPNRVAQQLAGKQ,436,559,2391,2668
K37M,KPVTLYDVAEYAGVSYQTVSRVVNQASHVSAKTREMVEAAMAELNYIPNRVAQQLAGKQ,289,398,1750,1995
K37N,KPVTLYDVAEYAGVSYQTVSRVVNQASHVSAKTRENVEAAMAELNYIPNRVAQQLAGKQ,331,411,1808,2038
K37P,KPVTLYDVAEYAGVSYQTVSRVVNQASHVSAKTREPVEAAMAELNYIPNRVAQQLAGKQ,228,348,12,19
K37Q,KPVTLYDVAEYAGVSYQTVSRVVNQASHVSAKTREQVEAAMAELNYIPNRVAQQLAGKQ,314,397,1321,1738
K37R,KPVTLYDVAEYAGVSYQTVSRVVNQASHVSAKTRERVEAAMAELNYIPNRVAQQLAGKQ,478,659,3440,4021
K37S,KPVTLYDVAEYAGVSYQTVSRVVNQASHVSAKTRESVEAAMAELNYIPNRVAQQLAGKQ,261,343,848,1101
K37T,KPVTLYDVAEYAGVSYQTVSRVVNQASHVSAKTRETVEAAMAELNYIPNRVAQQLAGKQ,332,454,1386,1854
K37V,KPVTLYDVAEYAGVSYQTVSRVVNQASHVSAKTREVVEAAMAELNYIPNRVAQQLAGKQ,338,472,2149,2571
K37W,KPVTLYDVAEYAGVSYQTVSRVVNQASHVSAKTREWVEAAMAELNYIPNRVAQQLAGKQ,411,480,13,14
K37Y,KPVTLYDVAEYAGVSYQTVSRVVNQASHVSAKTREYVEAAMAELNYIPNRVAQQLAGKQ,335,489,22,29
V38A,KPVTLYDVAEYAGVSYQTVSRVVNQASHVSAKTREKAEAAMAELNYIPNRVAQQLAGKQ,162,225,12,12
V38C,KPVTLYDVAEYAGVSYQTVSRVVNQASHVSAKTREKCEAAMAELNYIPNRVAQQLAGKQ,301,446,216,233
V38D,KPVTLYDVAEYAGVSYQTVSRVVNQASHVSAKTREKDEAAMAELNYIPNRVAQQLAGKQ,182,231,1,13
V38E,KPVTLYDVAEYAGVSYQTVSRVVNQASHVSAKTREKEEAAMAELNYIPNRVAQQLAGKQ,191,245,22,20
V38F,KPVTLYDVAEYAGVSYQTVSRVVNQASHVSAKTREKFEAAMAELNYIPNRVAQQLAGKQ,254,344,9,8
V38G,KPVTLYDVAEYAGVSYQTVSRVVNQASHVSAKTREKGEAAMAELNYIPNRVAQQLAGKQ,212,286,23,23
V38H,KPVTLYDVAEYAGVSYQTVSRVVNQASHVSAKTREKHEAAMAELNYIPNRVAQQLAGKQ,230,238,11,8
V38I,KPVTLYDVAEYAGVSYQTVSRVVNQASHVSAKTREKIEAAMAELNYIPNRVAQQLAGKQ,291,379,538,586
V38K,KPVTLYDVAEYAGVSYQTVSRVVNQASHVSAKTREKKEAAMAELNYIPNRVAQQLAGKQ,270,329,6,2
V38L,KPVTLYDVAEYAGVSYQTVSRVVNQASHVSAKTREKLEAAMAELNYIPNRVAQQLAGKQ,285,353,17,30
V38M,KPVTLYDVAEYAGVSYQTVSRVVNQASHVSAKTREKMEAAMAELNYIPNRVAQQLAGKQ,258,329,14,31
V38N,KPVTLYDVAEYAGVSYQTVSRVVNQASHVSAKTREKNEAAMAELNYIPNRVAQQLAGKQ,235,254,8,8
V38P,KPVTLYDVAEYAGVSYQTVSRVVNQASHVSAKTREKPEAAMAELNYIPNRVAQQLAGKQ,207,259,3,4
V38Q,KPVTLYDVAEYAGVSYQTVSRVVNQASHVSAKTREKQEAAMAELNYIPNRVAQQLAGKQ,178,231,7,15
V38R,KPVTLYDVAEYAGVSYQTVSRVVNQASHVSAKTREKREAAMAELNYIPNRVAQQLAGKQ,280,360,9,25
V38S,KPVTLYDVAEYAGVSYQTVSRVVNQASHVSAKTREKSEAAMAELNYIPNRVAQQLAGKQ,327,416,8,11
V38T,KPVTLYDVAEYAGVSYQTVSRVVNQASHVSAKTREKTEAAMAELNYIPNRVAQQLAGKQ,248,272,6,9
V38W,KPVTLYDVAEYAGVSYQTVSRVVNQASHVSAKTREKWEAAMAELNYIPNRVAQQLAGKQ,170,235,6,6
V38Y,KPVTLYDVAEYAGVSYQTVSRVVNQASHVSAKTREKYEAAMAELNYIPNRVAQQLAGKQ,251,310,8,8
E39A,KPVTLYDVAEYAGVSYQTVSRVVNQASHVSAKTREKVAAAMAELNYIPNRVAQQLAGKQ,291,422,1683,1854
E39C,KPVTLYDVAEYAGVSYQTVSRVVNQASHVSAKTREKVCAAMAELNYIPNRVAQQLAGKQ,417,590,2757,3179
E39D,KPVTLYDVAEYAGVSYQTVSRVVNQASHVSAKTREKVDAAMAELNYIPNRVAQQLAGKQ,267,370,993,1271
E39F,KPVTLYDVAEYAGVSYQTVSRVVNQASHVSAKTREKVFAAMAELNYIPNRVAQQLAGKQ,458,576,2309,2746
E39G,KPVTLYDVAEYAGVSYQTVSRVVNQASHVSAKTREKVGAAMAELNYIPNRVAQQLAGKQ,347,467,1770,1876
E39H,KPVTLYDVAEYAGVSYQTVSRVVNQASHVSAKTREKVHAAMAELNYIPNRVAQQLAGKQ,334,467,1905,2582
E39I,KPVTLYDVAEYAGVSYQTVSRVVNQASHVSAKTREKVIAAMAELNYIPNRVAQQLAGKQ,378,502,2352,2700
E39K,KPVTLYDVAEYAGVSYQTVSRVVNQASHVSAKTREKVKAAMAELNYIPNRVAQQLAGKQ,317,419,1639,1954
E39L,KPVTLYDVAEYAGVSYQTVSRVVNQASHVSAKTREKVLAAMAELNYIPNRVAQQLAGKQ,306,444,1751,2114
E39M,KPVTLYDVAEYAGVSYQTVSRVVNQASHVSAKTREKVMAAMAELNYIPNRVAQQLAGKQ,261,338,1836,1844
E39N,KPVTLYDVAEYAGVSYQTVSRVVNQASHVSAKTREKVNAAMAELNYIPNRVAQQLAGKQ,333,438,2012,2157
E39P,KPVTLYDVAEYAGVSYQTVSRVVNQASHVSAKTREKVPAAMAELNYIPNRVAQQLAGKQ,230,315,7,4
E39Q,KPVTLYDVAEYAGVSYQTVSRVVNQASHVSAKTREKVQAAMAELNYIPNRVAQQLAGKQ,309,358,1779,2007
E39R,KPVTLYDVAEYAGVSYQTVSRVVNQASHVSAKTREKVRAAMAELNYIPNRVAQQLAGKQ,344,428,1918,2684
E39S,KPVTLYDVAEYAGVSYQTVSRVVNQASHVSAKTREKVSAAMAELNYIPNRVAQQLAGKQ,330,471,1857,2256
E39T,KPVTLYDVAEYAGVSYQTVSRVVNQASHVSAKTREKVTAAMAELNYIPNRVAQQLAGKQ,329,420,1962,2457
E39V,KPVTLYDVAEYAGVSYQTVSRVVNQASHVSAKTREKVVAAMAELNYIPNRVAQQLAGKQ,289,356,1695,1968
E39W,KPVTLYDVAEYAGVSYQTVSRVVNQASHVSAKTREKVWAAMAELNYIPNRVAQQLAGKQ,367,519,1110,1288
E39Y,KPVTLYDVAEYAGVSYQTVSRVVNQASHVSAKTREKVYAAMAELNYIPNRVAQQLAGKQ,383,531,1320,1782
A40C,KPVTLYDVAEYAGVSYQTVSRVVNQASHVSAKTREKVECAMAELNYIPNRVAQQLAGKQ,315,441,1909,2122
A40D,KPVTLYDVAEYAGVSYQTVSRVVNQASHVSAKTREKVEDAMAELNYIPNRVAQQLAGKQ,289,381,1542,1955
A40E,KPVTLYDVAEYAGVSYQTVSRVVNQASHVSAKTREKVEEAMAELNYIPNRVAQQLAGKQ,473,559,2521,2888
A40F,KPVTLYDVAEYAGVSYQTVSRVVNQASHVSAKTREKVEFAMAELNYIPNRVAQQLAGKQ,427,584,2215,2981
A40G,KPVTLYDVAEYAGVSYQTVSRVVNQASHVSAKTREKVEGAMAELNYIPNRVAQQLAGKQ,397,455,2068,2588
A40H,KPVTLYDVAEYAGVSYQTVSRVVNQASHVSAKTREKVEHAMAELNYIPNRVAQQLAGKQ,361,432,2583,2925
A40I,KPVTLYDVAEYAGVSYQTVSRVVNQASHVSAKTREKVEIAMAELNYIPNRVAQQLAGKQ,392,526,2046,2568
A40K,KPVTLYDVAEYAGVSYQTVSRVVNQASHVSAKTREKVEKAMAELNYIPNRVAQQLAGKQ,421,515,2374,2600
A40L,KPVTLYDVAEYAGVSYQTVSRVVNQASHVSAKTREKVELAMAELNYIPNRVAQQLAGKQ,217,288,1349,1777
A40M,KPVTLYDVAEYAGVSYQTVSRVVNQASHVSAKTREKVEMAMAELNYIPNRVAQQLAGKQ,360,476,2108,2800
A40N,KPVTLYDVAEYAGVSYQTVSRVVNQASHVSAKTREKVENAMAELNYIPNRVAQQLAGKQ,232,278,1221,1591
A40P,KPVTLYDVAEYAGVSYQTVSRVVNQASHVSAKTREKVEPAMAELNYIPNRVAQQLAGKQ,258,337,42,23
A40Q,KPVTLYDVAEYAGVSYQTVSRVVNQASHVSAKTREKVEQAMAELNYIPNRVAQQLAGKQ,309,389,1929,2031
A40R,KPVTLYDVAEYAGVSYQTVSRVVNQASHVSAKTREKVERAMAELNYIPNRVAQQLAGKQ,318,447,2042,2280
A40S,KPVTLYDVAEYAGVSYQTVSRVVNQASHVSAKTREKVESAMAELNYIPNRVAQQLAGKQ,363,540,2403,2831
A40T,KPVTLYDVAEYAGVSYQTVSRVVNQASHVSAKTREKVETAMAELNYIPNRVAQQLAGKQ,374,475,2008,2691
A40V,KPVTLYDVAEYAGVSYQTVSRVVNQASHVSAKTREKVEVAMAELNYIPNRVAQQLAGKQ,326,431,1967,1987
A40W,KPVTLYDVAEYAGVSYQTVSRVVNQASHVSAKTREKVEWAMAELNYIPNRVAQQLAGKQ,239,292,1234,1474
A40Y,KPVTLYDVAEYAGVSYQTVSRVVNQASHVSAKTREKVEYAMAELNYIPNRVAQQLAGKQ,467,643,2421,3267
A41C,KPVTLYDVAEYAGVSYQTVSRVVNQASHVSAKTREKVEACMAELNYIPNRVAQQLAGKQ,367,478,2318,2485
A41D,KPVTLYDVAEYAGVSYQTVSRVVNQASHVSAKTREKVEADMAELNYIPNRVAQQLAGKQ,285,369,27,17
A41E,KPVTLYDVAEYAGVSYQTVSRVVNQASHVSAKTREKVEAEMAELNYIPNRVAQQLAGKQ,267,302,12,20
A41F,KPVTLYDVAEYAGVSYQTVSRVVNQASHVSAKTREKVEAFMAELNYIPNRVAQQLAGKQ,221,294,6,7
A41G,KPVTLYDVAEYAGVSYQTVSRVVNQASHVSAKTREKVEAGMAELNYIPNRVAQQLAGKQ,184,256,44,49
A41H,KPVTLYDVAEYAGVSYQTVSRVVNQASHVSAKTREKVEAHMAELNYIPNRVAQQLAGKQ,197,250,6,7
A41I,KPVTLYDVAEYAGVSYQTVSRVVNQASHVSAKTREKVEAIMAELNYIPNRVAQQLAGKQ,344,422,532,631
A41K,KPVTLYDVAEYAGVSYQTVSRVVNQASHVSAKTREKVEAKMAELNYIPNRVAQQLAGKQ,254,267,38,43
A41L,KPVTLYDVAEYAGVSYQTVSRVVNQASHVSAKTREKVEALMAELNYIPNRVAQQLAGKQ,271,304,4,6
A41M,KPVTLYDVAEYAGVSYQTVSRVVNQASHVSAKTREKVEAMMAELNYIPNRVAQQLAGKQ,325,364,38,42
A41N,KPVTLYDVAEYAGVSYQTVSRVVNQASHVSAKTREKVEANMAELNYIPNRVAQQLAGKQ,206,292,6,10
A41P,KPVTLYDVAEYAGVSYQTVSRVVNQASHVSAKTREKVEAPMAELNYIPNRVAQQLAGKQ,286,360,17,14
A41Q,KPVTLYDVAEYAGVSYQTVSRVVNQASHVSAKTREKVEAQMAELNYIPNRVAQQLAGKQ,245,287,12,16
A41R,KPVTLYDVAEYAGVSYQTVSRVVNQASHVSAKTREKVEARMAELNYIPNRVAQQLAGKQ,354,426,31,18
A41S,KPVTLYDVAEYAGVSYQTVSRVVNQASHVSAKTREKVEASMAELNYIPNRVAQQLAGKQ,359,466,1293,1596
A41T,KPVTLYDVAEYAGVSYQTVSRVVNQASHVSAKTREKVEATMAELNYIPNRVAQQLAGKQ,316,413,1021,1296
A41V,KPVTLYDVAEYAGVSYQTVSRVVNQASHVSAKTREKVEAVMAELNYIPNRVAQQLAGKQ,387,455,2030,2295
A41W,KPVTLYDVAEYAGVSYQTVSRVVNQASHVSAKTREKVEAWMAELNYIPNRVAQQLAGKQ,312,370,45,20
A41Y,KPVTLYDVAEYAGVSYQTVSRVVNQASHVSAKTREKVEAYMAELNYIPNRVAQQLAGKQ,291,354,19,15
M42A,KPVTLYDVAEYAGVSYQTVSRVVNQASHVSAKTREKVEAAAAELNYIPNRVAQQLAGKQ,265,370,531,657
M42C,KPVTLYDVAEYAGVSYQTVSRVVNQASHVSAKTREKVEAACAELNYIPNRVAQQLAGKQ,268,345,1408,1700
M42D,KPVTLYDVAEYAGVSYQTVSRVVNQASHVSAKTREKVEAADAELNYIPNRVAQQLAGKQ,211,263,2,9
M42E,KPVTLYDVAEYAGVSYQTVSRVVNQASHVSAKTREKVEAAEAELNYIPNRVAQQLAGKQ,288,369,11,17
M42F,KPVTLYDVAEYAGVSYQTVSRVVNQASHVSAKTREKVEAAFAELNYIPNRVAQQLAGKQ,293,327,294,378
M42G,KPVTLYDVAEYAGVSYQTVSRVVNQASHVSAKTREKVEAAGAELNYIPNRVAQQLAGKQ,268,328,17,17
M42H,KPVTLYDVAEYAGVSYQTVSRVVNQASHVSAKTREKVEAAHAELNYIPNRVAQQLAGKQ,223,274,11,8
M42I,KPVTLYDVAEYAGVSYQTVSRVVNQASHVSAKTREKVEAAIAELNYIPNRVAQQLAGKQ,322,394,1585,1924
M42K,KPVTLYDVAEYAGVSYQTVSRVVNQASHVSAKTREKVEAAKAELNYIPNRVAQQLAGKQ,248,321,34,29
M42L,KPVTLYDVAEYAGVSYQTVSRVVNQASHVSAKTREKVEAALAELNYIPNRVAQQLAGKQ,299,441,1509,2097
M42N,KPVTLYDVAEYAGVSYQTVSRVVNQASHVSAKTREKVEAANAELNYIPNRVAQQLAGKQ,191,261,7,7
M42P,KPVTLYDVAEYAGVSYQTVSRVVNQASHVSAKTREKVEAAPAELNYIPNRVAQQLAGKQ,151,234,7,5
M42Q,KPVTLYDVAEYAGVSYQTVSRVVNQASHVSAKTREKVEAAQAELNYIPNRVAQQLAGKQ,192,235,2,11
M42R,KPVTLYDVAEYAGVSYQTVSRVVNQASHVSAKTREKVEAARAELNYIPNRVAQQLAGKQ,185,286,51,74
M42S,KPVTLYDVAEYAGVSYQTVSRVVNQASHVSAKTREKVEAASAELNYIPNRVAQQLAGKQ,243,292,17,13
M42T,KPVTLYDVAEYAGVSYQTVSRVVNQASHVSAKTREKVEAATAELNYIPNRVAQQLAGKQ,157,168,16,36
M42V,KPVTLYDVAEYAGVSYQTVSRVVNQASHVSAKTREKVEAAVAELNYIPNRVAQQLAGKQ,194,256,863,1175
M42W,KPVTLYDVAEYAGVSYQTVSRVVNQASHVSAKTREKVEAAWAELNYIPNRVAQQLAGKQ,190,272,15,11
M42Y,KPVTLYDVAEYAGVSYQTVSRVVNQASHVSAKTREKVEAAYAELNYIPNRVAQQLAGKQ,212,261,7,14
A43C,KPVTLYDVAEYAGVSYQTVSRVVNQASHVSAKTREKVEAAMCELNYIPNRVAQQLAGKQ,309,394,1582,2148
A43D,KPVTLYDVAEYAGVSYQTVSRVVNQASHVSAKTREKVEAAMDELNYIPNRVAQQLAGKQ,332,424,1633,2095
A43E,KPVTLYDVAEYAGVSYQTVSRVVNQASHVSAKTREKVEAAMEELNYIPNRVAQQLAGKQ,237,311,1301,1718
A43F,KPVTLYDVAEYAGVSYQTVSRVVNQASHVSAKTREKVEAAMFELNYIPNRVAQQLAGKQ,400,460,1932,2347
A43G,KPVTLYDVAEYAGVSYQTVSRVVNQASHVSAKTREKVEAAMGELNYIPNRVAQQLAGKQ,361,414,1658,1846
A43H,KPVTLYDVAEYAGVSYQTVSRVVNQASHVSAKTREKVEAAMHELNYIPNRVAQQLAGKQ,304,350,1507,1980
A43I,KPVTLYDVAEYAGVSYQTVSRVVNQASHVSAKTREKVEAAMIELNYIPNRVAQQLAGKQ,385,436,2008,2434
A43K,KPVTLYDVAEYAGVSYQTVSRVVNQASHVSAKTREKVEAAMKELNYIPNRVAQQLAGKQ,313,395,1649,2413
A43L,KPVTLYDVAEYAGVSYQTVSRVVNQASHVSAKTREKVEAAMLELNYIPNRVAQQLAGKQ,411,522,2099,2415
A43M,KPVTLYDVAEYAGVSYQTVSRVVNQASHVSAKTREKVEAAMMELNYIPNRVAQQLAGKQ,411,499,2134,2644
A43N,KPVTLYDVAEYAGVSYQTVSRVVNQASHVSAKTREKVEAAMNELNYIPNRVAQQLAGKQ,348,415,1810,2320
A43P,KPVTLYDVAEYAGVSYQTVSRVVNQASHVSAKTREKVEAAMPELNYIPNRVAQQLAGKQ,181,227,32,20
A43Q,KPVTLYDVAEYAGVSYQTVSRVVNQASHVSAKTREKVEAAMQELNYIPNRVAQQLAGKQ,293,382,1490,1823
A43R,KPVTLYDVAEYAGVSYQTVSRVVNQASHVSAKTREKVEAAMRELNYIPNRVAQQLAGKQ,376,493,2038,2503
A43S,KPVTLYDVAEYAGVSYQTVSRVVNQASHVSAKTREKVEAAMSELNYIPNRVAQQLAGKQ,260,340,1344,1857
A43T,KPVTLYDVAEYAGVSYQTVSRVVNQASHVSAKTREKVEAAMTELNYIPNRVAQQLAGKQ,459,564,2489,3044
A43V,KPVTLYDVAEYAGVSYQTVSRVVNQASHVSAKTREKVEAAMVELNYIPNRVAQQLAGKQ,354,505,2104,2519
A43W,KPVTLYDVAEYAGVSYQTVSRVVNQASHVSAKTREKVEAAMWELNYIPNRVAQQLAGKQ,298,385,1317,1871
A43Y,KPVTLYDVAEYAGVSYQTVSRVVNQASHVSAKTREKVEAAMYELNYIPNRVAQQLAGKQ,325,447,1755,2061
E44A,KPVTLYDVAEYAGVSYQTVSRVVNQASHVSAKTREKVEAAMAALNYIPNRVAQQLAGKQ,419,557,2665,3640
E44C,KPVTLYDVAEYAGVSYQTVSRVVNQASHVSAKTREKVEAAMACLNYIPNRVAQQLAGKQ,299,385,1410,1780
E44D,KPVTLYDVAEYAGVSYQTVSRVVNQASHVSAKTREKVEAAMADLNYIPNRVAQQLAGKQ,344,467,1865,2381
E44F,KPVTLYDVAEYAGVSYQTVSRVVNQASHVSAKTREKVEAAMAFLNYIPNRVAQQLAGKQ,402,522,1098,1161
E44G,KPVTLYDVAEYAGVSYQTVSRVVNQASHVSAKTREKVEAAMAGLNYIPNRVAQQLAGKQ,258,359,1007,1349
E44H,KPVTLYDVAEYAGVSYQTVSRVVNQASHVSAKTREKVEAAMAHLNYIPNRVAQQLAGKQ,354,436,2179,2350
E44I,KPVTLYDVAEYAGVSYQTVSRVVNQASHVSAKTREKVEAAMAILNYIPNRVAQQLAGKQ,349,444,1778,2403
E44K,KPVTLYDVAEYAGVSYQTVSRVVNQASHVSAKTREKVEAAMAKLNYIPNRVAQQLAGKQ,303,370,1672,2284
E44L,KPVTLYDVAEYAGVSYQTVSRVVNQASHVSAKTREKVEAAMALLNYIPNRVAQQLAGKQ,417,540,1493,1631
E44M,KPVTLYDVAEYAGVSYQTVSRVVNQASHVSAKTREKVEAAMAMLNYIPNRVAQQLAGKQ,216,290,1167,1580
E44N,KPVTLYDVAEYAGVSYQTVSRVVNQASHVSAKTREKVEAAMANLNYIPNRVAQQLAGKQ,246,289,1149,1350
E44P,KPVTLYDVAEYAGVSYQTVSRVVNQASHVSAKTREKVEAAMAPLNYIPNRVAQQLAGKQ,297,372,8,5
E44Q,KPVTLYDVAEYAGVSYQTVSRVVNQASHVSAKTREKVEAAMAQLNYIPNRVAQQLAGKQ,506,688,2977,3418
E44R,KPVTLYDVAEYAGVSYQTVSRVVNQASHVSAKTREKVEAAMARLNYIPNRVAQQLAGKQ,324,395,1533,1986
E44S,KPVTLYDVAEYAGVSYQTVSRVVNQASHVSAKTREKVEAAMASLNYIPNRVAQQLAGKQ,352,472,1808,2537
E44T,KPVTLYDVAEYAGVSYQTVSRVVNQASHVSAKTREKVEAAMATLNYIPNRVAQQLAGKQ,283,352,1373,1891
E44V,KPVTLYDVAEYAGVSYQTVSRVVNQASHVSAKTREKVEAAMAVLNYIPNRVAQQLAGKQ,316,382,1493,2078
E44W,KPVTLYDVAEYAGVSYQTVSRVVNQASHVSAKTREKVEAAMAWLNYIPNRVAQQLAGKQ,257,345,10,31
E44Y,KPVTLYDVAEYAGVSYQTVSRVVNQASHVSAKTREKVEAAMAYLNYIPNRVAQQLAGKQ,284,346,1693,2214
L45A,KPVTLYDVAEYAGVSYQTVSRVVNQASHVSAKTREKVEAAMAEANYIPNRVAQQLAGKQ,206,267,4,19
L45C,KPVTLYDVAEYAGVSYQTVSRVVNQASHVSAKTREKVEAAMAECNYIPNRVAQQLAGKQ,328,457,130,126
L45D,KPVTLYDVAEYAGVSYQTVSRVVNQASHVSAKTREKVEAAMAEDNYIPNRVAQQLAGKQ,334,388,12,10
L45E,KPVTLYDVAEYAGVSYQTVSRVVNQASHVSAKTREKVEAAMAEENYIPNRVAQQLAGKQ,310,357,19,8
L45F,KPVTLYDVAEYAGVSYQTVSRVVNQASHVSAKTREKVEAAMAEFNYIPNRVAQQLAGKQ,171,266,17,31
L45G,KPVTLYDVAEYAGVSYQTVSRVVNQASHVSAKTREKVEAAMAEGNYIPNRVAQQLAGKQ,321,399,11,11
L45H,KPVTLYDVAEYAGVSYQTVSRVVNQASHVSAKTREKVEAAMAEHNYIPNRVAQQLAGKQ,224,281,12,5
L45I,KPVTLYDVAEYAGVSYQTVSRVVNQASHVSAKTREKVEAAMAEINYIPNRVAQQLAGKQ,272,360,212,328
L45K,KPVTLYDVAEYAGVSYQTVSRVVNQASHVSAKTREKVEAAMAEKNYIPNRVAQQLAGKQ,241,305,5,7
L45M,KPVTLYDVAEYAGVSYQTVSRVVNQASHVSAKTREKVEAAMAEMNYIPNRVAQQLAGKQ,277,386,1230,1643
L45N,KPVTLYDVAEYAGVSYQTVSRVVNQASHVSAKTREKVEAAMAENNYIPNRVAQQLAGKQ,221,267,4,7
L45P,KPVTLYDVAEYAGVSYQTVSRVVNQASHVSAKTREKVEAAMAEPNYIPNRVAQQLAGKQ,202,228,49,61
L45Q,KPVTLYDVAEYAGVSYQTVSRVVNQASHVSAKTREKVEAAMAEQNYIPNRVAQQLAGKQ,281,371,24,12
L45R,KPVTLYDVAEYAGVSYQTVSRVVNQASHVSAKTREKVEAAMAERNYIPNRVAQQLAGKQ,286,369,21,26
L45S,KPVTLYDVAEYAGVSYQTVSRVVNQASHVSAKTREKVEAAMAESNYIPNRVAQQLAGKQ,197,260,5,5
L45T,KPVTLYDVAEYAGVSYQTVSRVVNQASHVSAKTREKVEAAMAETNYIPNRVAQQLAGKQ,170,208,38,32
L45V,KPVTLYDVAEYAGVSYQTVSRVVNQASHVSAKTREKVEAAMAEVNYIPNRVAQQLAGKQ,246,283,16,17
L45W,KPVTLYDVAEYAGVSYQTVSRVVNQASHVSAKTREKVEAAMAEWNYIPNRVAQQLAGKQ,206,250,6,2
L45Y,KPVTLYDVAEYAGVSYQTVSRVVNQASHVSAKTREKVEAAMAEYNYIPNRVAQQLAGKQ,278,325,20,20
N46A,KPVTLYDVAEYAGVSYQTVSRVVNQASHVSAKTREKVEAAMAELAYIPNRVAQQLAGKQ,371,464,1998,2341
N46C,KPVTLYDVAEYAGVSYQTVSRVVNQASHVSAKTREKVEAAMAELCYIPNRVAQQLAGKQ,280,408,1740,2223
N46D,KPVTLYDVAEYAGVSYQTVSRVVNQASHVSAKTREKVEAAMAELDYIPNRVAQQLAGKQ,224,341,405,524
N46E,KPVTLYDVAEYAGVSYQTVSRVVNQASHVSAKTREKVEAAMAELEYIPNRVAQQLAGKQ,365,505,889,1405
N46F,KPVTLYDVAEYAGVSYQTVSRVVNQASHVSAKTREKVEAAMAELFYIPNRVAQQLAGKQ,238,315,30,32
N46G,KPVTLYDVAEYAGVSYQTVSRVVNQASHVSAKTREKVEAAMAELGYIPNRVAQQLAGKQ,250,324,599,844
N46H,KPVTLYDVAEYAGVSYQTVSRVVNQASHVSAKTREKVEAAMAELHYIPNRVAQQLAGKQ,313,415,1752,2063
N46I,KPVTLYDVAEYAGVSYQTVSRVVNQASHVSAKTREKVEAAMAELIYIPNRVAQQLAGKQ,148,204,16,21
N46K,KPVTLYDVAEYAGVSYQTVSRVVNQASHVSAKTREKVEAAMAELKYIPNRVAQQLAGKQ,279,375,1522,2100
N46L,KPVTLYDVAEYAGVSYQTVSRVVNQASHVSAKTREKVEAAMAELLYIPNRVAQQLAGKQ,385,530,140,171
N46M,KPVTLYDVAEYAGVSYQTVSRVVNQASHVSAKTREKVEAAMAELMYIPNRVAQQLAGKQ,286,379,1362,1531
N46P,KPVTLYDVAEYAGVSYQTVSRVVNQASHVSAKTREKVEAAMAELPYIPNRVAQQLAGKQ,225,237,5,7
N46Q,KPVTLYDVAEYAGVSYQTVSRVVNQASHVSAKTREKVEAAMAELQYIPNRVAQQLAGKQ,408,566,2689,3322
N46R,KPVTLYDVAEYAGVSYQTVSRVVNQASHVSAKTREKVEAAMAELRYIPNRVAQQLAGKQ,416,549,2659,3072
N46S,KPVTLYDVAEYAGVSYQTVSRVVNQASHVSAKTREKVEAAMAELSYIPNRVAQQLAGKQ,284,334,1585,1899
N46T,KPVTLYDVAEYAGVSYQTVSRVVNQASHVSAKTREKVEAAMAELTYIPNRVAQQLAGKQ,281,369,709,870
N46V,KPVTLYDVAEYAGVSYQTVSRVVNQASHVSAKTREKVEAAMAELVYIPNRVAQQLAGKQ,434,614,78,142
N46W,KPVTLYDVAEYAGVSYQTVSRVVNQASHVSAKTREKVEAAMAELWYIPNRVAQQLAGKQ,228,331,8,15
N46Y,KPVTLYDVAEYAGVSYQTVSRVVNQASHVSAKTREKVEAAMAELYYIPNRVAQQLAGKQ,317,383,1142,1400
Y47A,KPVTLYDVAEYAGVSYQTVSRVVNQASHVSAKTREKVEAAMAELNAIPNRVAQQLAGKQ,280,405,10,7
Y47C,KPVTLYDVAEYAGVSYQTVSRVVNQASHVSAKTREKVEAAMAELNCIPNRVAQQLAGKQ,296,368,45,48
Y47D,KPVTLYDVAEYAGVSYQTVSRVVNQASHVSAKTREKVEAAMAELNDIPNRVAQQLAGKQ,283,364,7,23
Y47E,KPVTLYDVAEYAGVSYQTVSRVVNQASHVSAKTREKVEAAMAELNEIPNRVAQQLAGKQ,297,316,9,13
Y47F,KPVTLYDVAEYAGVSYQTVSRVVNQASHVSAKTREKVEAAMAELNFIPNRVAQQLAGKQ,399,502,75,83
Y47G,KPVTLYDVAEYAGVSYQTVSRVVNQASHVSAKTREKVEAAMAELNGIPNRVAQQLAGKQ,186,260,12,12
Y47H,KPVTLYDVAEYAGVSYQTVSRVVNQASHVSAKTREKVEAAMAELNHIPNRVAQQLAGKQ,264,333,20,27
Y47I,KPVTLYDVAEYAGVSYQTVSRVVNQASHVSAKTREKVEAAMAELNIIPNRVAQQLAGKQ,274,381,21,19
Y47K,KPVTLYDVAEYAGVSYQTVSRVVNQASHVSAKTREKVEAAMAELNKIPNRVAQQLAGKQ,269,305,7,13
Y47L,KPVTLYDVAEYAGVSYQTVSRVVNQASHVSAKTREKVEAAMAELNLIPNRVAQQLAGKQ,297,405,7,17
Y47M,KPVTLYDVAEYAGVSYQTVSRVVNQASHVSAKTREKVEAAMAELNMIPNRVAQQLAGKQ,158,227,10,13
Y47N,KPVTLYDVAEYAGVSYQTVSRVVNQASHVSAKTREKVEAAMAELNNIPNRVAQQLAGKQ,188,238,11,16
Y47P,KPVTLYDVAEYAGVSYQTVSRVVNQASHVSAKTREKVEAAMAELNPIPNRVAQQLAGKQ,261,384,11,11
Y47Q,KPVTLYDVAEYAGVSYQTVSRVVNQASHVSAKTREKVEAAMAELNQIPNRVAQQLAGKQ,354,434,12,12
Y47R,KPVTLYDVAEYAGVSYQTVSRVVNQASHVSAKTREKVEAAMAELNRIPNRVAQQLAGKQ,265,343,15,7
Y47S,KPVTLYDVAEYAGVSYQTVSRVVNQASHVSAKTREKVEAAMAELNSIPNRVAQQLAGKQ,254,333,10,146
Y47T,KPVTLYDVAEYAGVSYQTVSRVVNQASHVSAKTREKVEAAMAELNTIPNRVAQQLAGKQ,219,255,6,11
Y47V,KPVTLYDVAEYAGVSYQTVSRVVNQASHVSAKTREKVEAAMAELNVIPNRVAQQLAGKQ,269,397,11,10
Y47W,KPVTLYDVAEYAGVSYQTVSRVVNQASHVSAKTREKVEAAMAELNWIPNRVAQQLAGKQ,351,478,1826,2133
I48A,KPVTLYDVAEYAGVSYQTVSRVVNQASHVSAKTREKVEAAMAELNYAPNRVAQQLAGKQ,193,212,2,8
I48C,KPVTLYDVAEYAGVSYQTVSRVVNQASHVSAKTREKVEAAMAELNYCPNRVAQQLAGKQ,259,364,11,17
I48D,KPVTLYDVAEYAGVSYQTVSRVVNQASHVSAKTREKVEAAMAELNYDPNRVAQQLAGKQ,150,199,3,9
I48E,KPVTLYDVAEYAGVSYQTVSRVVNQASHVSAKTREKVEAAMAELNYEPNRVAQQLAGKQ,263,300,12,13
I48F,KPVTLYDVAEYAGVSYQTVSRVVNQASHVSAKTREKVEAAMAELNYFPNRVAQQLAGKQ,302,371,59,83
I48G,KPVTLYDVAEYAGVSYQTVSRVVNQASHVSAKTREKVEAAMAELNYGPNRVAQQLAGKQ,236,298,8,7
I48H,KPVTLYDVAEYAGVSYQTVSRVVNQASHVSAKTREKVEAAMAELNYHPNRVAQQLAGKQ,211,255,9,6
I48K,KPVTLYDVAEYAGVSYQTVSRVVNQASHVSAKTREKVEAAMAELNYKPNRVAQQLAGKQ,251,355,15,14
I48L,KPVTLYDVAEYAGVSYQTVSRVVNQASHVSAKTREKVEAAMAELNYLPNRVAQQLAGKQ,296,361,164,209
I48M,KPVTLYDVAEYAGVSYQTVSRVVNQASHVSAKTREKVEAAMAELNYMPNRVAQQLAGKQ,428,649,288,358
I48N,KPVTLYDVAEYAGVSYQTVSRVVNQASHVSAKTREKVEAAMAELNYNPNRVAQQLAGKQ,218,275,24,27
I48P,KPVTLYDVAEYAGVSYQTVSRVVNQASHVSAKTREKVEAAMAELNYPPNRVAQQLAGKQ,300,406,16,21
I48Q,KPVTLYDVAEYAGVSYQTVSRVVNQASHVSAKTREKVEAAMAELNYQPNRVAQQLAGKQ,244,288,32,12
I48R,KPVTLYDVAEYAGVSYQTVSRVVNQASHVSAKTREKVEAAMAELNYRPNRVAQQLAGKQ,298,378,27,53
I48S,KPVTLYDVAEYAGVSYQTVSRVVNQASHVSAKTREKVEAAMAELNYSPNRVAQQLAGKQ,389,519,80,136
I48T,KPVTLYDVAEYAGVSYQTVSRVVNQASHVSAKTREKVEAAMAELNYTPNRVAQQLAGKQ,293,340,111,137
I48V,KPVTLYDVAEYAGVSYQTVSRVVNQASHVSAKTREKVEAAMAELNYVPNRVAQQLAGKQ,290,397,1125,1378
I48W,KPVTLYDVAEYAGVSYQTVSRVVNQASHVSAKTREKVEAAMAELNYWPNRVAQQLAGKQ,261,352,1,12
I48Y,KPVTLYDVAEYAGVSYQTVSRVVNQASHVSAKTREKVEAAMAELNYYPNRVAQQLAGKQ,250,345,23,34
P49A,KPVTLYDVAEYAGVSYQTVSRVVNQASHVSAKTREKVEAAMAELNYIANRVAQQLAGKQ,253,303,22,20
P49C,KPVTLYDVAEYAGVSYQTVSRVVNQASHVSAKTREKVEAAMAELNYICNRVAQQLAGKQ,289,370,3,11
P49D,KPVTLYDVAEYAGVSYQTVSRVVNQASHVSAKTREKVEAAMAELNYIDNRVAQQLAGKQ,229,289,5,5
P49E,KPVTLYDVAEYAGVSYQTVSRVVNQASHVSAKTREKVEAAMAELNYIENRVAQQLAGKQ,342,421,266,338
P49F,KPVTLYDVAEYAGVSYQTVSRVVNQASHVSAKTREKVEAAMAELNYIFNRVAQQLAGKQ,264,340,5,7
P49G,KPVTLYDVAEYAGVSYQTVSRVVNQASHVSAKTREKVEAAMAELNYIGNRVAQQLAGKQ,318,427,10,21
P49H,KPVTLYDVAEYAGVSYQTVSRVVNQASHVSAKTREKVEAAMAELNYIHNRVAQQLAGKQ,302,347,26,67
P49I,KPVTLYDVAEYAGVSYQTVSRVVNQASHVSAKTREKVEAAMAELNYIINRVAQQLAGKQ,285,369,10,9
P49K,KPVTLYDVAEYAGVSYQTVSRVVNQASHVSAKTREKVEAAMAELNYIKNRVAQQLAGKQ,273,317,2,9
P49L,KPVTLYDVAEYAGVSYQTVSRVVNQASHVSAKTREKVEAAMAELNYILNRVAQQLAGKQ,232,272,14,12
P49M,KPVTLYDVAEYAGVSYQTVSRVVNQASHVSAKTREKVEAAMAELNYIMNRVAQQLAGKQ,215,310,8,10
P49N,KPVTLYDVAEYAGVSYQTVSRVVNQASHVSAKTREKVEAAMAELNYINNRVAQQLAGKQ,231,317,15,10
P49Q,KPVTLYDVAEYAGVSYQTVSRVVNQASHVSAKTREKVEAAMAELNYIQNRVAQQLAGKQ,323,425,38,26
P49R,KPVTLYDVAEYAGVSYQTVSRVVNQASHVSAKTREKVEAAMAELNYIRNRVAQQLAGKQ,199,210,11,17
P49S,KPVTLYDVAEYAGVSYQTVSRVVNQASHVSAKTREKVEAAMAELNYISNRVAQQLAGKQ,142,186,26,30
P49T,KPVTLYDVAEYAGVSYQTVSRVVNQASHVSAKTREKVEAAMAELNYITNRVAQQLAGKQ,330,402,23,43
P49V,KPVTLYDVAEYAGVSYQTVSRVVNQASHVSAKTREKVEAAMAELNYIVNRVAQQLAGKQ,380,430,13,11
P49W,KPVTLYDVAEYAGVSYQTVSRVVNQASHVSAKTREKVEAAMAELNYIWNRVAQQLAGKQ,291,388,9,18
P49Y,KPVTLYDVAEYAGVSYQTVSRVVNQASHVSAKTREKVEAAMAELNYIYNRVAQQLAGKQ,224,276,3,12
N50A,KPVTLYDVAEYAGVSYQTVSRVVNQASHVSAKTREKVEAAMAELNYIPARVAQQLAGKQ,296,424,10,18
N50C,KPVTLYDVAEYAGVSYQTVSRVVNQASHVSAKTREKVEAAMAELNYIPCRVAQQLAGKQ,106,124,479,538
N50D,KPVTLYDVAEYAGVSYQTVSRVVNQASHVSAKTREKVEAAMAELNYIPDRVAQQLAGKQ,301,392,20,23
N50E,KPVTLYDVAEYAGVSYQTVSRVVNQASHVSAKTREKVEAAMAELNYIPERVAQQLAGKQ,276,370,6,14
N50F,KPVTLYDVAEYAGVSYQTVSRVVNQASHVSAKTREKVEAAMAELNYIPFRVAQQLAGKQ,260,292,43,46
N50G,KPVTLYDVAEYAGVSYQTVSRVVNQASHVSAKTREKVEAAMAELNYIPGRVAQQLAGKQ,137,206,8,12
N50H,KPVTLYDVAEYAGVSYQTVSRVVNQASHVSAKTREKVEAAMAELNYIPHRVAQQLAGKQ,299,409,44,84
N50I,KPVTLYDVAEYAGVSYQTVSRVVNQASHVSAKTREKVEAAMAELNYIPIRVAQQLAGKQ,189,255,14,16
N50K,KPVTLYDVAEYAGVSYQTVSRVVNQASHVSAKTREKVEAAMAELNYIPKRVAQQLAGKQ,270,351,60,106
N50L,KPVTLYDVAEYAGVSYQTVSRVVNQASHVSAKTREKVEAAMAELNYIPLRVAQQLAGKQ,259,375,19,23
N50M,KPVTLYDVAEYAGVSYQTVSRVVNQASHVSAKTREKVEAAMAELNYIPMRVAQQLAGKQ,178,221,17,19
N50P,KPVTLYDVAEYAGVSYQTVSRVVNQASHVSAKTREKVEAAMAELNYIPPRVAQQLAGKQ,239,340,21,11
N50Q,KPVTLYDVAEYAGVSYQTVSRVVNQASHVSAKTREKVEAAMAELNYIPQRVAQQLAGKQ,291,383,8,13
N50R,KPVTLYDVAEYAGVSYQTVSRVVNQASHVSAKTREKVEAAMAELNYIPRRVAQQLAGKQ,278,322,16,13
N50S,KPVTLYDVAEYAGVSYQTVSRVVNQASHVSAKTREKVEAAMAELNYIPSRVAQQLAGKQ,265,387,1198,1441
N50T,KPVTLYDVAEYAGVSYQTVSRVVNQASHVSAKTREKVEAAMAELNYIPTRVAQQLAGKQ,331,397,274,150
N50V,KPVTLYDVAEYAGVSYQTVSRVVNQASHVSAKTREKVEAAMAELNYIPVRVAQQLAGKQ,290,354,7,9
N50W,KPVTLYDVAEYAGVSYQTVSRVVNQASHVSAKTREKVEAAMAELNYIPWRVAQQLAGKQ,243,305,539,645
N50Y,KPVTLYDVAEYAGVSYQTVSRVVNQASHVSAKTREKVEAAMAELNYIPYRVAQQLAGKQ,287,343,123,136
R51A,KPVTLYDVAEYAGVSYQTVSRVVNQASHVSAKTREKVEAAMAELNYIPNAVAQQLAGKQ,276,348,1305,1481
R51C,KPVTLYDVAEYAGVSYQTVSRVVNQASHVSAKTREKVEAAMAELNYIPNCVAQQLAGKQ,349,440,67,63
R51D,KPVTLYDVAEYAGVSYQTVSRVVNQASHVSAKTREKVEAAMAELNYIPNDVAQQLAGKQ,278,322,12,9
R51E,KPVTLYDVAEYAGVSYQTVSRVVNQASHVSAKTREKVEAAMAELNYIPNEVAQQLAGKQ,393,535,26,27
R51F,KPVTLYDVAEYAGVSYQTVSRVVNQASHVSAKTREKVEAAMAELNYIPNFVAQQLAGKQ,372,427,585,717
R51G,KPVTLYDVAEYAGVSYQTVSRVVNQASHVSAKTREKVEAAMAELNYIPNGVAQQLAGKQ,387,528,81,83
R51H,KPVTLYDVAEYAGVSYQTVSRVVNQASHVSAKTREKVEAAMAELNYIPNHVAQQLAGKQ,383,469,318,337
R51I,KPVTLYDVAEYAGVSYQTVSRVVNQASHVSAKTREKVEAAMAELNYIPNIVAQQLAGKQ,373,539,191,291
R51K,KPVTLYDVAEYAGVSYQTVSRVVNQASHVSAKTREKVEAAMAELNYIPNKVAQQLAGKQ,467,614,2310,2960
R51L,KPVTLYDVAEYAGVSYQTVSRVVNQASHVSAKTREKVEAAMAELNYIPNLVAQQLAGKQ,297,378,440,564
R51M,KPVTLYDVAEYAGVSYQTVSRVVNQASHVSAKTREKVEAAMAELNYIPNMVAQQLAGKQ,286,360,370,573
R51N,KPVTLYDVAEYAGVSYQTVSRVVNQASHVSAKTREKVEAAMAELNYIPNNVAQQLAGKQ,222,282,33,59
R51P,KPVTLYDVAEYAGVSYQTVSRVVNQASHVSAKTREKVEAAMAELNYIPNPVAQQLAGKQ,357,390,54,63
R51Q,KPVTLYDVAEYAGVSYQTVSRVVNQASHVSAKTREKVEAAMAELNYIPNQVAQQLAGKQ,419,555,363,388
R51S,KPVTLYDVAEYAGVSYQTVSRVVNQASHVSAKTREKVEAAMAELNYIPNSVAQQLAGKQ,547,651,226,332
R51T,KPVTLYDVAEYAGVSYQTVSRVVNQASHVSAKTREKVEAAMAELNYIPNTVAQQLAGKQ,294,366,60,46
R51V,KPVTLYDVAEYAGVSYQTVSRVVNQASHVSAKTREKVEAAMAELNYIPNVVAQQLAGKQ,402,558,378,428
R51W,KPVTLYDVAEYAGVSYQTVSRVVNQASHVSAKTREKVEAAMAELNYIPNWVAQQLAGKQ,373,490,1494,1889
R51Y,KPVTLYDVAEYAGVSYQTVSRVVNQASHVSAKTREKVEAAMAELNYIPNYVAQQLAGKQ,373,456,261,321
V52A,KPVTLYDVAEYAGVSYQTVSRVVNQASHVSAKTREKVEAAMAELNYIPNRAAQQLAGKQ,312,475,1783,2174
V52C,KPVTLYDVAEYAGVSYQTVSRVVNQASHVSAKTREKVEAAMAELNYIPNRCAQQLAGKQ,496,609,2851,3267
V52D,KPVTLYDVAEYAGVSYQTVSRVVNQASHVSAKTREKVEAAMAELNYIPNRDAQQLAGKQ,293,371,57,93
V52E,KPVTLYDVAEYAGVSYQTVSRVVNQASHVSAKTREKVEAAMAELNYIPNREAQQLAGKQ,177,226,68,56
V52F,KPVTLYDVAEYAGVSYQTVSRVVNQASHVSAKTREKVEAAMAELNYIPNRFAQQLAGKQ,441,580,2640,3228
V52G,KPVTLYDVAEYAGVSYQTVSRVVNQASHVSAKTREKVEAAMAELNYIPNRGAQQLAGKQ,586,755,2533,2818
V52H,KPVTLYDVAEYAGVSYQTVSRVVNQASHVSAKTREKVEAAMAELNYIPNRHAQQLAGKQ,365,455,2045,2180
V52I,KPVTLYDVAEYAGVSYQTVSRVVNQASHVSAKTREKVEAAMAELNYIPNRIAQQLAGKQ,297,344,1759,1990
V52K,KPVTLYDVAEYAGVSYQTVSRVVNQASHVSAKTREKVEAAMAELNYIPNRKAQQLAGKQ,389,506,55,31
V52L,KPVTLYDVAEYAGVSYQTVSRVVNQASHVSAKTREKVEAAMAELNYIPNRLAQQLAGKQ,260,292,1530,1617
V52M,KPVTLYDVAEYAGVSYQTVSRVVNQASHVSAKTREKVEAAMAELNYIPNRMAQQLAGKQ,367,436,2053,2607
V52N,KPVTLYDVAEYAGVSYQTVSRVVNQASHVSAKTREKVEAAMAELNYIPNRNAQQLAGKQ,460,581,2954,3634
V52P,KPVTLYDVAEYAGVSYQTVSRVVNQASHVSAKTREKVEAAMAELNYIPNRPAQQLAGKQ,543,668,2847,3436
V52Q,KPVTLYDVAEYAGVSYQTVSRVVNQASHVSAKTREKVEAAMAELNYIPNRQAQQLAGKQ,529,676,2061,2834
V52R,KPVTLYDVAEYAGVSYQTVSRVVNQASHVSAKTREKVEAAMAELNYIPNRRAQQLAGKQ,295,335,64,102
V52S,KPVTLYDVAEYAGVSYQTVSRVVNQASHVSAKTREKVEAAMAELNYIPNRSAQQLAGKQ,499,598,2771,3364
V52T,KPVTLYDVAEYAGVSYQTVSRVVNQASHVSAKTREKVEAAMAELNYIPNRTAQQLAGKQ,333,467,223,329
V52W,KPVTLYDVAEYAGVSYQTVSRVVNQASHVSAKTREKVEAAMAELNYIPNRWAQQLAGKQ,223,289,1204,1269
V52Y,KPVTLYDVAEYAGVSYQTVSRVVNQASHVSAKTREKVEAAMAELNYIPNRYAQQLAGKQ,512,649,2865,3625
A53C,KPVTLYDVAEYAGVSYQTVSRVVNQASHVSAKTREKVEAAMAELNYIPNRVCQQLAGKQ,420,575,9,17
A53D,KPVTLYDVAEYAGVSYQTVSRVVNQASHVSAKTREKVEAAMAELNYIPNRVDQQLAGKQ,306,440,5,13
A53E,KPVTLYDVAEYAGVSYQTVSRVVNQASHVSAKTREKVEAAMAELNYIPNRVEQQLAGKQ,143,211,25,112
A53F,KPVTLYDVAEYAGVSYQTVSRVVNQASHVSAKTREKVEAAMAELNYIPNRVFQQLAGKQ,304,383,10,5
A53G,KPVTLYDVAEYAGVSYQTVSRVVNQASHVSAKTREKVEAAMAELNYIPNRVGQQLAGKQ,303,325,16,21
A53H,KPVTLYDVAEYAGVSYQTVSRVVNQASHVSAKTREKVEAAMAELNYIPNRVHQQLAGKQ,292,401,3,3
A53I,KPVTLYDVAEYAGVSYQTVSRVVNQASHVSAKTREKVEAAMAELNYIPNRVIQQLAGKQ,240,294,13,21
A53K,KPVTLYDVAEYAGVSYQTVSRVVNQASHVSAKTREKVEAAMAELNYIPNRVKQQLAGKQ,391,482,5,19
A53L,KPVTLYDVAEYAGVSYQTVSRVVNQASHVSAKTREKVEAAMAELNYIPNRVLQQLAGKQ,350,459,11,11
A53M,KPVTLYDVAEYAGVSYQTVSRVVNQASHVSAKTREKVEAAMAELNYIPNRVMQQLAGKQ,389,476,7,26
A53N,KPVTLYDVAEYAGVSYQTVSRVVNQASHVSAKTREKVEAAMAELNYIPNRVNQQLAGKQ,259,376,2,9
A53P,KPVTLYDVAEYAGVSYQTVSRVVNQASHVSAKTREKVEAAMAELNYIPNRVPQQLAGKQ,248,315,81,10
A53Q,KPVTLYDVAEYAGVSYQTVSRVVNQASHVSAKTREKVEAAMAELNYIPNRVQQQLAGKQ,240,304,11,10
A53R,KPVTLYDVAEYAGVSYQTVSRVVNQASHVSAKTREKVEAAMAELNYIPNRVRQQLAGKQ,386,422,8,23
A53S,KPVTLYDVAEYAGVSYQTVSRVVNQASHVSAKTREKVEAAMAELNYIPNRVSQQLAGKQ,289,344,390,16
A53T,KPVTLYDVAEYAGVSYQTVSRVVNQASHVSAKTREKVEAAMAELNYIPNRVTQQLAGKQ,394,540,311,51
A53V,KPVTLYDVAEYAGVSYQTVSRVVNQASHVSAKTREKVEAAMAELNYIPNRVVQQLAGKQ,310,419,35,30
A53W,KPVTLYDVAEYAGVSYQTVSRVVNQASHVSAKTREKVEAAMAELNYIPNRVWQQLAGKQ,262,319,3,4
A53Y,KPVTLYDVAEYAGVSYQTVSRVVNQASHVSAKTREKVEAAMAELNYIPNRVYQQLAGKQ,262,406,14,11
Q54A,KPVTLYDVAEYAGVSYQTVSRVVNQASHVSAKTREKVEAAMAELNYIPNRVAAQLAGKQ,365,445,745,977
Q54C,KPVTLYDVAEYAGVSYQTVSRVVNQASHVSAKTREKVEAAMAELNYIPNRVACQLAGKQ,214,320,11,18
Q54D,KPVTLYDVAEYAGVSYQTVSRVVNQASHVSAKTREKVEAAMAELNYIPNRVADQLAGKQ,321,435,11,20
Q54E,KPVTLYDVAEYAGVSYQTVSRVVNQASHVSAKTREKVEAAMAELNYIPNRVAEQLAGKQ,270,345,16,17
Q54F,KPVTLYDVAEYAGVSYQTVSRVVNQASHVSAKTREKVEAAMAELNYIPNRVAFQLAGKQ,310,412,5,4
Q54G,KPVTLYDVAEYAGVSYQTVSRVVNQASHVSAKTREKVEAAMAELNYIPNRVAGQLAGKQ,401,443,8,4
Q54H,KPVTLYDVAEYAGVSYQTVSRVVNQASHVSAKTREKVEAAMAELNYIPNRVAHQLAGKQ,264,373,145,147
Q54I,KPVTLYDVAEYAGVSYQTVSRVVNQASHVSAKTREKVEAAMAELNYIPNRVAIQLAGKQ,313,333,19,17
Q54K,KPVTLYDVAEYAGVSYQTVSRVVNQASHVSAKTREKVEAAMAELNYIPNRVAKQLAGKQ,351,474,37,99
Q54L,KPVTLYDVAEYAGVSYQTVSRVVNQASHVSAKTREKVEAAMAELNYIPNRVALQLAGKQ,308,426,19,20
Q54M,KPVTLYDVAEYAGVSYQTVSRVVNQASHVSAKTREKVEAAMAELNYIPNRVAMQLAGKQ,389,519,90,144
Q54N,KPVTLYDVAEYAGVSYQTVSRVVNQASHVSAKTREKVEAAMAELNYIPNRVANQLAGKQ,272,338,6,17
Q54P,KPVTLYDVAEYAGVSYQTVSRVVNQASHVSAKTREKVEAAMAELNYIPNRVAPQLAGKQ,320,414,24,55
Q54R,KPVTLYDVAEYAGVSYQTVSRVVNQASHVSAKTREKVEAAMAELNYIPNRVARQLAGKQ,293,387,612,994
Q54S,KPVTLYDVAEYAGVSYQTVSRVVNQASHVSAKTREKVEAAMAELNYIPNRVASQLAGKQ,387,476,79,98
Q54T,KPVTLYDVAEYAGVSYQTVSRVVNQASHVSAKTREKVEAAMAELNYIPNRVATQLAGKQ,317,418,12,11
Q54V,KPVTLYDVAEYAGVSYQTVSRVVNQASHVSAKTREKVEAAMAELNYIPNRVAVQLAGKQ,211,322,3,12
Q54W,KPVTLYDVAEYAGVSYQTVSRVVNQASHVSAKTREKVEAAMAELNYIPNRVAWQLAGKQ,288,391,13,11
Q54Y,KPVTLYDVAEYAGVSYQTVSRVVNQASHVSAKTREKVEAAMAELNYIPNRVAYQLAGKQ,383,436,11,11
Q55A,KPVTLYDVAEYAGVSYQTVSRVVNQASHVSAKTREKVEAAMAELNYIPNRVAQALAGKQ,334,474,1970,2221
Q55C,KPVTLYDVAEYAGVSYQTVSRVVNQASHVSAKTREKVEAAMAELNYIPNRVAQCLAGKQ,276,353,2339,2876
Q55D,KPVTLYDVAEYAGVSYQTVSRVVNQASHVSAKTREKVEAAMAELNYIPNRVAQDLAGKQ,198,259,8,8
Q55E,KPVTLYDVAEYAGVSYQTVSRVVNQASHVSAKTREKVEAAMAELNYIPNRVAQELAGKQ,257,342,51,34
Q55F,KPVTLYDVAEYAGVSYQTVSRVVNQASHVSAKTREKVEAAMAELNYIPNRVAQFLAGKQ,442,527,860,1165
Q55G,KPVTLYDVAEYAGVSYQTVSRVVNQASHVSAKTREKVEAAMAELNYIPNRVAQGLAGKQ,171,233,22,23
Q55H,KPVTLYDVAEYAGVSYQTVSRVVNQASHVSAKTREKVEAAMAELNYIPNRVAQHLAGKQ,280,342,1521,1702
Q55I,KPVTLYDVAEYAGVSYQTVSRVVNQASHVSAKTREKVEAAMAELNYIPNRVAQILAGKQ,431,524,2886,3161
Q55K,KPVTLYDVAEYAGVSYQTVSRVVNQASHVSAKTREKVEAAMAELNYIPNRVAQKLAGKQ,387,440,1801,2142
Q55L,KPVTLYDVAEYAGVSYQTVSRVVNQASHVSAKTREKVEAAMAELNYIPNRVAQLLAGKQ,290,405,1563,1992
Q55M,KPVTLYDVAEYAGVSYQTVSRVVNQASHVSAKTREKVEAAMAELNYIPNRVAQMLAGKQ,379,405,2072,2393
Q55N,KPVTLYDVAEYAGVSYQTVSRVVNQASHVSAKTREKVEAAMAELNYIPNRVAQNLAGKQ,239,297,224,268
Q55P,KPVTLYDVAEYAGVSYQTVSRVVNQASHVSAKTREKVEAAMAELNYIPNRVAQPLAGKQ,150,174,113,136
Q55R,KPVTLYDVAEYAGVSYQTVSRVVNQASHVSAKTREKVEAAMAELNYIPNRVAQRLAGKQ,230,292,1286,1426
Q55S,KPVTLYDVAEYAGVSYQTVSRVVNQASHVSAKTREKVEAAMAELNYIPNRVAQSLAGKQ,358,455,1596,1752
Q55T,KPVTLYDVAEYAGVSYQTVSRVVNQASHVSAKTREKVEAAMAELNYIPNRVAQTLAGKQ,328,430,1832,2443
Q55V,KPVTLYDVAEYAGVSYQTVSRVVNQASHVSAKTREKVEAAMAELNYIPNRVAQVLAGKQ,325,363,1529,1982
Q55W,KPVTLYDVAEYAGVSYQTVSRVVNQASHVSAKTREKVEAAMAELNYIPNRVAQWLAGKQ,369,426,95,66
Q55Y,KPVTLYDVAEYAGVSYQTVSRVVNQASHVSAKTREKVEAAMAELNYIPNRVAQYLAGKQ,226,276,186,257
L56A,KPVTLYDVAEYAGVSYQTVSRVVNQASHVSAKTREKVEAAMAELNYIPNRVAQQAAGKQ,307,417,8,17
L56C,KPVTLYDVAEYAGVSYQTVSRVVNQASHVSAKTREKVEAAMAELNYIPNRVAQQCAGKQ,283,310,3,12
L56D,KPVTLYDVAEYAGVSYQTVSRVVNQASHVSAKTREKVEAAMAELNYIPNRVAQQDAGKQ,469,611,23,17
L56E,KPVTLYDVAEYAGVSYQTVSRVVNQASHVSAKTREKVEAAMAELNYIPNRVAQQEAGKQ,366,397,17,18
L56F,KPVTLYDVAEYAGVSYQTVSRVVNQASHVSAKTREKVEAAMAELNYIPNRVAQQFAGKQ,254,328,15,11
L56G,KPVTLYDVAEYAGVSYQTVSRVVNQASHVSAKTREKVEAAMAELNYIPNRVAQQGAGKQ,423,492,10,11
L56H,KPVTLYDVAEYAGVSYQTVSRVVNQASHVSAKTREKVEAAMAELNYIPNRVAQQHAGKQ,239,306,5,11
L56I,KPVTLYDVAEYAGVSYQTVSRVVNQASHVSAKTREKVEAAMAELNYIPNRVAQQIAGKQ,228,323,10,12
L56K,KPVTLYDVAEYAGVSYQTVSRVVNQASHVSAKTREKVEAAMAELNYIPNRVAQQKAGKQ,354,444,12,20
L56M,KPVTLYDVAEYAGVSYQTVSRVVNQASHVSAKTREKVEAAMAELNYIPNRVAQQMAGKQ,294,351,63,52
L56N,KPVTLYDVAEYAGVSYQTVSRVVNQASHVSAKTREKVEAAMAELNYIPNRVAQQNAGKQ,260,350,8,23
L56P,KPVTLYDVAEYAGVSYQTVSRVVNQASHVSAKTREKVEAAMAELNYIPNRVAQQPAGKQ,320,347,92,153
L56Q,KPVTLYDVAEYAGVSYQTVSRVVNQASHVSAKTREKVEAAMAELNYIPNRVAQQQAGKQ,137,146,37,24
L56R,KPVTLYDVAEYAGVSYQTVSRVVNQASHVSAKTREKVEAAMAELNYIPNRVAQQRAGKQ,678,878,287,1281
L56S,KPVTLYDVAEYAGVSYQTVSRVVNQASHVSAKTREKVEAAMAELNYIPNRVAQQSAGKQ,291,385,6,5
L56T,KPVTLYDVAEYAGVSYQTVSRVVNQASHVSAKTREKVEAAMAELNYIPNRVAQQTAGKQ,381,378,12,24
L56V,KPVTLYDVAEYAGVSYQTVSRVVNQASHVSAKTREKVEAAMAELNYIPNRVAQQVAGKQ,274,339,9,11
L56W,KPVTLYDVAEYAGVSYQTVSRVVNQASHVSAKTREKVEAAMAELNYIPNRVAQQWAGKQ,171,238,5,12
L56Y,KPVTLYDVAEYAGVSYQTVSRVVNQASHVSAKTREKVEAAMAELNYIPNRVAQQYAGKQ,390,478,9,19
A57C,KPVTLYDVAEYAGVSYQTVSRVVNQASHVSAKTREKVEAAMAELNYIPNRVAQQLCGKQ,191,236,31,31
A57D,KPVTLYDVAEYAGVSYQTVSRVVNQASHVSAKTREKVEAAMAELNYIPNRVAQQLDGKQ,299,383,13,11
A57E,KPVTLYDVAEYAGVSYQTVSRVVNQASHVSAKTREKVEAAMAELNYIPNRVAQQLEGKQ,199,241,15,18
A57F,KPVTLYDVAEYAGVSYQTVSRVVNQASHVSAKTREKVEAAMAELNYIPNRVAQQLFGKQ,440,559,19,21
A57G,KPVTLYDVAEYAGVSYQTVSRVVNQASHVSAKTREKVEAAMAELNYIPNRVAQQLGGKQ,414,485,155,217
A57H,KPVTLYDVAEYAGVSYQTVSRVVNQASHVSAKTREKVEAAMAELNYIPNRVAQQLHGKQ,524,637,10,19
A57I,KPVTLYDVAEYAGVSYQTVSRVVNQASHVSAKTREKVEAAMAELNYIPNRVAQQLIGKQ,302,331,9,9
A57K,KPVTLYDVAEYAGVSYQTVSRVVNQASHVSAKTREKVEAAMAELNYIPNRVAQQLKGKQ,412,543,32,32
A57L,KPVTLYDVAEYAGVSYQTVSRVVNQASHVSAKTREKVEAAMAELNYIPNRVAQQLLGKQ,220,278,3,7
A57M,KPVTLYDVAEYAGVSYQTVSRVVNQASHVSAKTREKVEAAMAELNYIPNRVAQQLMGKQ,278,357,8,11
A57N,KPVTLYDVAEYAGVSYQTVSRVVNQASHVSAKTREKVEAAMAELNYIPNRVAQQLNGKQ,344,448,16,20
A57P,KPVTLYDVAEYAGVSYQTVSRVVNQASHVSAKTREKVEAAMAELNYIPNRVAQQLPGKQ,243,330,20,18
A57Q,KPVTLYDVAEYAGVSYQTVSRVVNQASHVSAKTREKVEAAMAELNYIPNRVAQQLQGKQ,375,422,10,23
A57R,KPVTLYDVAEYAGVSYQTVSRVVNQASHVSAKTREKVEAAMAELNYIPNRVAQQLRGKQ,257,271,6,20
A57S,KPVTLYDVAEYAGVSYQTVSRVVNQASHVSAKTREKVEAAMAELNYIPNRVAQQLSGKQ,248,297,45,103
A57T,KPVTLYDVAEYAGVSYQTVSRVVNQASHVSAKTREKVEAAMAELNYIPNRVAQQLTGKQ,320,370,31,29
A57V,KPVTLYDVAEYAGVSYQTVSRVVNQASHVSAKTREKVEAAMAELNYIPNRVAQQLVGKQ,359,436,84,69
A57W,KPVTLYDVAEYAGVSYQTVSRVVNQASHVSAKTREKVEAAMAELNYIPNRVAQQLWGKQ,267,309,4,11
A57Y,KPVTLYDVAEYAGVSYQTVSRVVNQASHVSAKTREKVEAAMAELNYIPNRVAQQLYGKQ,467,664,12,15
G58A,KPVTLYDVAEYAGVSYQTVSRVVNQASHVSAKTREKVEAAMAELNYIPNRVAQQLAAKQ,182,258,14,12
G58C,KPVTLYDVAEYAGVSYQTVSRVVNQASHVSAKTREKVEAAMAELNYIPNRVAQQLACKQ,287,385,35,29
G58D,KPVTLYDVAEYAGVSYQTVSRVVNQASHVSAKTREKVEAAMAELNYIPNRVAQQLADKQ,457,524,63,74
G58E,KPVTLYDVAEYAGVSYQTVSRVVNQASHVSAKTREKVEAAMAELNYIPNRVAQQLAEKQ,350,395,13,18
G58F,KPVTLYDVAEYAGVSYQTVSRVVNQASHVSAKTREKVEAAMAELNYIPNRVAQQLAFKQ,295,374,5,7
G58H,KPVTLYDVAEYAGVSYQTVSRVVNQASHVSAKTREKVEAAMAELNYIPNRVAQQLAHKQ,257,386,19,9
G58I,KPVTLYDVAEYAGVSYQTVSRVVNQASHVSAKTREKVEAAMAELNYIPNRVAQQLAIKQ,189,261,8,16
G58K,KPVTLYDVAEYAGVSYQTVSRVVNQASHVSAKTREKVEAAMAELNYIPNRVAQQLAKKQ,366,428,277,347
G58L,KPVTLYDVAEYAGVSYQTVSRVVNQASHVSAKTREKVEAAMAELNYIPNRVAQQLALKQ,215,282,6,9
G58M,KPVTLYDVAEYAGVSYQTVSRVVNQASHVSAKTREKVEAAMAELNYIPNRVAQQLAMKQ,314,423,13,29
G58N,KPVTLYDVAEYAGVSYQTVSRVVNQASHVSAKTREKVEAAMAELNYIPNRVAQQLANKQ,235,319,16,41
G58P,KPVTLYDVAEYAGVSYQTVSRVVNQASHVSAKTREKVEAAMAELNYIPNRVAQQLAPKQ,307,373,20,8
G58Q,KPVTLYDVAEYAGVSYQTVSRVVNQASHVSAKTREKVEAAMAELNYIPNRVAQQLAQKQ,374,397,26,46
G58R,KPVTLYDVAEYAGVSYQTVSRVVNQASHVSAKTREKVEAAMAELNYIPNRVAQQLARKQ,512,647,1477,1956
G58S,KPVTLYDVAEYAGVSYQTVSRVVNQASHVSAKTREKVEAAMAELNYIPNRVAQQLASKQ,291,365,112,145
G58T,KPVTLYDVAEYAGVSYQTVSRVVNQASHVSAKTREKVEAAMAELNYIPNRVAQQLATKQ,322,414,28,39
G58V,KPVTLYDVAEYAGVSYQTVSRVVNQASHVSAKTREKVEAAMAELNYIPNRVAQQLAVKQ,301,332,23,17
G58W,KPVTLYDVAEYAGVSYQTVSRVVNQASHVSAKTREKVEAAMAELNYIPNRVAQQLAWKQ,244,322,8,22
G58Y,KPVTLYDVAEYAGVSYQTVSRVVNQASHVSAKTREKVEAAMAELNYIPNRVAQQLAYKQ,284,337,14,11
K59A,KPVTLYDVAEYAGVSYQTVSRVVNQASHVSAKTREKVEAAMAELNYIPNRVAQQLAGAQ,125,136,92,75
K59C,KPVTLYDVAEYAGVSYQTVSRVVNQASHVSAKTREKVEAAMAELNYIPNRVAQQLAGCQ,125,144,16,24
K59D,KPVTLYDVAEYAGVSYQTVSRVVNQASHVSAKTREKVEAAMAELNYIPNRVAQQLAGDQ,101,153,3,0
K59E,KPVTLYDVAEYAGVSYQTVSRVVNQASHVSAKTREKVEAAMAELNYIPNRVAQQLAGEQ,220,239,26,19
K59F,KPVTLYDVAEYAGVSYQTVSRVVNQASHVSAKTREKVEAAMAELNYIPNRVAQQLAGFQ,56,84,18,30
K59G,KPVTLYDVAEYAGVSYQTVSRVVNQASHVSAKTREKVEAAMAELNYIPNRVAQQLAGGQ,56,79,6,10
K59H,KPVTLYDVAEYAGVSYQTVSRVVNQASHVSAKTREKVEAAMAELNYIPNRVAQQLAGHQ,74,106,57,65
K59I,KPVTLYDVAEYAGVSYQTVSRVVNQASHVSAKTREKVEAAMAELNYIPNRVAQQLAGIQ,81,106,3,12
K59L,KPVTLYDVAEYAGVSYQTVSRVVNQASHVSAKTREKVEAAMAELNYIPNRVAQQLAGLQ,94,155,29,21
K59M,KPVTLYDVAEYAGVSYQTVSRVVNQASHVSAKTREKVEAAMAELNYIPNRVAQQLAGMQ,111,106,17,13
K59N,KPVTLYDVAEYAGVSYQTVSRVVNQASHVSAKTREKVEAAMAELNYIPNRVAQQLAGNQ,133,160,71,110
K59P,KPVTLYDVAEYAGVSYQTVSRVVNQASHVSAKTREKVEAAMAELNYIPNRVAQQLAGPQ,108,153,7,7
K59Q,KPVTLYDVAEYAGVSYQTVSRVVNQASHVSAKTREKVEAAMAELNYIPNRVAQQLAGQQ,149,198,28,39
K59R,KPVTLYDVAEYAGVSYQTVSRVVNQASHVSAKTREKVEAAMAELNYIPNRVAQQLAGRQ,79,76,364,513
K59S,KPVTLYDVAEYAGVSYQTVSRVVNQASHVSAKTREKVEAAMAELNYIPNRVAQQLAGSQ,83,94,68,118
K59T,KPVTLYDVAEYAGVSYQTVSRVVNQASHVSAKTREKVEAAMAELNYIPNRVAQQLAGTQ,73,116,34,5
K59V,KPVTLYDVAEYAGVSYQTVSRVVNQASHVSAKTREKVEAAMAELNYIPNRVAQQLAGVQ,126,173,129,191
K59W,KPVTLYDVAEYAGVSYQTVSRVVNQASHVSAKTREKVEAAMAELNYIPNRVAQQLAGWQ,42,51,1,3
K59Y,KPVTLYDVAEYAGVSYQTVSRVVNQASHVSAKTREKVEAAMAELNYIPNRVAQQLAGYQ,141,180,14,23
Q60A,KPVTLYDVAEYAGVSYQTVSRVVNQASHVSAKTREKVEAAMAELNYIPNRVAQQLAGKA,121,159,642,876
Q60C,KPVTLYDVAEYAGVSYQTVSRVVNQASHVSAKTREKVEAAMAELNYIPNRVAQQLAGKC,176,204,876,1097
Q60D,KPVTLYDVAEYAGVSYQTVSRVVNQASHVSAKTREKVEAAMAELNYIPNRVAQQLAGKD,209,203,803,1165
Q60E,KPVTLYDVAEYAGVSYQTVSRVVNQASHVSAKTREKVEAAMAELNYIPNRVAQQLAGKE,227,291,1195,1720
Q60F,KPVTLYDVAEYAGVSYQTVSRVVNQASHVSAKTREKVEAAMAELNYIPNRVAQQLAGKF,166,237,931,1009
Q60G,KPVTLYDVAEYAGVSYQTVSRVVNQASHVSAKTREKVEAAMAELNYIPNRVAQQLAGKG,39,61,212,392
Q60H,KPVTLYDVAEYAGVSYQTVSRVVNQASHVSAKTREKVEAAMAELNYIPNRVAQQLAGKH,370,401,1648,2126
Q60I,KPVTLYDVAEYAGVSYQTVSRVVNQASHVSAKTREKVEAAMAELNYIPNRVAQQLAGKI,203,267,1226,1227
Q60K,KPVTLYDVAEYAGVSYQTVSRVVNQASHVSAKTREKVEAAMAELNYIPNRVAQQLAGKK,180,261,912,1262
Q60L,KPVTLYDVAEYAGVSYQTVSRVVNQASHVSAKTREKVEAAMAELNYIPNRVAQQLAGKL,109,165,882,1014
Q60M,KPVTLYDVAEYAGVSYQTVSRVVNQASHVSAKTREKVEAAMAELNYIPNRVAQQLAGKM,176,196,916,1227
Q60N,KPVTLYDVAEYAGVSYQTVSRVVNQASHVSAKTREKVEAAMAELNYIPNRVAQQLAGKN,283,348,1367,1692
Q60P,KPVTLYDVAEYAGVSYQTVSRVVNQASHVSAKTREKVEAAMAELNYIPNRVAQQLAGKP,115,151,702,790
Q60R,KPVTLYDVAEYAGVSYQTVSRVVNQASHVSAKTREKVEAAMAELNYIPNRVAQQLAGKR,219,225,748,956
Q60S,KPVTLYDVAEYAGVSYQTVSRVVNQASHVSAKTREKVEAAMAELNYIPNRVAQQLAGKS,133,186,522,729
Q60T,KPVTLYDVAEYAGVSYQTVSRVVNQASHVSAKTREKVEAAMAELNYIPNRVAQQLAGKT,126,158,644,596
Q60V,KPVTLYDVAEYAGVSYQTVSRVVNQASHVSAKTREKVEAAMAELNYIPNRVAQQLAGKV,66,87,311,433
Q60W,KPVTLYDVAEYAGVSYQTVSRVVNQASHVSAKTREKVEAAMAELNYIPNRVAQQLAGKW,117,128,532,698
Q60Y,KPVTLYDVAEYAGVSYQTVSRVVNQASHVSAKTREKVEAAMAELNYIPNRVAQQLAGKY,279,398,1715,2170
